PFId,AllNm,PrjCode,OPSCodeAgg,EmgAgg,AllYr,AllSrc,OrgNm,OrgTypeId,PrjTitle,AStrDt,AEndDt,PrjDur,PrgBdg,BgdDC,BdgSC,PrjSubDt,BenAgg,PrjGM,PrjStsNm,PrjStsId,PrjStsCode,PartCode,ApprDt
15,2026 - SHF Second Reserve Allocation (Scale up and expand multisectoral assistance in hyper-prioritized locations),CBPF-SUD-26-R-INGO-NSFT-39201,,,2026,1,International NGO,2,"Life-saving multi-purpose cash assistance in 9 hyper-prioritized IPC 4/5 localities in North Darfur, White Nile, North Kordofan and South Kordofan",3/20/2026 12:00:00 AM,9/19/2026 12:00:00 AM,6 Months,5000000,4672897,0,3/5/2026 12:53:25 PM,8602##28752##16569##28805,"4- Likely to contribute to gender equality, including across age groups",Implementation,6,PRJ_UND_FINAL_RPT,340544.5120,3/23/2026 9:23:15 PM
15,2026 - SHF Second Reserve Allocation (Scale up and expand multisectoral assistance in hyper-prioritized locations),CBPF-SUD-26-R-INGO-NSFT-39202,,,2026,1,International NGO,2,"Integrated Multi-Sectoral Emergency Response for IDPs and Host Communities in Tawila, Al Twisha, and Al Lait, North Darfur",3/22/2026 12:00:00 AM,9/21/2026 12:00:00 AM,6 Months,2500000,2336449,0,3/5/2026 1:11:50 PM,5990##6810##9350##7850,"4- Likely to contribute to gender equality, including across age groups",Implementation,6,PRJ_UND_FINAL_RPT,344366.9504,3/24/2026 2:32:48 PM
15,2026 - SHF Second Reserve Allocation (Scale up and expand multisectoral assistance in hyper-prioritized locations),CBPF-SUD-26-R-INGO-NSFT-39204,,,2026,1,International NGO,2,Scale-Up of Multi-Purpose Cash Assistance and Group Cash Transfers to Address Acute Multisectoral Needs in Hyper-Prioritized Locations of Sudan ,4/1/2026 12:00:00 AM,9/30/2026 12:00:00 AM,6 Months,3000000,2803738,0,3/5/2026 2:41:45 PM,9720##12626##11725##12001,"4- Likely to contribute to gender equality, including across age groups",Implementation,6,PRJ_IMPL_RPT,343932.5824,3/24/2026 5:50:42 PM
15,2026 - SHF Second Reserve Allocation (Scale up and expand multisectoral assistance in hyper-prioritized locations),CBPF-SUD-26-R-INGO-NSFT-39206,,,2026,1,International NGO,2,"MPCA assistance in hyper-prioritised localities  inter-sectoral severity localities in North Darfur, Northern State, and AJ Jazirah in Sudan. ",3/30/2026 12:00:00 AM,9/29/2026 12:00:00 AM,6 Months,7000000,6542056,0,3/5/2026 1:28:03 PM,19890##18330##20670##19110,"4- Likely to contribute to gender equality, including across age groups",Implementation,6,PRJ_UND_FINAL_RPT,333073.3824,3/26/2026 10:27:17 PM
15,2026 - SHF Second Reserve Allocation (Scale up and expand multisectoral assistance in hyper-prioritized locations),CBPF-SUD-26-R-INGO-NSFT-39209,,,2026,1,International NGO,2,Scaleup  &amp; expansion of Multi sectoral life saving assistance in hyper-prioritized locations of Sudan,3/29/2026 12:00:00 AM,9/28/2026 12:00:00 AM,6 Months,6000000,5607477,0,3/5/2026 12:32:38 PM,20692##27342##12562##13312,"4- Likely to contribute to gender equality, including across age groups",Implementation,6,PRJ_UND_FINAL_RPT,328208.4608,3/25/2026 3:21:09 PM
15,2026 - SHF Second Reserve Allocation (Scale up and expand multisectoral assistance in hyper-prioritized locations),CBPF-SUD-26-R-INGO-NSFT-39210,,,2026,1,International NGO,2,Safe and Dignified Cash-Based Assistance to Crisis-Affected Populations in Sudan's Darfur and Kordofan  ,4/1/2026 12:00:00 AM,9/30/2026 12:00:00 AM,6 Months,3000000,2803738,0,3/5/2026 1:19:57 PM,8480##9893##5088##4805,2- Unlikely to contribute to gender equality (no gender equality measure but includes age consideration),Implementation,6,PRJ_UND_FINAL_RPT,328729.7024,3/23/2026 8:38:32 PM
15,2026 - SHF Second Reserve Allocation (Scale up and expand multisectoral assistance in hyper-prioritized locations),CBPF-SUD-26-R-INGO-NSFT-39211,,,2026,1,International NGO,2,SHF Scale up  - DRC: Integrated Mine Action Response in Hyper-Prioritized Conflict-Affected Areas 2026,3/29/2026 12:00:00 AM,9/28/2026 12:00:00 AM,6 Months,2500000,2336449,0,3/5/2026 2:12:44 PM,13494##12375##26778##24469,"4- Likely to contribute to gender equality, including across age groups",Implementation,6,PRJ_UND_FINAL_RPT,336027.0848,3/26/2026 10:26:27 PM
15,2026 - SHF Second Reserve Allocation (Scale up and expand multisectoral assistance in hyper-prioritized locations),CBPF-SUD-26-R-INGO-NSFT-39215,,,2026,1,International NGO,2,Multi-sectoral cash Assistance for conflict affected Populations in Khartoum and Blue Nile (MAP),4/1/2026 12:00:00 AM,9/30/2026 12:00:00 AM,6 Months,3000000,2803738,0,3/5/2026 12:48:59 PM,11728##12706##12218##12218,"4- Likely to contribute to gender equality, including across age groups",Implementation,6,PRJ_UND_FINAL_RPT,327165.9776,3/23/2026 8:22:01 PM
15,2026 - SHF Second Reserve Allocation (Scale up and expand multisectoral assistance in hyper-prioritized locations),CBPF-SUD-26-R-INGO-NSFT-39216,,,2026,1,International NGO,2,Emergency Pipeline Support in Sudan ,4/1/2026 12:00:00 AM,9/30/2026 12:00:00 AM,6 Months,2.5E+07,2.336449E+07,0,3/5/2026 2:11:27 PM,95542##220360##215244##224036,"4- Likely to contribute to gender equality, including across age groups",Implementation,6,PRJ_IMPL_RPT,328642.8288,4/2/2026 4:37:38 PM
15,2026 - SHF Second Reserve Allocation (Scale up and expand multisectoral assistance in hyper-prioritized locations),CBPF-SUD-26-R-INGO-NSFT-39219,,,2026,1,International NGO,2,Multisectoral cash-based assistance response in Darfurs and Kordofans,4/1/2026 12:00:00 AM,9/30/2026 12:00:00 AM,6 Months,6000000,5607477,0,3/4/2026 4:02:45 PM,25181##27281##24132##28330,2- Unlikely to contribute to gender equality (no gender equality measure but includes age consideration),Implementation,6,PRJ_UND_FINAL_RPT,338112.0512,3/25/2026 3:18:02 PM
15,2026 - SHF Second Reserve Allocation (Scale up and expand multisectoral assistance in hyper-prioritized locations),CBPF-SUD-26-R-INGO-NSFT-39222,,,2026,1,International NGO,2,"Integrated lifesaving multipurpose cash assistance to save lives and promote resilience in vulnerable populations in crisis- affected communities in South Darfur, East Darfur and Blue Nile",3/18/2026 12:00:00 AM,9/17/2026 12:00:00 AM,6 Months,4000000,3738318,0,3/5/2026 3:00:04 PM,9416##11367##13034##14708,"4- Likely to contribute to gender equality, including across age groups",Implementation,6,PRJ_UND_FINAL_RPT,335853.3376,3/23/2026 8:23:03 PM
15,2026 - SHF Second Reserve Allocation (Scale up and expand multisectoral assistance in hyper-prioritized locations),CBPF-SUD-26-R-INGO-NSFT-39234,,,2026,1,International NGO,2,Scaling Up Multisectoral Cash and Protection Assistance in Hyper-Prioritised Locations of Sudan,4/1/2026 12:00:00 AM,9/30/2026 12:00:00 AM,6 Months,5500000,5140187,0,3/5/2026 1:57:25 PM,11684##13413##13050##13722,"4- Likely to contribute to gender equality, including across age groups",Implementation,6,PRJ_UND_FINAL_RPT,327079.1040,3/24/2026 5:51:19 PM
15,2026 - SHF Second Reserve Allocation (Scale up and expand multisectoral assistance in hyper-prioritized locations),CBPF-SUD-26-R-INGO-NSFT-39280,,,2026,1,International NGO,2,"Multi-sectoral Lifesaving Assistance for the Most Vulnerable People in South Kordofan, North Darfur, West Darfur, Central Darfur and South Darfur, Sud",4/1/2026 12:00:00 AM,9/30/2026 12:00:00 AM,6 Months,8000000,7476636,0,3/5/2026 12:58:30 PM,28610##34403##18460##19287,"4- Likely to contribute to gender equality, including across age groups",Implementation,6,PRJ_UND_FINAL_RPT,332030.8992,3/26/2026 10:28:02 PM
15,2026 - SHF Fourth Reserve Allocation (Sustaining Core Pipelines and Enabling Services through the Second US Contribution to the Sudan Humanitarian Fund),CBPF-SUD-26-R-INGO-NSFT-40984,,,2026,1,International NGO,2,Strengthening the WASH Core Pipeline to rapidly provide WASH services and supplies to crisis affected populations across Darfur and West Kordofan,10/1/2026 12:00:00 AM,8/30/2027 12:00:00 AM,"10 Months, 30 Days",6000000,5660378,0,8/17/2026 9:56:55 PM,95001##100000##149999##155000,"4- Likely to contribute to gender equality, including across age groups",Technical Review,3,PRJ_BUDGET_CLR,357745.4848,1/1/0001 12:00:00 AM
15,2026 - SHF Fourth Reserve Allocation (Sustaining Core Pipelines and Enabling Services through the Second US Contribution to the Sudan Humanitarian Fund),CBPF-SUD-26-R-INGO-NSFT-40988,,,2026,1,International NGO,2,Emergency Pipeline Support in Sudan II,10/2/2026 12:00:00 AM,8/31/2027 12:00:00 AM,"10 Months, 30 Days",1.4E+07,1.308411E+07,0,8/17/2026 7:43:36 PM,195137##220591##212106##220591,"4- Likely to contribute to gender equality, including across age groups",Technical Review,3,PRJ_BUDGET_CLR,328642.8288,1/1/0001 12:00:00 AM
15,2026 - SHF Second Reserve Allocation (Scale up and expand multisectoral assistance in hyper-prioritized locations),CBPF-SUD-26-R-UN-NSFT-39208,,,2026,1,UN Agency,3,"Rapid Life-Saving Shelter/NFI, Cash and Protection Assistance in Sudan",3/16/2026 12:00:00 AM,9/15/2026 12:00:00 AM,6 Months,1.5E+07,1.408451E+07,0,3/5/2026 12:11:33 PM,55509##62006##47321##47842,"4- Likely to contribute to gender equality, including across age groups",Implementation,6,PRJ_UND_FINAL_RPT,334810.8544,3/27/2026 2:45:08 PM
15,2026 - SHF Second Reserve Allocation (Scale up and expand multisectoral assistance in hyper-prioritized locations),CBPF-SUD-26-R-UN-NSFT-39213,,,2026,1,UN Agency,3,"Procurement and distribution of health, nutrition and WASH supplies to reach the most vulnerable children and families in 84 hyper-prioritized localities in Sudan with lifesaving assistance. ",4/1/2026 12:00:00 AM,9/30/2026 12:00:00 AM,6 Months,3E+07,2.803738E+07,0,3/5/2026 2:37:39 PM,674450##786910##697976##760767,"3- Likely to contribute to gender equality, but without attention to age groups",Implementation,6,PRJ_UND_FINAL_RPT,334897.7280,3/23/2026 8:24:08 PM
15,2026 - SHF Second Reserve Allocation (Scale up and expand multisectoral assistance in hyper-prioritized locations),CBPF-SUD-26-R-UN-NSFT-39218,,,2026,1,UN Agency,3,Emergency Multisectoral Assistance for Newly Displaced and Vulnerable Populations in Hyper-Prioritized High-Risk Conflict Areas,3/31/2026 12:00:00 AM,12/30/2026 12:00:00 AM,9 Months,1.7E+07,1.588785E+07,0,3/4/2026 2:54:31 PM,108039##124601##84068##78864,"4- Likely to contribute to gender equality, including across age groups",Implementation,6,PRJ_IMPL_RPT,330293.4272,4/1/2026 3:11:23 PM
15,2026 - SHF Second Reserve Allocation (Scale up and expand multisectoral assistance in hyper-prioritized locations),CBPF-SUD-26-R-UN-NSFT-39225,,,2026,1,UN Agency,3,Scaling up security support to enable essential UN programme delivery and protection activities in North Darfur and the Kordofans,4/1/2026 12:00:00 AM,9/30/2026 12:00:00 AM,6 Months,500000,467289.8,0,3/5/2026 12:42:37 PM,496##504##0##0,1- Unlikely to contribute to gender equality (no gender equality measure and no age consideration),Implementation,6,PRJ_UND_FINAL_RPT,334550.2336,4/2/2026 4:38:20 PM
15,2026 - SHF Second Reserve Allocation (Scale up and expand multisectoral assistance in hyper-prioritized locations),CBPF-SUD-26-R-UN-NSFT-39284,,,2026,1,UN Agency,3,Emergency Food Assistance and Common Logistics Services for Highly Food-Insecure Communities in Hyper-Prioritized Inter-Cluster Priority Localities,4/1/2026 12:00:00 AM,9/30/2026 12:00:00 AM,6 Months,5.15E+07,4.835681E+07,0,3/5/2026 1:43:28 PM,317210##475818##396513##396513,"4- Likely to contribute to gender equality, including across age groups",Implementation,6,PRJ_UND_FINAL_RPT,335505.8432,4/1/2026 3:10:40 PM
15,2026 - SHF Fourth Reserve Allocation (Sustaining Core Pipelines and Enabling Services through the Second US Contribution to the Sudan Humanitarian Fund),CBPF-SUD-26-R-UN-NSFT-40982,,,2026,1,UN Agency,3,Saving Lives and Protecting Livelihoods through Livestock Vaccinations in Sudan,9/10/2026 12:00:00 AM,8/31/2027 12:00:00 AM,11 Months 22 Days,4000000,3738318,0,8/17/2026 3:09:14 PM,375875##375875##250584##250584,"4- Likely to contribute to gender equality, including across age groups",Disbursement,5,PRJ_IP_CNT_SIG,329250.9440,1/1/0001 12:00:00 AM
15,2026 - SHF Fourth Reserve Allocation (Sustaining Core Pipelines and Enabling Services through the Second US Contribution to the Sudan Humanitarian Fund),CBPF-SUD-26-R-UN-NSFT-40996,,,2026,1,UN Agency,3,Emergency Food Assistance for Highly Food-Insecure Communities in Hyper-Prioritized Inter-Cluster Priority Localities - Tranche 2,9/17/2026 12:00:00 AM,8/30/2027 12:00:00 AM,11 Months 14 Days,5.5E+07,5.140187E+07,0,8/19/2026 12:17:22 PM,329480##417173##418220##471320,"4- Likely to contribute to gender equality, including across age groups",Disbursement,5,PRJ_IP_CNT_SIG,335505.8432,1/1/0001 12:00:00 AM
15,2026 - SHF Fourth Reserve Allocation (Sustaining Core Pipelines and Enabling Services through the Second US Contribution to the Sudan Humanitarian Fund),CBPF-SUD-26-R-UN-NSFT-41037,,,2026,1,UN Agency,3,ILSS — Integrated Life-Saving Supplies: Cholera Prevention and WASH Response in Sudan,10/1/2026 12:00:00 AM,8/30/2027 12:00:00 AM,10 Months 30 Days,2.1E+07,1.962617E+07,0,8/18/2026 7:52:35 PM,810763##821193##785594##768234,"3- Likely to contribute to gender equality, but without attention to age groups",Disbursement,5,PRJ_IP_CNT_SIG,334897.7280,1/1/0001 12:00:00 AM
17,[RA2-2026 US] Réponse humanitaire multisectorielle vitales dans 17 sous-préfectures de République Centrafricaine en sévérité intersectorielle 4,CBPF-CAR-26-R-INGO-NSFT-41339,,,2026,1,DanChurchAid,2,Appui multisectoriel vitale pour les ménages vulnérables dans les Sous‑Préfectures de Bria et Yalinga,10/1/2026 12:00:00 AM,8/31/2027 12:00:00 AM,11 Months,3895687,3640829,0,9/9/2026 12:40:53 PM,19855##22093##17029##19012,"4- Likely to contribute to gender equality, including across age groups",Submission of Proposal,1,,343811.7738,1/1/0001 12:00:00 AM
17,[RA2-2026 US] Réponse humanitaire multisectorielle vitales dans 17 sous-préfectures de République Centrafricaine en sévérité intersectorielle 4,CBPF-CAR-26-R-INGO-NSFT-41341,,,2026,1,Médecins du Monde France,2,"Réponse humanitaire multisectorielle d’urgence au profit des populations vulnérables, déplacées et ou refugiées affectées par les crises sécuritaires dans les quatre Sous-Préfectures de Ouham Fafa",10/1/2026 12:00:00 AM,8/31/2027 12:00:00 AM,11 Months,7421125,6935631,0,9/9/2026 5:59:37 AM,7180##45721##27740##26099,"4- Likely to contribute to gender equality, including across age groups",Submission of Proposal,1,,335125.7712,1/1/0001 12:00:00 AM
17,[RA2-2026 US] Réponse humanitaire multisectorielle vitales dans 17 sous-préfectures de République Centrafricaine en sévérité intersectorielle 4,CBPF-CAR-26-R-INGO-NSFT-41394,,,2026,1,ACT Alliance / Finn Church Aid,2,"Réponse multisectorielle d’urgence en sécurité alimentaire, santé, nutrition, EHA et protection des communautés vulnérables à Bossangoa, Nangha Boguila et Paoua.",10/1/2026 12:00:00 AM,8/31/2027 12:00:00 AM,11 Months,5000000,4672897,0,9/11/2026 7:46:06 AM,12800##17250##22977##27355,"4- Likely to contribute to gender equality, including across age groups",Submission of Proposal,1,,334576.0242,1/1/0001 12:00:00 AM
17,[RA2-2026 US] Réponse humanitaire multisectorielle vitales dans 17 sous-préfectures de République Centrafricaine en sévérité intersectorielle 4,CBPF-CAR-26-R-INGO-NSFT-41434,,,2026,1,Global Social Action,2,"Réponse multisectorielle dans la sous préfecture de Bouca , préfecture de l'Ouham FAFA en RCA",10/1/2026 12:00:00 AM,9/30/2027 12:00:00 AM,12 Months,3340111,3121599,0,9/8/2026 11:41:05 AM,4434##5710##4991##5839,"3- Likely to contribute to gender equality, but without attention to age groups",Submission of Proposal,1,,456619.8582,1/1/0001 12:00:00 AM
17,[RA2-2026 US] Réponse humanitaire multisectorielle vitales dans 17 sous-préfectures de République Centrafricaine en sévérité intersectorielle 4,CBPF-CAR-26-R-INGO-NSFT-41444,,,2026,1,Cooperazione Internazionale - COOPI,2,Réponse d'urgence multisectorielle intégrée dans le Haut-Mbomou (Zémio; Obo ; Bambouti),9/2/2026 12:00:00 AM,9/1/2027 12:00:00 AM,12 Months,3689501,3448132,0,9/10/2026 3:47:29 PM,21957##24252##15429##12811,"4- Likely to contribute to gender equality, including across age groups",Submission of Proposal,1,,336445.1640,1/1/0001 12:00:00 AM
17,[RA2-2026 US] Réponse humanitaire multisectorielle vitales dans 17 sous-préfectures de République Centrafricaine en sévérité intersectorielle 4,CBPF-CAR-26-R-INGO-NSFT-41471,,,2026,1,Catholic Relief Services,2,"OASIS : Ouham-Fafa - Actions intégrées pour la Sécurité alimentaire, l'Inclusion et les Services essentiels",10/15/2026 12:00:00 AM,7/14/2027 12:00:00 AM,9 Months,4971013,4645806,0,9/11/2026 10:02:21 AM,9173##9177##13763##13763,1- Unlikely to contribute to gender equality (no gender equality measure and no age consideration),Submission of Proposal,1,,337324.7592,1/1/0001 12:00:00 AM
17,[RA2-2026 US] Réponse humanitaire multisectorielle vitales dans 17 sous-préfectures de République Centrafricaine en sévérité intersectorielle 4,CBPF-CAR-26-R-INGO-NSFT-41477,,,2026,1,Welthungerhilfe,2,Réponse multisectorielle intégrée et vitale aux besoins des populations affectées par les crises dans la Préfecture de la Vakaga.,10/1/2026 12:00:00 AM,8/31/2027 12:00:00 AM,11 Months,3956670,3697822,0,9/10/2026 4:29:34 PM,15047##30976##17151##23527,"4- Likely to contribute to gender equality, including across age groups",Submission of Proposal,1,,456290.0100,1/1/0001 12:00:00 AM
17,[RA2-2026 US] Réponse humanitaire multisectorielle vitales dans 17 sous-préfectures de République Centrafricaine en sévérité intersectorielle 4,CBPF-CAR-26-R-INGO-NSFT-41486,,,2026,1,Agency for Technical Cooperation and Development,2,Assistance multisectorielle d’urgence pour répondre aux besoins vitaux des communautés de Alindao et Bengassou affectées par les chocs et les déplacem,10/1/2026 12:00:00 AM,9/30/2027 12:00:00 AM,12 Months,4011547,3749110,0,9/11/2026 8:59:01 AM,8057##8553##10305##10977,,Submission of Proposal,1,,334466.0748,1/1/0001 12:00:00 AM
17,[RA2-2026 US] Réponse humanitaire multisectorielle vitales dans 17 sous-préfectures de République Centrafricaine en sévérité intersectorielle 4,CBPF-CAR-26-R-INGO-NSFT-41488,,,2026,1,World Vision International,2,Réponse vitale multisectorielle intégrée à Alindao et Bangassou,10/1/2026 12:00:00 AM,8/31/2027 12:00:00 AM,11 Months,4011549,3749112,0,9/10/2026 11:59:00 PM,15371##17798##32997##35934,"4- Likely to contribute to gender equality, including across age groups",Submission of Proposal,1,,333476.5302,1/1/0001 12:00:00 AM
17,[RA2-2026 US] Réponse humanitaire multisectorielle vitales dans 17 sous-préfectures de République Centrafricaine en sévérité intersectorielle 4,CBPF-CAR-26-R-INGO-NSFT-41493,,,2026,1,DanChurchAid,2,Approche mobile d’éducation aux risques liés aux engins explosifs,10/1/2026 12:00:00 AM,8/31/2027 12:00:00 AM,11 Months,356412.2,333095.5,0,9/11/2026 7:49:37 AM,10291##1771##4792##888,"4- Likely to contribute to gender equality, including across age groups",Submission of Proposal,1,,343811.7738,1/1/0001 12:00:00 AM
17,[RA2-2026 US] Réponse humanitaire multisectorielle vitales dans 17 sous-préfectures de République Centrafricaine en sévérité intersectorielle 4,CBPF-CAR-26-R-INGO-NSFT-41550,,,2026,1,Plan International,2, Consortium Zone 1 – Lead PAM – Assistance multisectorielle vitale - Projet de lutte contre violences basées sur le genre.,10/1/2026 12:00:00 AM,8/31/2027 12:00:00 AM,11 Months,814656,761360.8,0,9/11/2026 10:48:39 AM,54##4374##0##3632,,Submission of Proposal,1,,335675.5182,1/1/0001 12:00:00 AM
17,[RA2-2026 US] Réponse humanitaire multisectorielle vitales dans 17 sous-préfectures de République Centrafricaine en sévérité intersectorielle 4,CBPF-CAR-26-R-INGO-NSFT-41556,,,2026,1,International Rescue Committee,2,"Consortium zone 3 – lead HCR - Assistance multisectorielle vitale - Réponse humanitaire VBG à Birao, Andofock et Ouandja",10/1/2026 12:00:00 AM,8/31/2027 12:00:00 AM,11 Months,475216,444127.1,0,9/11/2026 7:51:41 AM,2359##2753##2163##2556,"4- Likely to contribute to gender equality, including across age groups",Submission of Proposal,1,,334905.8724,1/1/0001 12:00:00 AM
17,[RA2-2026 US] Réponse humanitaire multisectorielle vitales dans 17 sous-préfectures de République Centrafricaine en sévérité intersectorielle 4,CBPF-CAR-26-R-NGO-NSFT-41351,,,2026,1,Groupement Agro-pastoral pour le Développement de Yongoro,1,"Renforcement de la redevabilité envers les populations affectées, de la participation communautaire et la prévention de PSEA dans 17 sous-préfectures",10/1/2026 12:00:00 AM,8/31/2027 12:00:00 AM,11 Months,1200000,1121495,0,9/8/2026 11:33:09 AM,54000##84500##54000##61000,,Submission of Proposal,1,,1211532.4386,1/1/0001 12:00:00 AM
17,[RA2-2026 US] Réponse humanitaire multisectorielle vitales dans 17 sous-préfectures de République Centrafricaine en sévérité intersectorielle 4,CBPF-CAR-26-R-NGO-NSFT-41379,,,2026,1,African Relief Service,1,"Consortium ARS-IRC-COHEB: Réponse humanitaire localisée multisectorielle et intégrée (Santé, nutrition, sécurité alimentaire EHA, Protection et VBG) à Birao, Amdafock et Ouandja (RCA).",10/1/2026 12:00:00 AM,8/31/2027 12:00:00 AM,11 Months,3048197,2848782,0,9/11/2026 9:28:24 AM,6851##8153##7910##9514,"4- Likely to contribute to gender equality, including across age groups",Submission of Proposal,1,,343921.7232,1/1/0001 12:00:00 AM
17,[RA2-2026 US] Réponse humanitaire multisectorielle vitales dans 17 sous-préfectures de République Centrafricaine en sévérité intersectorielle 4,CBPF-CAR-26-R-NGO-NSFT-41407,,,2026,1,Cinéma Numérique Ambulant centrafrique,1,"Réponse humanitaire multisectorielle en protection, PEAS, Inclusion communautaire et la redevabilité dans les 17 sous-préfecture de la RCA",10/1/2026 12:00:00 AM,8/31/2027 12:00:00 AM,11 Months,1199395,1120930,0,9/9/2026 10:19:29 PM,65599##72675##66823##71478,,Submission of Proposal,1,,1211312.5398,1/1/0001 12:00:00 AM
17,[RA2-2026 US] Réponse humanitaire multisectorielle vitales dans 17 sous-préfectures de République Centrafricaine en sévérité intersectorielle 4,CBPF-CAR-26-R-NGO-NSFT-41441,,,2026,1,Coopérative Action pour le Developpement,1,PROJET MULTISECTORIEL D'ASSISTANCE HUMANITAIRE INTEGREE À ALINDAO ET BANGASSOU(PMAHIAB),9/1/2026 12:00:00 AM,2/28/2027 12:00:00 AM,6 Months,3768437,3521904,0,9/8/2026 10:22:08 PM,7200##7800##7500##7500,"4- Likely to contribute to gender equality, including across age groups",Submission of Proposal,1,,1229564.1402,1/1/0001 12:00:00 AM
17,[RA2-2026 US] Réponse humanitaire multisectorielle vitales dans 17 sous-préfectures de République Centrafricaine en sévérité intersectorielle 4,CBPF-CAR-26-R-NGO-NSFT-41456,,,2026,1,Association des Femmes pour la Promotion de l'Entreprenariat,1,Réponse intégrée  et complémentaire des personnes victimes de VBG et l'amélioration de la situation des enfants affectés par les chocs à Sido.,10/1/2026 12:00:00 AM,6/30/2027 12:00:00 AM,9 Months,604731.9,565170,0,9/9/2026 11:03:07 AM,1500##2734##1368##1918,2- Unlikely to contribute to gender equality (no gender equality measure but includes age consideration),Submission of Proposal,1,,333146.6820,1/1/0001 12:00:00 AM
17,[RA2-2026 US] Réponse humanitaire multisectorielle vitales dans 17 sous-préfectures de République Centrafricaine en sévérité intersectorielle 4,CBPF-CAR-26-R-NGO-NSFT-41469,,,2026,1,Action pour la Population et le Développement Durable,1,"Réponse humanitaire multisectorielle d'urgence dans les sous-préfectures de Nanga-Boguila, Paoua et Bossangoa",10/1/2026 12:00:00 AM,8/31/2027 12:00:00 AM,11 Months,3003681,2807178,0,9/11/2026 4:28:49 PM,1000##21300##18520##4030,"3- Likely to contribute to gender equality, but without attention to age groups",Submission of Proposal,1,,343262.0268,1/1/0001 12:00:00 AM
17,[RA2-2026 US] Réponse humanitaire multisectorielle vitales dans 17 sous-préfectures de République Centrafricaine en sévérité intersectorielle 4,CBPF-CAR-26-R-NGO-NSFT-41483,,,2026,1,JUPEDEC (United Youth for the Protection of the Environment and Community Development),1,Réponse multisectorielle vitale intégrée en faveur des populations affectées par les chocs dans les sous-préfectures d'Alindao et de Zémio,11/1/2026 12:00:00 AM,8/31/2027 12:00:00 AM,10 Months,1523974,1424275,0,9/10/2026 9:50:17 PM,6756##9072##8726##9246,"4- Likely to contribute to gender equality, including across age groups",Submission of Proposal,1,,332377.0362,1/1/0001 12:00:00 AM
17,[RA2-2026 US] Réponse humanitaire multisectorielle vitales dans 17 sous-préfectures de République Centrafricaine en sévérité intersectorielle 4,CBPF-CAR-26-R-NGO-NSFT-41532,,,2026,1,Association des Femmes pour la Promotion de l'Entreprenariat,1,"Consortium Zone 4-Lead FAO -Projet multisectoriel. Réponse multisectorielle d’urgence visant à sauver des vies, restaurer les moyens d’existence et renforcer la résilience des populations vulnérables",10/1/2026 12:00:00 AM,8/31/2027 12:00:00 AM,11 Months,924973,864460.8,0,9/10/2026 10:31:29 AM,8130##8455##7400##8131,2- Unlikely to contribute to gender equality (no gender equality measure but includes age consideration),Submission of Proposal,1,,333146.6820,1/1/0001 12:00:00 AM
17,[RA2-2026 US] Réponse humanitaire multisectorielle vitales dans 17 sous-préfectures de République Centrafricaine en sévérité intersectorielle 4,CBPF-CAR-26-R-NGO-NSFT-41569,,,2026,1,Initiative Développement Centrafrique,1,Réponse humanitaire intégrée pour renforcer l’accès aux services essentiels et à la protection des populations affectées par les crises dans la Zone 5,10/5/2026 12:00:00 AM,9/4/2027 12:00:00 AM,11 Months,641176.8,599230.6,0,9/11/2026 10:41:59 AM,3990##5000##6955##7390,,Submission of Proposal,1,,1207464.3108,1/1/0001 12:00:00 AM
17,[RA2-2026 US] Réponse humanitaire multisectorielle vitales dans 17 sous-préfectures de République Centrafricaine en sévérité intersectorielle 4,CBPF-CAR-26-R-UN-NSFT-41392,,,2026,1,Food and Agriculture Organization of the United Nations,3,"Consortium Zone 4-Lead FAO -Projet multisectoriel.  Réponse multisectorielle d’urgence visant à sauver des vies, restaurer les moyens d’existence et renforcer la résilience des populations vulnérables",10/1/2026 12:00:00 AM,8/31/2027 12:00:00 AM,11 Months,1872094,1749621,0,9/11/2026 8:35:45 AM,5989##6228##5989##5989,2- Unlikely to contribute to gender equality (no gender equality measure but includes age consideration),Submission of Proposal,1,,336775.0122,1/1/0001 12:00:00 AM
17,[RA2-2026 US] Réponse humanitaire multisectorielle vitales dans 17 sous-préfectures de République Centrafricaine en sévérité intersectorielle 4,CBPF-CAR-26-R-UN-NSFT-41484,,,2026,1,United Nations High Commissioner for Refugees,3,"Consortium zone 3 – lead HCR - Assistance multisectorielle vitale - Projet Protection, enregistrement et distribution des kits d'articles non alimentaires",10/1/2026 12:00:00 AM,8/31/2027 12:00:00 AM,11 Months,1235799,1160375,0,9/11/2026 8:43:51 AM,4822##8691##3842##3245,"4- Likely to contribute to gender equality, including across age groups",Submission of Proposal,1,,338644.1520,1/1/0001 12:00:00 AM
17,[RA2-2026 US] Réponse humanitaire multisectorielle vitales dans 17 sous-préfectures de République Centrafricaine en sévérité intersectorielle 4,CBPF-CAR-26-R-UN-NSFT-41496,,,2026,1,United Nations High Commissioner for Refugees,3,"Consortium zone 1 – lead PAM - Projet Protection, enregistrement et distribution des kits d'articles non alimentaires",10/1/2026 12:00:00 AM,8/31/2027 12:00:00 AM,11 Months,1227059,1152168,0,9/11/2026 10:10:22 AM,3935##6953##2578##2368,"4- Likely to contribute to gender equality, including across age groups",Submission of Proposal,1,,338644.1520,1/1/0001 12:00:00 AM
17,[RA2-2026 US] Réponse humanitaire multisectorielle vitales dans 17 sous-préfectures de République Centrafricaine en sévérité intersectorielle 4,CBPF-CAR-26-R-UN-NSFT-41502,,,2026,1,International Organization for Migration,3,"Assistance intégrée en abris d’urgence, articles non alimentaires (NFI), WASH et santé pour sauver des vies et répondre aux besoins essentiels des populations affectées par les déplacement en RCA",10/1/2026 12:00:00 AM,8/31/2027 12:00:00 AM,11 Months,4734809,4425055,0,9/11/2026 7:20:56 AM,3969##4131##3381##3519,"4- Likely to contribute to gender equality, including across age groups",Submission of Proposal,1,,334795.9230,1/1/0001 12:00:00 AM
17,[RA2-2026 US] Réponse humanitaire multisectorielle vitales dans 17 sous-préfectures de République Centrafricaine en sévérité intersectorielle 4,CBPF-CAR-26-R-UN-NSFT-41518,,,2026,1,World Food Programme,3,Consortium Zone 2 - Lead UNICEF - Assistance multisectorielle vitale - Projet de transfert d'espèces à usages multiples et de transferts d'espèces pour l'achat de vivres,10/1/2026 12:00:00 AM,8/31/2027 12:00:00 AM,11 Months,4256705,3978229,0,9/11/2026 10:30:02 AM,8332##9509##6710##7249,"4- Likely to contribute to gender equality, including across age groups",Submission of Proposal,1,,335015.8218,1/1/0001 12:00:00 AM
17,[RA2-2026 US] Réponse humanitaire multisectorielle vitales dans 17 sous-préfectures de République Centrafricaine en sévérité intersectorielle 4,CBPF-CAR-26-R-UN-NSFT-41519,,,2026,1,World Food Programme,3,Consortium zone 3 - Lead HCR - Assistance multisectorielle vitale - Assistance alimentaire d'urgence à travers les transferts d'espece et de vivres. ,10/1/2026 12:00:00 AM,8/31/2027 12:00:00 AM,11 Months,1.207485E+07,1.128491E+07,0,9/11/2026 10:09:57 AM,16585##18926##13356##14433,"4- Likely to contribute to gender equality, including across age groups",Submission of Proposal,1,,335015.8218,1/1/0001 12:00:00 AM
17,[RA2-2026 US] Réponse humanitaire multisectorielle vitales dans 17 sous-préfectures de République Centrafricaine en sévérité intersectorielle 4,CBPF-CAR-26-R-UN-NSFT-41520,,,2026,1,World Food Programme,3,Consortium Zone 4 – Lead FAO – Assistance multisectorielle vitale - Projet de transfert d'espèces,10/1/2026 12:00:00 AM,8/31/2027 12:00:00 AM,11 Months,600852.4,561544.3,0,9/11/2026 10:07:04 AM,1138##1299##915##989,"4- Likely to contribute to gender equality, including across age groups",Submission of Proposal,1,,335015.8218,1/1/0001 12:00:00 AM
17,[RA2-2026 US] Réponse humanitaire multisectorielle vitales dans 17 sous-préfectures de République Centrafricaine en sévérité intersectorielle 4,CBPF-CAR-26-R-UN-NSFT-41523,,,2026,1,Food and Agriculture Organization of the United Nations,3,Consortium Zone 1 – Lead PAM– Projet sécurité alimentaire:   Réponse d'urgence pour restaurer la sécurité alimentaire et renforcer la résilience par un appui à la production agricole et animale,10/1/2026 12:00:00 AM,8/31/2027 12:00:00 AM,11 Months,679336.9,634894.3,0,9/11/2026 9:24:41 AM,9432##10764##7596##8208,2- Unlikely to contribute to gender equality (no gender equality measure but includes age consideration),Submission of Proposal,1,,336775.0122,1/1/0001 12:00:00 AM
17,[RA2-2026 US] Réponse humanitaire multisectorielle vitales dans 17 sous-préfectures de République Centrafricaine en sévérité intersectorielle 4,CBPF-CAR-26-R-UN-NSFT-41531,,,2026,1,Food and Agriculture Organization of the United Nations,3,Consortium Zone 3 – lead HCR -Projet sécurité alimentaire:    Réponse d'urgence pour restaurer la sécurité alimentaire et renforcer la résilience par un appui à la production agricole et animale  ,10/1/2026 12:00:00 AM,8/31/2027 12:00:00 AM,11 Months,794022.3,742076.9,0,9/11/2026 8:30:26 AM,5914##6151##5913##5914,2- Unlikely to contribute to gender equality (no gender equality measure but includes age consideration),Submission of Proposal,1,,336775.0122,1/1/0001 12:00:00 AM
17,[RA2-2026 US] Réponse humanitaire multisectorielle vitales dans 17 sous-préfectures de République Centrafricaine en sévérité intersectorielle 4,CBPF-CAR-26-R-UN-NSFT-41536,,,2026,1,World Food Programme,3,Consortium zone 1 – Lead PAM – Assistance multisectorielle vitale – Projet de transfert d'espèces à usages multiples et de transfert d'espèces pour l'achat de vivres,10/1/2026 12:00:00 AM,8/31/2027 12:00:00 AM,11 Months,6212787,5806343,0,9/11/2026 10:20:34 AM,9320##10606##7486##8088,"4- Likely to contribute to gender equality, including across age groups",Submission of Proposal,1,,335015.8218,1/1/0001 12:00:00 AM
17,[RA2-2026 US] Réponse humanitaire multisectorielle vitales dans 17 sous-préfectures de République Centrafricaine en sévérité intersectorielle 4,CBPF-CAR-26-R-UN-NSFT-41555,,,2026,1,United Nations Children's Fund,3,"Réponse humanitaire intégrée et multisectorielle aux besoins vitaux des enfants, adolescents, femmes et communautés affectés par les crises dans le corridor Paoua, Nangha Boguila, Bossangoa en RCA",10/1/2026 12:00:00 AM,8/31/2027 12:00:00 AM,11 Months,1650279,1542316,0,9/11/2026 10:56:00 AM,2670##4211##15828##16791,"4- Likely to contribute to gender equality, including across age groups",Submission of Proposal,1,,334685.9736,1/1/0001 12:00:00 AM
17,[RA2-2026 US] Réponse humanitaire multisectorielle vitales dans 17 sous-préfectures de République Centrafricaine en sévérité intersectorielle 4,CBPF-CAR-26-R-UN-NSFT-41565,,,2026,1,United Nations Children's Fund,3,"Réponse humanitaire intégrée et multisectorielle aux besoins vitaux des enfants, adolescents, femmes et communautés affectés par les crises dans le corridor Bouca- Batangafo- Kabo- Sido en RCA",10/1/2026 12:00:00 AM,8/31/2027 12:00:00 AM,11 Months,2351513,2197676,0,9/11/2026 10:55:11 AM,6997##8194##21453##23426,,Submission of Proposal,1,,334685.9736,1/1/0001 12:00:00 AM
17,[RA2-2026 US] Réponse humanitaire multisectorielle vitales dans 17 sous-préfectures de République Centrafricaine en sévérité intersectorielle 4,CBPF-CAR-26-R-UN-NSFT-41567,,,2026,1,United Nations Children's Fund,3,"Consortium zone 3–lead HCR-Assistance multisectorielle vitale – Réponse humanitaire intégrée et multisectorielle aux besoins vitaux des enfants, adolescents, femmes et communautés affectés en Vakaga",10/1/2026 12:00:00 AM,8/31/2027 12:00:00 AM,11 Months,985925.9,921426,0,9/11/2026 10:51:12 AM,3587##4172##10374##11276,,Submission of Proposal,1,,334685.9736,1/1/0001 12:00:00 AM
17,[RA2-2026 US] Réponse humanitaire multisectorielle vitales dans 17 sous-préfectures de République Centrafricaine en sévérité intersectorielle 4,CBPF-CAR-26-R-UN-NSFT-41568,,,2026,1,International Organization for Migration,3,Réponse humanitaire intégrée pour renforcer l’accès aux services essentiels et à la protection des populations affectées dans la Zones 5,10/1/2026 12:00:00 AM,8/31/2027 12:00:00 AM,11 Months,3188220,2979645,0,9/11/2026 10:41:49 AM,4551##4900##3849##4200,,Submission of Proposal,1,,334795.9230,1/1/0001 12:00:00 AM
19,Provision of life-saving humanitarian assistance to people with urgent needs,CBPF-SSD-26-R-INGO-NSFT-39251,,,2026,1,NORWEGIAN CHURCH AID,2,Integrated response to Humanitarian crisis in South Sudan,4/1/2026 12:00:00 AM,9/30/2026 12:00:00 AM,6 Months,2181824,2039088,0,3/12/2026 7:35:16 PM,6084##7143##6615##6615,"4- Likely to contribute to gender equality, including across age groups",Implementation,6,PRJ_IMPL_RPT,495993.9600,3/26/2026 11:20:12 PM
19,Provision of life-saving humanitarian assistance to people with urgent needs,CBPF-SSD-26-R-INGO-NSFT-39252,,,2026,1,Solidarités International,2,Life-saving WASH assistance targeting vulnerable individuals affected by the crisis - Malakal and Renk,4/1/2026 12:00:00 AM,9/30/2026 12:00:00 AM,6 Months,1203032,1124329,0,3/12/2026 6:46:47 PM,12248##13417##15749##16919,"4- Likely to contribute to gender equality, including across age groups",Reporting,7,PRJ_UND_FINAL_RPT,474547.0400,3/27/2026 1:34:24 AM
19,Provision of life-saving humanitarian assistance to people with urgent needs,CBPF-SSD-26-R-INGO-NSFT-39254,,,2026,1,International Medical Corps UK,2,"Provision of Integrated Life-Saving Health and Nutrition Services to Highly Vulnerable Populations (IDPs, Returnees, and Host Communities) in Canal Pigi, Fashoda and Malakal Counties, South Sudan. ",4/1/2026 12:00:00 AM,9/30/2026 12:00:00 AM,6 Months,1944647,1817427,0,3/12/2026 12:34:12 PM,11427##21130##23717##24997,"4- Likely to contribute to gender equality, including across age groups",Implementation,6,PRJ_UND_FINAL_RPT,482284.2200,4/1/2026 10:09:43 PM
19,Provision of life-saving humanitarian assistance to people with urgent needs,CBPF-SSD-26-R-INGO-NSFT-39257,,,2026,1,Save the Children,2,Integrated Emergency Life-Saving Humanitarian Assistance to vulnerable communities in Abyei and Kapoeta East.,4/1/2026 12:00:00 AM,9/30/2026 12:00:00 AM,6 Months,1904305,1779724,0,3/12/2026 1:32:25 PM,5722##6228##8346##8346,"4- Likely to contribute to gender equality, including across age groups",Implementation,6,PRJ_UND_FINAL_RPT,476447.4000,3/27/2026 1:50:49 AM
19,Provision of life-saving humanitarian assistance to people with urgent needs,CBPF-SSD-26-R-INGO-NSFT-39259,,,2026,1,Danish Refugee Council,2,"Life-Saving Protection and Emergency Shelter Response for Conflict-Affected Populations in Malakal, Fashoda and Abyei",3/23/2026 12:00:00 AM,9/22/2026 12:00:00 AM,6 Months,1786931,1670029,0,3/11/2026 8:29:01 PM,7310##8540##8507##8650,"4- Likely to contribute to gender equality, including across age groups",Implementation,6,PRJ_UND_FINAL_RPT,472782.4200,3/25/2026 5:45:19 PM
19,Provision of life-saving humanitarian assistance to people with urgent needs,CBPF-SSD-26-R-INGO-NSFT-39260,,,2026,1,Norwegian Refugee Council,2,"Life-Saving WASH and Shelter Humanitarian Assistance for Populations with urgent needs in Aweil East County, NBEG  ",4/1/2026 12:00:00 AM,9/30/2026 12:00:00 AM,6 Months,1795769,1678289,0,3/9/2026 2:15:14 PM,13581##14761##15353##15353,"4- Likely to contribute to gender equality, including across age groups",Implementation,6,PRJ_UND_FINAL_RPT,475768.7000,3/25/2026 5:48:02 PM
19,Provision of life-saving humanitarian assistance to people with urgent needs,CBPF-SSD-26-R-INGO-NSFT-39261,,,2026,1,World Relief,2,"Provision of Life-Saving Integrated WASH Assistance to Flood and Conflict-Affected Vulnerable Communities in Leer County, Unity State",4/1/2026 12:00:00 AM,9/30/2026 12:00:00 AM,6 Months,1082680,1011851,0,3/12/2026 8:07:55 PM,8630##9415##10199##10984,"4- Likely to contribute to gender equality, including across age groups",Implementation,6,PRJ_UND_FINAL_RPT,476175.9200,3/26/2026 7:20:38 PM
19,Provision of life-saving humanitarian assistance to people with urgent needs,CBPF-SSD-26-R-INGO-NSFT-39265,,,2026,1,GOAL,2,Provision of life-saving humanitarian assistance to people with urgent needs in Twic County.   ,4/1/2026 12:00:00 AM,9/30/2026 12:00:00 AM,6 Months,2221493,2076162,0,3/12/2026 4:22:35 PM,6365##12165##19270##20875,"4- Likely to contribute to gender equality, including across age groups",Implementation,6,PRJ_UND_FINAL_RPT,478890.7200,4/1/2026 9:50:09 PM
19,Provision of life-saving humanitarian assistance to people with urgent needs,CBPF-SSD-26-R-INGO-NSFT-39266,,,2026,1,For AFRIKA TO THRIVE,2,Provision of life-saving nutrition and WASH assistance to people with urgent needs in Pibor,4/1/2026 12:00:00 AM,9/30/2026 12:00:00 AM,6 Months,1212378,1133064,0,3/11/2026 5:49:57 PM,6468##11034##15123##15467,"4- Likely to contribute to gender equality, including across age groups",Implementation,6,PRJ_UND_FINAL_RPT,487849.5600,3/25/2026 4:09:27 PM
19,Provision of life-saving humanitarian assistance to people with urgent needs,CBPF-SSD-26-R-INGO-NSFT-39267,,,2026,1,Relief International,2,"Lifesaving Health, Nutrition, and WASH Assistance for Crisis-Affected Populations in Renk and Maban, South Sudan",4/1/2026 12:00:00 AM,9/30/2026 12:00:00 AM,6 Months,2361715,2207211,0,3/12/2026 7:02:30 PM,17097##18787##5904##6221,"4- Likely to contribute to gender equality, including across age groups",Implementation,6,PRJ_UND_FINAL_RPT,478212.0200,3/25/2026 5:46:37 PM
19,Provision of life-saving humanitarian assistance to people with urgent needs,CBPF-SSD-26-R-INGO-NSFT-39268,,,2026,1,"International Rescue Committee, Inc.",2,"Provision of life-saving Health, Nutrition, and Protection services to people with urgent needs in Aweil East and Pariang",4/1/2026 12:00:00 AM,9/30/2026 12:00:00 AM,6 Months,1990163,1859966,0,3/12/2026 9:13:37 AM,5618##37996##47230##50966,"4- Likely to contribute to gender equality, including across age groups",Implementation,6,PRJ_UND_FINAL_RPT,472646.6800,3/30/2026 9:16:13 PM
19,Provision of life-saving humanitarian assistance to people with urgent needs,CBPF-SSD-26-R-INGO-NSFT-39271,,,2026,1,World Vision International,2,"Provision of Lifesaving emergency WASH services in Panyikang County, Upper Nile.",3/23/2026 12:00:00 AM,9/22/2026 12:00:00 AM,6 Months,1402033,1310311,0,3/12/2026 1:25:35 PM,10668##14731##12191##13208,"3- Likely to contribute to gender equality, but without attention to age groups",Implementation,6,PRJ_UND_FINAL_RPT,544996.1000,3/25/2026 4:04:01 PM
19,Provision of life-saving humanitarian assistance to people with urgent needs,CBPF-SSD-26-R-INGO-NSFT-39279,,,2026,1,Concern Worldwide,2,"UNITY - Lifesaving Nutrition, Health, and WASH Support to Affected Populations",4/1/2026 12:00:00 AM,9/30/2026 12:00:00 AM,6 Months,1862677,1740820,0,3/12/2026 2:35:00 PM,6321##10676##9230##10873,"4- Likely to contribute to gender equality, including across age groups",Implementation,6,PRJ_UND_FINAL_RPT,480926.8200,3/27/2026 3:17:28 PM
19,[SSHF US Award Tranche 2 Envelop 2] Sustaining critical services and expanding lifesaving assistance in South Sudan’s highest-severity locations,CBPF-SSD-26-R-INGO-NSFT-40286,,,2026,1,Save the Children,2,Sustaining lifesaving mobile health and Child Protection services for crisis-affected children and families in Abyei,10/1/2026 12:00:00 AM,3/31/2027 12:00:00 AM,6 Months,577500,539719.6,0,7/25/2026 4:00:02 PM,3034##3286##2333##2470,2- Unlikely to contribute to gender equality (no gender equality measure but includes age consideration),Implementation,6,PRJ_IMPL_RPT,476447.4000,9/17/2026 7:16:04 PM
19,[SSHF US Award Tranche 2 Envelop 2] Sustaining critical services and expanding lifesaving assistance in South Sudan’s highest-severity locations,CBPF-SSD-26-R-INGO-NSFT-40303,,,2026,1,International Medical Corps UK,2,"Provision of Integrated Life-Saving Health and Nutrition Services to Highly Vulnerable Populations affected by current shocks in Canal-Pigi County, Jonglei state, South Sudan.",10/1/2026 12:00:00 AM,5/31/2027 12:00:00 AM,8 Months,900000,841121.5,0,7/24/2026 5:13:10 PM,1583##2340##2476##2600,"4- Likely to contribute to gender equality, including across age groups",Implementation,6,PRJ_IMPL_RPT,482284.2200,9/9/2026 2:43:06 PM
19,[SSHF US Award Tranche 2 Envelop 2] Sustaining critical services and expanding lifesaving assistance in South Sudan’s highest-severity locations,CBPF-SSD-26-R-INGO-NSFT-40309,,,2026,1,For AFRIKA TO THRIVE,2,"Sustaining critical Nutrition services and expanding lifesaving assistance in Pibor, South Sudan",10/1/2026 12:00:00 AM,5/31/2027 12:00:00 AM,8 Months,450000,420560.8,0,7/24/2026 4:17:01 PM,315##4185##1739##1811,"4- Likely to contribute to gender equality, including across age groups",Implementation,6,PRJ_IMPL_RPT,487849.5600,9/3/2026 4:15:11 PM
19,[SSHF US Award Tranche 2 Envelop 2] Sustaining critical services and expanding lifesaving assistance in South Sudan’s highest-severity locations,CBPF-SSD-26-R-INGO-NSFT-40314,,,2026,1,Relief International,2,"Continuation of Critical Lifesaving Health Services for Refugees, Returnees, IDPs, and Host Communities in Renk and Maban Counties, Upper Nile State",10/1/2026 12:00:00 AM,3/31/2027 12:00:00 AM,6 Months,1022500,955607.5,0,7/25/2026 5:42:05 PM,19082##20672##4770##5168,"4- Likely to contribute to gender equality, including across age groups",Implementation,6,PRJ_IMPL_RPT,478212.0200,9/7/2026 2:25:23 PM
19,[SSHF US Award Tranche 2 Envelop 3] Sustaining critical services and expanding lifesaving assistance in South Sudan’s highest-severity locations,CBPF-SSD-26-R-INGO-NSFT-41261,,,2026,1,World Vision International,2,"Provision of Lifesaving emergency Protection, Health, WASH and Refugee Response Services in Renk, Tambura and Nagero",10/1/2026 12:00:00 AM,3/31/2027 12:00:00 AM,6 Months,1670000,1560748,0,9/6/2026 8:20:49 PM,7205##12427##8189##9090,"4- Likely to contribute to gender equality, including across age groups",Disbursement,5,PRJ_DISBURSEMENT,544996.1000,10/1/2026 4:56:14 PM
19,[SSHF US Award Tranche 2 Envelop 3] Sustaining critical services and expanding lifesaving assistance in South Sudan’s highest-severity locations,CBPF-SSD-26-R-INGO-NSFT-41266,,,2026,1,Concern Worldwide,2,"Integrated Lifesaving WASH Assistance for Crisis-Affected Populations in Rubkona County, Unity State",10/1/2026 12:00:00 AM,6/30/2027 12:00:00 AM,9 Months,600000,560747.7,0,9/6/2026 1:57:51 PM,23465##26173##18953##21661,"4- Likely to contribute to gender equality, including across age groups",Disbursement,5,PRJ_DISBURSEMENT,480926.8200,9/28/2026 2:44:29 PM
19,[SSHF US Award Tranche 2 Envelop 3] Sustaining critical services and expanding lifesaving assistance in South Sudan’s highest-severity locations,CBPF-SSD-26-R-INGO-NSFT-41280,,,2026,1,Agency for Technical Cooperation and Development,2,Integrated Emergency CCCM and Shelter/NFI Response for vulnerable populations in Renk County,10/1/2026 12:00:00 AM,5/31/2027 12:00:00 AM,8 Months,450000,420560.8,0,9/6/2026 6:11:24 AM,2846##3406##4283##4585,"4- Likely to contribute to gender equality, including across age groups",Disbursement,5,PRJ_IP_CNT_SIG,477126.1000,1/1/0001 12:00:00 AM
19,[SSHF US Award Tranche 2 Envelop 3] Sustaining critical services and expanding lifesaving assistance in South Sudan’s highest-severity locations,CBPF-SSD-26-R-INGO-NSFT-41281,,,2026,1,Solidarités International,2,"Providing life-saving WASH assistance to reduce waterborne disease and malnutrition among HCs, returnees, refugees and IDPs in Renk and Ulang Counties",10/1/2026 12:00:00 AM,8/31/2027 12:00:00 AM,11 Months,1450000,1355140,0,9/4/2026 4:53:12 PM,10831##11864##13926##14959,2- Unlikely to contribute to gender equality (no gender equality measure but includes age consideration),Disbursement,5,PRJ_DISBURSEMENT,474547.0400,9/30/2026 5:02:14 PM
19,[SSHF US Award Tranche 2 Envelop 3] Sustaining critical services and expanding lifesaving assistance in South Sudan’s highest-severity locations,CBPF-SSD-26-R-INGO-NSFT-41288,,,2026,1,NORWEGIAN CHURCH AID,2,Area Based Integrated response to crisis in Luakpiny/Nasir,10/1/2026 12:00:00 AM,8/31/2027 12:00:00 AM,11 Months,1049994,981302.6,0,9/6/2026 4:51:19 PM,3600##5350##3650##3800,"4- Likely to contribute to gender equality, including across age groups",Disbursement,5,PRJ_DISBURSEMENT,495993.9600,9/30/2026 4:57:15 PM
19,[SSHF US Award Tranche 2 Envelop 3] Sustaining critical services and expanding lifesaving assistance in South Sudan’s highest-severity locations,CBPF-SSD-26-R-INGO-NSFT-41299,,,2026,1,Relief International,2,"Integrated Emergency Health and Nutrition Response for Conflict- and Flood-Affected Communities in Nasir County, Upper Nile State",10/1/2026 12:00:00 AM,3/31/2027 12:00:00 AM,6 Months,990000,925233.6,0,9/6/2026 2:53:58 PM,15580##16879##7728##8365,"4- Likely to contribute to gender equality, including across age groups",HC Final Approval,4,PRJ_IP_SUB_GA_TO_HFU,478212.0200,1/1/0001 12:00:00 AM
19,[SSHF US Award Tranche 2 Envelop 3] Sustaining critical services and expanding lifesaving assistance in South Sudan’s highest-severity locations,CBPF-SSD-26-R-INGO-NSFT-41302,,,2026,1,Catholic Medical Missons Board,2,"Integrated Rapid Emergency Assistance for Conflict-affected and Displaced Households and Communities in Nagero County, Western Equatoria State, South Sudan (REACH-Nagero)",9/30/2026 12:00:00 AM,3/29/2027 12:00:00 AM,6 Months,1000000,934579.4,0,9/6/2026 2:38:43 PM,15898##17210##3732##4044,1- Unlikely to contribute to gender equality (no gender equality measure and no age consideration),Disbursement,5,PRJ_DISBURSEMENT,481877.0000,9/30/2026 5:39:37 PM
19,[SSHF US Award Tranche 2 Envelop 3] Sustaining critical services and expanding lifesaving assistance in South Sudan’s highest-severity locations,CBPF-SSD-26-R-INGO-NSFT-41304,,,2026,1,Norwegian Refugee Council,2,"Provision of life-saving humanitarian assistance to people with urgent needs in Duk, Rubkona, Nyirol, Ulang and Uror Counties.",10/1/2026 12:00:00 AM,3/31/2027 12:00:00 AM,6 Months,2850000,2663552,0,9/5/2026 2:43:11 PM,7287##13425##11763##13690,"4- Likely to contribute to gender equality, including across age groups",Disbursement,5,PRJ_DISBURSEMENT,475768.7000,9/30/2026 1:07:49 PM
19,[SSHF US Award Tranche 2 Envelop 3] Sustaining critical services and expanding lifesaving assistance in South Sudan’s highest-severity locations,CBPF-SSD-26-R-INGO-NSFT-41309,,,2026,1,Christian Mission Aid,2,"Increasing access and utilization of integrated emergency health and nutrition response to crisis-affected populations in Nyirol County, Jonglei State",10/1/2026 12:00:00 AM,5/31/2027 12:00:00 AM,8 Months,1240000,1158879,0,9/6/2026 1:32:30 PM,3413##7609##7740##8284,"4- Likely to contribute to gender equality, including across age groups",Implementation,6,PRJ_IMPL_RPT,476583.1400,9/23/2026 3:23:55 PM
19,[SSHF US Award Tranche 2 Envelop 3] Sustaining critical services and expanding lifesaving assistance in South Sudan’s highest-severity locations,CBPF-SSD-26-R-INGO-NSFT-41316,,,2026,1,GOAL,2,Provision of Integrated Life-Saving Health and Nutrition Services for Crisis-Affected Populations in Renk and Ulang Counties.,10/1/2026 12:00:00 AM,5/31/2027 12:00:00 AM,8 Months,560000,523364.5,0,9/4/2026 5:20:45 PM,2227##5009##6029##6495,"4- Likely to contribute to gender equality, including across age groups",Disbursement,5,PRJ_DISBURSEMENT,478890.7200,10/1/2026 4:47:22 PM
19,[SSHF US Award Tranche 2 Envelop 3] Sustaining critical services and expanding lifesaving assistance in South Sudan’s highest-severity locations,CBPF-SSD-26-R-INGO-NSFT-41328,,,2026,1,The Lutheran World Federation,2,"Integrated Life-Saving WASH and Protection Response for Crise-Affected Communities in Duk County, Jonglei State",10/1/2026 12:00:00 AM,3/31/2027 12:00:00 AM,6 Months,689570.1,644458,0,9/1/2026 10:00:46 AM,5002##7944##6767##9708,"4- Likely to contribute to gender equality, including across age groups",Disbursement,5,PRJ_DISBURSEMENT,544588.8800,9/28/2026 10:51:37 PM
19,[SSHF US Award Tranche 2 Envelop 3] Sustaining critical services and expanding lifesaving assistance in South Sudan’s highest-severity locations,CBPF-SSD-26-R-INGO-NSFT-41336,,,2026,1,Danish Refugee Council,2,"Life-Saving Protection, Shelter, and Mine Action Assistance for Affected Communities in Ayod and Priority Counties of Jonglei State.",10/1/2026 12:00:00 AM,5/31/2027 12:00:00 AM,8 Months,1850000,1728972,0,9/4/2026 4:53:50 PM,3709##3894##4926##6056,"4- Likely to contribute to gender equality, including across age groups",Disbursement,5,PRJ_DISBURSEMENT,472782.4200,9/30/2026 1:06:08 PM
19,Provision of life-saving humanitarian assistance to people with urgent needs,CBPF-SSD-26-R-NGO-NSFT-39246,,,2026,1,Coalition for Humanity,1,"Provision of Rapid Integrated Frontline Health Services in Mayendit, Protection and Shelter/NFI Assistance to Crisis Affected Populations in Leer and Fangak Counties, South Sudan",4/1/2026 12:00:00 AM,9/30/2026 12:00:00 AM,6 Months,2130641,1991253,0,3/11/2026 6:59:05 PM,4273##9946##7093##7093,"4- Likely to contribute to gender equality, including across age groups",Implementation,6,PRJ_UND_FINAL_RPT,506038.7200,3/25/2026 4:02:45 PM
19,Provision of life-saving humanitarian assistance to people with urgent needs,CBPF-SSD-26-R-NGO-NSFT-39262,,,2026,1,HealthCare Foundation Organization,1,"Provision of life saving with Health, Nutrition, S/NFI and WASH services to people with urgent needs in Fangak County Jonglei state &amp; Fashoda County Upper Nile State South Sudan.",4/1/2026 12:00:00 AM,9/30/2026 12:00:00 AM,6 Months,2534404,2368602,0,3/11/2026 8:07:15 PM,11250##18750##20250##24749,2- Unlikely to contribute to gender equality (no gender equality measure but includes age consideration),Implementation,6,PRJ_UND_FINAL_RPT,507396.1200,3/25/2026 5:44:03 PM
19,Provision of life-saving humanitarian assistance to people with urgent needs,CBPF-SSD-26-R-NGO-NSFT-39292,,,2026,1,WOMEN AGENCY FOR RESILENCE &TRANSFORMATION,1,"Provision of live saving protection and WASH services to vulnerable and affected population in Canal Pigi, Mayardit, Panyikang and Panyijiar Counties.",4/1/2026 12:00:00 AM,9/30/2026 12:00:00 AM,6 Months,1365448,1276120,0,3/11/2026 7:54:12 PM,7346##9230##7642##8081,"4- Likely to contribute to gender equality, including across age groups",Implementation,6,PRJ_UND_FINAL_RPT,1508342.8800,3/25/2026 4:05:27 PM
19,[SSHF US Award Tranche 2 Envelop 2] Sustaining critical services and expanding lifesaving assistance in South Sudan’s highest-severity locations,CBPF-SSD-26-R-NGO-NSFT-40279,,,2026,1,HealthCare Foundation Organization,1,"Sustaining Integrated Life-Saving Health and Nutrition Services through Static Health Facilities and Mobile Clinics for Vulnerable Communities in Fangak County, Jonglei State, South Sudan",10/1/2026 12:00:00 AM,5/31/2027 12:00:00 AM,8 Months,650000,607476.6,0,7/25/2026 7:02:11 PM,975##1625##1755##2145,"4- Likely to contribute to gender equality, including across age groups",Implementation,6,PRJ_IMPL_RPT,507396.1200,9/1/2026 1:41:37 PM
19,[SSHF US Award Tranche 2 Envelop 2] Sustaining critical services and expanding lifesaving assistance in South Sudan’s highest-severity locations,CBPF-SSD-26-R-NGO-NSFT-40280,,,2026,1,WOMEN AGENCY FOR RESILENCE &TRANSFORMATION,1,Provision of lifesaving protection services to vulnerable and affected populations in Canal Pigi County,10/1/2026 12:00:00 AM,3/31/2027 12:00:00 AM,6 Months,749998.9,700933.6,0,7/24/2026 9:27:38 AM,1125##2475##1650##2250,"4- Likely to contribute to gender equality, including across age groups",Implementation,6,PRJ_IMPL_RPT,1508342.8800,9/1/2026 1:40:26 PM
19,[SSHF US Award Tranche 2 Envelop 2] Sustaining critical services and expanding lifesaving assistance in South Sudan’s highest-severity locations,CBPF-SSD-26-R-NGO-NSFT-40289,,,2026,1,Coalition for Humanity,1,"Sustaining Provision of Life-Saving Gender-Based Violence and Child Protection Services for Conflict-, Flood-, and Displacement-Affected Populations in Fangak County, Jonglei State, South Sudan",10/1/2026 12:00:00 AM,5/31/2027 12:00:00 AM,8 Months,649999.9,607476.6,0,7/24/2026 8:42:05 PM,0##3000##800##2700,"4- Likely to contribute to gender equality, including across age groups",Implementation,6,PRJ_IMPL_RPT,506038.7200,9/1/2026 1:38:57 PM
19,[SSHF US Award Tranche 2 Envelop 3] Sustaining critical services and expanding lifesaving assistance in South Sudan’s highest-severity locations,CBPF-SSD-26-R-NGO-NSFT-40908,,,2026,1,Christian Mission for Development,1,Provision of Expanded Lifesaving Nutrition Services to Vulnerable Communities in Ayod County- Jonglei State,10/1/2026 12:00:00 AM,6/30/2027 12:00:00 AM,9 Months,790000,738317.8,0,9/2/2026 2:39:06 PM,562##5565##3891##4065,1- Unlikely to contribute to gender equality (no gender equality measure and no age consideration),Implementation,6,PRJ_IMPL_RPT,483505.8800,9/22/2026 3:08:56 PM
19,[SSHF US Award Tranche 2 Envelop 3] Sustaining critical services and expanding lifesaving assistance in South Sudan’s highest-severity locations,CBPF-SSD-26-R-NGO-NSFT-41265,,,2026,1,Community Aid for Relief and Developemnt,1,"Sustaining and Scaling Up Life-saving WASH Assistance for 4,875 Conflict-Affected and Displaced Populations in Tambura County-Western Equatoria State",10/1/2026 12:00:00 AM,5/31/2027 12:00:00 AM,8 Months,400000,373831.8,0,9/5/2026 8:58:37 AM,828##927##1560##1560,"4- Likely to contribute to gender equality, including across age groups",Implementation,6,PRJ_IMPL_RPT,493550.6400,9/22/2026 3:07:37 PM
19,[SSHF US Award Tranche 2 Envelop 3] Sustaining critical services and expanding lifesaving assistance in South Sudan’s highest-severity locations,CBPF-SSD-26-R-NGO-NSFT-41300,,,2026,1,REACH AFRICA ORGANIZATION,1,"Sustaining Lifesaving Protection Services and Providing Emergency Shelter/NFI Assistance to Conflict-Displaced and Vulnerable Populations in Duk and Uror Counties, Jonglei State",10/1/2026 12:00:00 AM,3/31/2027 12:00:00 AM,6 Months,1100000,1028037,0,9/4/2026 3:15:42 PM,6293##11008##4717##9439,"4- Likely to contribute to gender equality, including across age groups",Implementation,6,PRJ_IMPL_RPT,1540106.0400,9/22/2026 3:03:04 PM
19,[SSHF US Award Tranche 2 Envelop 3] Sustaining critical services and expanding lifesaving assistance in South Sudan’s highest-severity locations,CBPF-SSD-26-R-NGO-NSFT-41310,,,2026,1,Coalition for Humanity,1,"Provision of Lifesaving Shelter and Non-Food Items (SNFI) Assistance to Vulnerable Communities in Rubkona County, Unity State, South Sudan",10/1/2026 12:00:00 AM,3/31/2027 12:00:00 AM,6 Months,549999.9,514018.6,0,9/1/2026 6:42:07 PM,2100##2100##4200##4200,"4- Likely to contribute to gender equality, including across age groups",Implementation,6,PRJ_IMPL_RPT,506038.7200,9/23/2026 3:22:55 PM
19,[SSHF US Award Tranche 2 Envelop 3] Sustaining critical services and expanding lifesaving assistance in South Sudan’s highest-severity locations,CBPF-SSD-26-R-NGO-NSFT-41311,,,2026,1,John Dau Foundation,1,Sustaining Critical Services and Expanding Lifesaving Health and Nutrition Assistance in High-Severity Areas of Uror and Duk Counties,10/1/2026 12:00:00 AM,8/31/2027 12:00:00 AM,11 Months,2020000,1887851,0,9/5/2026 6:35:41 PM,4557##17416##11749##14526,"4- Likely to contribute to gender equality, including across age groups",Implementation,6,PRJ_IMPL_RPT,482148.4800,9/24/2026 5:07:24 PM
19,[SSHF US Award Tranche 2 Envelop 3] Sustaining critical services and expanding lifesaving assistance in South Sudan’s highest-severity locations,CBPF-SSD-26-R-NGO-NSFT-41314,,,2026,1,WOMEN AGENCY FOR RESILENCE &TRANSFORMATION,1,"Provision of integrated Health, WASH and Protection services to affected populations in Ayod, Nyirol and Ulang Counties, South Sudan",10/1/2026 12:00:00 AM,3/31/2027 12:00:00 AM,6 Months,1779999,1663551,0,9/5/2026 1:31:16 PM,5788##7550##5537##6291,"4- Likely to contribute to gender equality, including across age groups",Disbursement,5,PRJ_DISBURSEMENT,1508342.8800,9/28/2026 10:50:19 PM
19,[SSHF US Award Tranche 2 Envelop 3] Sustaining critical services and expanding lifesaving assistance in South Sudan’s highest-severity locations,CBPF-SSD-26-R-NGO-NSFT-41385,,,2026,1,MEDICAIR,1,Integrated lifesaving and sustained critical health and nutrition services in Rubkona County,10/1/2026 12:00:00 AM,8/31/2027 12:00:00 AM,11 Months,990000,925233.6,0,9/6/2026 6:44:47 PM,3585##6324##5480##5691,"4- Likely to contribute to gender equality, including across age groups",Implementation,6,PRJ_IMPL_RPT,546082.0200,9/22/2026 3:05:26 PM
19,Provision of life-saving humanitarian assistance to people with urgent needs,CBPF-SSD-26-R-UN-NSFT-39248,,,2026,1,World Food Programme,3,"Life-Saving Food, Nutrition, and Logistics Assistance for Conflict-Affected Communities in Upper Nile, Jonglei, and Unity",4/1/2026 12:00:00 AM,9/30/2026 12:00:00 AM,6 Months,3.270294E+07,3.070699E+07,0,3/12/2026 6:31:53 PM,47886##76462##134729##153687,"4- Likely to contribute to gender equality, including across age groups",Implementation,6,PRJ_UND_FINAL_RPT,470339.1000,3/26/2026 6:48:56 PM
19,Provision of life-saving humanitarian assistance to people with urgent needs,CBPF-SSD-26-R-UN-NSFT-39255,,,2026,1,United Nations Children's Fund,3,Provision of life-saving humanitarian assistance to people with urgent needs,4/1/2026 12:00:00 AM,9/30/2026 12:00:00 AM,6 Months,1.098355E+07,1.0265E+07,0,3/12/2026 5:17:29 PM,15067##36354##342031##374374,"4- Likely to contribute to gender equality, including across age groups",Implementation,6,PRJ_UND_FINAL_RPT,470067.6200,4/9/2026 9:44:52 AM
19,Provision of life-saving humanitarian assistance to people with urgent needs,CBPF-SSD-26-R-UN-NSFT-39256,,,2026,1,International Organization for Migration,3,Integrated Multisectoral Humanitarian Response for Vulnerable Populations,4/1/2026 12:00:00 AM,9/30/2026 12:00:00 AM,6 Months,1.150175E+07,1.07493E+07,0,3/12/2026 1:43:59 PM,127537##138848##144977##157608,0- Does not systematically link programming actions,Reporting,7,PRJ_UND_FINAL_RPT,470203.3600,4/2/2026 4:12:36 PM
19,Provision of life-saving humanitarian assistance to people with urgent needs,CBPF-SSD-26-R-UN-NSFT-39300,,,2026,1,United Nations High Commissioner for Refugees,3,Provision of life saving assistance to forcibly displaced persons in South Sudan,4/1/2026 12:00:00 AM,9/30/2026 12:00:00 AM,6 Months,1.20595E+07,1.132348E+07,0,3/12/2026 9:27:19 PM,32629##56774##32875##39930,"4- Likely to contribute to gender equality, including across age groups",Implementation,6,PRJ_UND_FINAL_RPT,469660.4000,3/31/2026 12:27:58 PM
19,Provision of life-saving humanitarian assistance to people with urgent needs,CBPF-SSD-26-R-UN-NSFT-39320,,,2026,1,United Nations Office for Project Services,3,Emergency Mine Action Response in Jonglei and Adjacent States,4/1/2026 12:00:00 AM,9/30/2026 12:00:00 AM,6 Months,972000,908411.2,0,3/12/2026 4:07:03 PM,3940##4127##6378##5306,"4- Likely to contribute to gender equality, including across age groups",Implementation,6,PRJ_UND_FINAL_RPT,475225.7400,4/4/2026 3:31:17 PM
19,[SSHF US Award Tranche 2 Envelop 1] Sustaining critical services and expanding lifesaving assistance in South Sudan’s highest-severity locations,CBPF-SSD-26-R-UN-NSFT-40287,,,2026,1,United Nations Children's Fund,3,Provision of Life-Saving Humanitarian Assistance to people with urgent needs- Pipelines and displacement/refugee response activities- Tranche 2,9/1/2026 12:00:00 AM,5/31/2027 12:00:00 AM,9 Months,3050001,2850468,0,7/24/2026 2:18:04 PM,2555##4810##16196##17564,"4- Likely to contribute to gender equality, including across age groups",Disbursement,5,PRJ_IP_CNT_SIG,470067.6200,1/1/0001 12:00:00 AM
19,[SSHF US Award Tranche 2 Envelop 1] Sustaining critical services and expanding lifesaving assistance in South Sudan’s highest-severity locations,CBPF-SSD-26-R-UN-NSFT-40298,,,2026,1,International Organization for Migration,3,"Sustaining Critical Humanitarian Services through Onward Transportation Assistance (OTA), site management, WASH  and shelter NFI Core Pipeline Support in South Sudan",9/1/2026 12:00:00 AM,5/31/2027 12:00:00 AM,9 Months,4200000,3925234,0,7/24/2026 9:43:14 AM,52429##62599##46402##55070,2- Unlikely to contribute to gender equality (no gender equality measure but includes age consideration),Disbursement,5,PRJ_IP_CNT_SIG,470203.3600,1/1/0001 12:00:00 AM
19,[SSHF US Award Tranche 2 Envelop 1] Sustaining critical services and expanding lifesaving assistance in South Sudan’s highest-severity locations,CBPF-SSD-26-R-UN-NSFT-40299,,,2026,1,World Food Programme,3,"Life-Saving Food, Nutrition, and Logistics Assistance for Conflict-Affected Communities in Upper Nile, Jonglei, and Unity",9/1/2026 12:00:00 AM,5/31/2027 12:00:00 AM,9 Months,1.135E+07,1.060748E+07,0,7/23/2026 9:03:21 AM,30712##58566##85459##97578,"4- Likely to contribute to gender equality, including across age groups",Implementation,6,PRJ_IMPL_RPT,470339.1000,9/21/2026 4:06:35 PM
19,[SSHF US Award Tranche 2 Envelop 1] Sustaining critical services and expanding lifesaving assistance in South Sudan’s highest-severity locations,CBPF-SSD-26-R-UN-NSFT-40308,,,2026,1,United Nations High Commissioner for Refugees,3,Sustaining critical services and expanding lifesaving assistance to forcibly displaced persons in South Sudan,9/1/2026 12:00:00 AM,5/31/2027 12:00:00 AM,9 Months,3000000,2816902,0,7/24/2026 3:21:07 PM,5965##15338##7310##9137,"4- Likely to contribute to gender equality, including across age groups",Disbursement,5,PRJ_IP_CNT_SIG,469660.4000,1/1/0001 12:00:00 AM
24,[RA2-Mars-2026 US] Assistance humanitaire vitale et rapide ciblant les zones de santé à forte sévérité des besoins,CBPF-DRC-26-R-INGO-NSFT-39493,,,2026,1,Mercy Corps,2,Strategic Assistance For Emergency Response in DRC (SAFER),4/20/2026 12:00:00 AM,12/31/2026 12:00:00 AM,"8 Months, 12 Days",7000000,6542056,0,4/1/2026 11:09:56 AM,28547##31265##38062##38062,"4- Likely to contribute to gender equality, including across age groups",Implementation,6,PRJ_IMPL_RPT,678908.0925,4/17/2026 5:25:47 PM
24,[RA2-Mars-2026 US] Assistance humanitaire vitale et rapide ciblant les zones de santé à forte sévérité des besoins,CBPF-DRC-26-R-INGO-NSFT-39495,,,2026,1,Agency for Technical Cooperation and Development,2,Réponse d’urgence vitale et multisectorielle pour les ménages vulnérables affectés par la crise à l’est de la RDC dans les Provinces du Sud-Kivu et du Tanganyika,4/20/2026 12:00:00 AM,11/19/2026 12:00:00 AM,7 Months,1.245E+07,1.163551E+07,0,4/1/2026 8:20:15 PM,37519##44936##60144##70739,"4- Likely to contribute to gender equality, including across age groups",Implementation,6,PRJ_IMPL_RPT,675302.5200,4/20/2026 2:42:52 PM
24,[RA2-Mars-2026 US] Assistance humanitaire vitale et rapide ciblant les zones de santé à forte sévérité des besoins,CBPF-DRC-26-R-INGO-NSFT-39509,,,2026,1,World Vision International,2,"Assistance humanitaire multisectorielle intégrée aux communautés les plus vulnérables et touchées par les crises dans l'Ituri, le Nord-Kivu, le Sud-Kivu et le Tanganyika",4/20/2026 12:00:00 AM,12/31/2026 12:00:00 AM,"8 Months, 12 Days",1.09E+07,1.018692E+07,0,4/1/2026 6:38:37 PM,54950##42765##48901##53988,"4- Likely to contribute to gender equality, including across age groups",Implementation,6,PRJ_IMPL_RPT,673393.6875,4/20/2026 2:41:58 PM
24,[RA2-Mars-2026 US] Assistance humanitaire vitale et rapide ciblant les zones de santé à forte sévérité des besoins,CBPF-DRC-26-R-INGO-NSFT-39512,,,2026,1,Solidarités International,2,"SANEPS -  Réponse multisectorielle de Sécurité Alimentaire, Nutrition, EHA, Protection et Santé pour les populations vulnérables dans les provinces de l'Ituri et du Nord-Kivu, RDC.",4/20/2026 12:00:00 AM,12/31/2026 12:00:00 AM,"8 Months, 12 Days",1.1E+07,1.028037E+07,0,4/1/2026 7:03:51 PM,37646##43772##49410##51347,"4- Likely to contribute to gender equality, including across age groups",Implementation,6,PRJ_IMPL_RPT,676999.2600,4/21/2026 3:03:03 PM
24,[RA2-Mars-2026 US] Assistance humanitaire vitale et rapide ciblant les zones de santé à forte sévérité des besoins,CBPF-DRC-26-R-INGO-NSFT-39514,,,2026,1,Alliance for International Medical Action,2,"Réponse rapide multisectorielle et intégrée en santé, nutrition, EHA, protection et TEUM pour les populations vulnérables d’Ituri, Nord-Kivu, Sud-Kivu",4/20/2026 12:00:00 AM,12/31/2026 12:00:00 AM,"8 Months, 12 Days",7050000,6588785,0,4/1/2026 9:52:04 PM,120454##133135##183851##196533,"4- Likely to contribute to gender equality, including across age groups",Implementation,6,PRJ_IMPL_RPT,674029.9650,4/20/2026 2:43:43 PM
24,[RA2-Mars-2026 US] Assistance humanitaire vitale et rapide ciblant les zones de santé à forte sévérité des besoins,CBPF-DRC-26-R-INGO-NSFT-39517,,,2026,1,Save the Children,2,Tumaini (Hope): Integrated Life-Saving Assistance for Vulnerable Populations in Eastern DRC,4/20/2026 12:00:00 AM,12/31/2026 12:00:00 AM,"8 Months, 12 Days",7000000,6542056,0,4/1/2026 8:42:02 PM,52234##53922##58719##60628,"4- Likely to contribute to gender equality, including across age groups",Implementation,6,PRJ_IMPL_RPT,675090.4275,4/22/2026 3:02:13 PM
24,[RA2-Mars-2026 US] Assistance humanitaire vitale et rapide ciblant les zones de santé à forte sévérité des besoins,CBPF-DRC-26-R-INGO-NSFT-39541,,,2026,1,Norwegian Refugee Council,2,Réponse multisectorielle intégrée pour sauver des vies et réduire les vulnérabilités dans l’Est de la RDC,4/20/2026 12:00:00 AM,10/19/2026 12:00:00 AM,6 Months,1E+07,9345794,0,4/1/2026 8:46:26 PM,55696##66430##89752##89950,"4- Likely to contribute to gender equality, including across age groups",Implementation,6,PRJ_IMPL_RPT,674454.1500,4/17/2026 5:27:36 PM
24,[RA 3-Juin-2026 US] Allocation for the Ebola Virus Disease (EVD) Outbreak,CBPF-DRC-26-R-INGO-NSFT-40015,,,2026,1,Agency for Technical Cooperation and Development,2,"Réponse multisectorielle à l’épidémie MVE en appui aux personnes affectées et à risque dans les zones de santé du Sud Kivu, Miti-Murhesa et Katana, et du Petit Nord Kivu, Mweso et Kibirizi.",7/16/2026 12:00:00 AM,1/15/2027 12:00:00 AM,6 Months,1999991,1869150,0,7/3/2026 10:39:04 AM,52411##78617##0##0,"4- Likely to contribute to gender equality, including across age groups",Implementation,6,PRJ_IMPL_RPT,675302.5200,7/31/2026 5:40:12 PM
24,[RA 3-Juin-2026 US] Allocation for the Ebola Virus Disease (EVD) Outbreak,CBPF-DRC-26-R-INGO-NSFT-40024,,,2026,1,Alliance for International Medical Action,2,"Réponse rapide et multisectorielle pour la réduction de l’impact de l’épidémie d’Ebola dans les zones touchées des provinces de l’Ituri, du Nord-Kivu, du Sud-Kivu.",7/15/2026 12:00:00 AM,1/14/2027 12:00:00 AM,6 Months,5000000,4672897,0,7/3/2026 2:51:05 PM,0##5##0##0,"4- Likely to contribute to gender equality, including across age groups",Implementation,6,PRJ_IMPL_RPT,674029.9650,7/28/2026 4:04:15 PM
24,[RA 3-Juin-2026 US] Allocation for the Ebola Virus Disease (EVD) Outbreak,CBPF-DRC-26-R-INGO-NSFT-40028,,,2026,1,Mercy Corps,2,Integrated Ebola Response Driven by Communities (IERDC),7/21/2026 12:00:00 AM,1/20/2027 12:00:00 AM,6 Months,5000000,4672897,0,7/6/2026 6:59:33 PM,6000##10500##10500##10500,"4- Likely to contribute to gender equality, including across age groups",Implementation,6,PRJ_IMPL_RPT,678908.0925,8/4/2026 8:10:20 PM
24,[RA 3-Juin-2026 US] Allocation for the Ebola Virus Disease (EVD) Outbreak,CBPF-DRC-26-R-INGO-NSFT-40031,,,2026,1,Solidarités International,2,"Réponse multisectorielle de riposte à la MVE afin de réduire les risques de transmission, couvrir les besoins essentiels et renforcer la résilience des populations vulnérables en Ituri et au Nord-Kivu",8/1/2026 12:00:00 AM,1/31/2027 12:00:00 AM,6 Months,3500000,3271028,0,7/2/2026 5:06:18 PM,30495##37411##46465##48337,"4- Likely to contribute to gender equality, including across age groups",Implementation,6,PRJ_IMPL_RPT,676999.2600,8/7/2026 3:04:33 PM
24,[RA 3-Juin-2026 US] Allocation for the Ebola Virus Disease (EVD) Outbreak,CBPF-DRC-26-R-INGO-NSFT-40038,,,2026,1,Save the Children,2,"Tumaini 3: Strengthening Ebola Preparedness and Response and maintaining essential, health, nutrition and wash services in Ituri",7/16/2026 12:00:00 AM,1/15/2027 12:00:00 AM,6 Months,5000000,4672897,0,7/3/2026 3:06:40 PM,400##400##400##400,"3- Likely to contribute to gender equality, but without attention to age groups",Implementation,6,PRJ_IMPL_RPT,675090.4275,8/10/2026 11:21:39 PM
24,[RA 3-Juin-2026 US] Allocation for the Ebola Virus Disease (EVD) Outbreak,CBPF-DRC-26-R-INGO-NSFT-40068,,,2026,1,Norwegian Refugee Council,2,“WASH UP” - Integrated Multisectoral response to Populations Affected by the Bundibugyo disease outbreak in the Ituri and North Kivu provinces in DRC.,7/16/2026 12:00:00 AM,1/15/2027 12:00:00 AM,6 Months,5000000,4672897,0,7/9/2026 8:01:21 AM,3##3##3##3,"4- Likely to contribute to gender equality, including across age groups",Implementation,6,PRJ_IMPL_RPT,674454.1500,7/24/2026 2:21:22 PM
24,[RA 3-Juin-2026 US] Allocation for the Ebola Virus Disease (EVD) Outbreak,CBPF-DRC-26-R-INGO-NSFT-40074,,,2026,1,World Vision International,2,Ebola Virus Disease (EVD) Preparedness and Response,7/20/2026 12:00:00 AM,1/19/2027 12:00:00 AM,6 Months,2300500,2150000,0,7/6/2026 7:43:08 AM,1##1##1##1,"4- Likely to contribute to gender equality, including across age groups",Implementation,6,PRJ_IMPL_RPT,673393.6875,7/28/2026 4:10:15 PM
24,[RA 4-Aout-2026 US] Assistance humanitaire vitale et rapide ciblant les zones de santé à forte sévérité des besoins,CBPF-DRC-26-R-INGO-NSFT-41015,,,2026,1,Solidarités International,2,"REMUSANE : Réponse multisectorielle d'urgence en Santé, Sécurité Alimentaire, Nutrition et EHA pour les populations vulnérables affectées par les crises, y compris MVE, en Ituri, Nord-Kivu et Sud-Kivu",9/19/2026 12:00:00 AM,6/18/2027 12:00:00 AM,9 Months,1.56E+07,1.457944E+07,0,8/24/2026 9:36:31 PM,47599##56958##64222##66725,"4- Likely to contribute to gender equality, including across age groups",Disbursement,5,PRJ_IP_CNT_SIG,676999.2600,1/1/0001 12:00:00 AM
24,[RA 4-Aout-2026 US] Assistance humanitaire vitale et rapide ciblant les zones de santé à forte sévérité des besoins,CBPF-DRC-26-R-INGO-NSFT-41024,,,2026,1,Danish Refugee Council,2,Assistance monétaire à usage multiple pour la couverture des besoins essentiels et urgents des ménages vulnérables en RDC,9/15/2026 12:00:00 AM,7/31/2027 12:00:00 AM,10 Months 17 Days,5000000,4672897,0,8/24/2026 3:34:22 PM,8225##9275##8400##9100,"4- Likely to contribute to gender equality, including across age groups",Disbursement,5,PRJ_DISBURSEMENT,680604.8325,9/25/2026 2:12:42 PM
24,[RA 4-Aout-2026 US] Assistance humanitaire vitale et rapide ciblant les zones de santé à forte sévérité des besoins,CBPF-DRC-26-R-INGO-NSFT-41028,,,2026,1,Mercy Corps,2,Strategic Assistance for Emergency Response in DRC (SAFER),9/21/2026 12:00:00 AM,6/20/2027 12:00:00 AM,9 Months,1E+07,9345794,0,8/24/2026 4:34:42 PM,43541##47688##58054##58053,"4- Likely to contribute to gender equality, including across age groups",Disbursement,5,PRJ_IP_CNT_SIG,678908.0925,1/1/0001 12:00:00 AM
24,[RA 4-Aout-2026 US] Assistance humanitaire vitale et rapide ciblant les zones de santé à forte sévérité des besoins,CBPF-DRC-26-R-INGO-NSFT-41029,,,2026,1,Agency for Technical Cooperation and Development,2,"Réponse d’urgence en santé et sécurité alimentaire pour les ménages vulnérables affectés par la crise au Haut-Katanga, au Nord-Kivu et au Sud-Kivu",10/1/2026 12:00:00 AM,6/30/2027 12:00:00 AM,9 Months,9000000,8411215,0,8/24/2026 5:41:09 PM,60027##73979##95357##104674,"4- Likely to contribute to gender equality, including across age groups",Disbursement,5,PRJ_DISBURSEMENT,675302.5200,9/25/2026 8:19:40 PM
24,[RA 4-Aout-2026 US] Assistance humanitaire vitale et rapide ciblant les zones de santé à forte sévérité des besoins,CBPF-DRC-26-R-INGO-NSFT-41128,,,2026,1,Norwegian Refugee Council,2,“CASH SANTÉ” - Direct Life-Saving response through MPCA and Emergency Health Services to Populations with high severity needs.,10/1/2026 12:00:00 AM,7/31/2027 12:00:00 AM,10 Months,6000015,5607490,0,8/24/2026 6:39:10 PM,47745##49693##36017##37487,"4- Likely to contribute to gender equality, including across age groups",Disbursement,5,PRJ_DISBURSEMENT,674454.1500,9/25/2026 8:27:01 PM
24,[RA 4-Aout-2026 US] Assistance humanitaire vitale et rapide ciblant les zones de santé à forte sévérité des besoins,CBPF-DRC-26-R-INGO-NSFT-41151,,,2026,1,Save the Children,2,Tumaini 4 : Maintien des services essentiels de santé et de nutrition et renforcement de la préparation et de la réponse à Ebola dans l’est de la RDC,9/23/2026 12:00:00 AM,7/24/2027 12:00:00 AM,10 Months 2 Days,9000000,8411215,0,8/24/2026 8:22:33 PM,117617##130780##134182##141076,"3- Likely to contribute to gender equality, but without attention to age groups",Disbursement,5,PRJ_DISBURSEMENT,675090.4275,10/1/2026 2:57:58 PM
24,[RA5-Septembre-2026 US] Assistance humanitaire vitale et rapide pour répondre aux besoins les plus critiques dans les zones de santé à forte sévérité intersectorielle,CBPF-DRC-26-R-INGO-NSFT-41584,,,2026,1,Cooperazione Internazionale - COOPI,2,"Réponse humanitaire en santé en nutrition d'urgence dans 5 Zones de santé dans les provinces de l'Ituri, Sud Kivu et Tshopo",10/12/2026 12:00:00 AM,8/11/2027 12:00:00 AM,10 Months,2750000,2570094,0,9/19/2026 10:51:45 PM,14815##17766##19642##22409,"4- Likely to contribute to gender equality, including across age groups",Technical Review,3,PRJ_BUDGET_CLR,679120.1850,1/1/0001 12:00:00 AM
24,[RA5-Septembre-2026 US] Assistance humanitaire vitale et rapide pour répondre aux besoins les plus critiques dans les zones de santé à forte sévérité intersectorielle,CBPF-DRC-26-R-INGO-NSFT-41615,,,2026,1,Concern,2,"Réponse humanitaire intégrée en Protection et Eau, Assainissement et Hygiène pour les populations affectées par les crises de déplacement à Nyemba et Beni, RDC.",10/15/2026 12:00:00 AM,8/14/2027 12:00:00 AM,10 Months,1050001,981309.4,0,9/19/2026 6:56:12 PM,3520##3520##4320##4640,"4- Likely to contribute to gender equality, including across age groups",Technical Review,3,PRJ_BUDGET_CLR,684210.4050,1/1/0001 12:00:00 AM
24,[RA5-Septembre-2026 US] Assistance humanitaire vitale et rapide pour répondre aux besoins les plus critiques dans les zones de santé à forte sévérité intersectorielle,CBPF-DRC-26-R-INGO-NSFT-41620,,,2026,1,International Medical Corps,2,"Soins vitaux pour les personnes vulnérables en contexte de la MVE dans les ZS de Boma-Mangbetu, Rungu et Wamba , Miti-Murhesa et Wanierukula.",10/14/2026 12:00:00 AM,4/13/2027 12:00:00 AM,6 Months,2807000,2623365,0,9/19/2026 7:18:18 PM,13621##14064##15360##15861,"4- Likely to contribute to gender equality, including across age groups",Technical Review,3,PRJ_TR_DRFT,706055.9325,1/1/0001 12:00:00 AM
24,[RA5-Septembre-2026 US] Assistance humanitaire vitale et rapide pour répondre aux besoins les plus critiques dans les zones de santé à forte sévérité intersectorielle,CBPF-DRC-26-R-INGO-NSFT-41629,,,2026,1,Alliance for International Medical Action,2,"Réponse rapide en santé et protection pour les populations vulnérables des provinces de l'Ituri, du Nord-Kivu, du Sud-Kivu.",10/15/2026 12:00:00 AM,7/31/2027 12:00:00 AM,9 Months 17 Days,2449979,2289700,0,9/20/2026 3:52:50 PM,60577##66955##92459##98837,"4- Likely to contribute to gender equality, including across age groups",Technical Review,3,PRJ_TR_DRFT,674029.9650,1/1/0001 12:00:00 AM
24,[RA5-Septembre-2026 US] Assistance humanitaire vitale et rapide pour répondre aux besoins les plus critiques dans les zones de santé à forte sévérité intersectorielle,CBPF-DRC-26-R-INGO-NSFT-41630,,,2026,1,Agency for Technical Cooperation and Development,2,"Réponse aux besoins critiques en Santé, WASH et Abris dans les zones de santé à forte sévérité du Tanganyika, du Sud-Kivu, et du Haut-Katanga",10/2/2026 12:00:00 AM,8/31/2027 12:00:00 AM,10 Months 30 Days,2700000,2523365,0,9/20/2026 4:15:37 PM,21831##26905##29510##32818,"4- Likely to contribute to gender equality, including across age groups",HC Final Approval,4,PRJ_HC_APPROVAL,675302.5200,1/1/0001 12:00:00 AM
24,[RA5-Septembre-2026 US] Assistance humanitaire vitale et rapide pour répondre aux besoins les plus critiques dans les zones de santé à forte sévérité intersectorielle,CBPF-DRC-26-R-INGO-NSFT-41636,,,2026,1,People In Need,2,"Réponse vitale en faveur des populations les plus vulnérables affectées par la malnutrition aiguë et exposées au choléra dans les zones de santé de Kalole, Lemera et Uvira, Sud Kivu, RDC",10/15/2026 12:00:00 AM,8/14/2027 12:00:00 AM,10 Months,1400000,1308411,0,9/20/2026 3:23:11 PM,22366##34365##27235##27236,"4- Likely to contribute to gender equality, including across age groups",HC Final Approval,4,PRJ_HC_APPROVAL,687391.7925,1/1/0001 12:00:00 AM
24,[RA5-Septembre-2026 US] Assistance humanitaire vitale et rapide pour répondre aux besoins les plus critiques dans les zones de santé à forte sévérité intersectorielle,CBPF-DRC-26-R-INGO-NSFT-41673,,,2026,1,Première Urgence Internationale,2,"Amélioration de l’accès à des services de santé essentiels, sûrs et de qualité dans les Zones de Santé de Masisi et Fizi, Est de la RDC",11/1/2026 12:00:00 AM,6/30/2027 12:00:00 AM,8 Months,1400000,1308411,0,9/20/2026 12:47:24 PM,8350##13147##13498##13789,"4- Likely to contribute to gender equality, including across age groups",Technical Review,3,PRJ_TR_DRFT,682301.5725,1/1/0001 12:00:00 AM
24,[RA5-Septembre-2026 US] Assistance humanitaire vitale et rapide pour répondre aux besoins les plus critiques dans les zones de santé à forte sévérité intersectorielle,CBPF-DRC-26-R-INGO-NSFT-41677,,,2026,1,Norwegian Refugee Council,2,"“TAYARI” – Direct Rapid Life-Saving response through Health, MPCA, Nutrition, WASH, and Protection Services to Populations with High-Severity Needs in Ituri, Nord Kivu et Sud Kivu provinces of DRC.",10/1/2026 12:00:00 AM,7/15/2027 12:00:00 AM,9 Months 15 Days,5970158,5579586,0,9/20/2026 5:34:17 PM,43450##45231##32777##34115,"4- Likely to contribute to gender equality, including across age groups",Technical Review,3,PRJ_TR_DRFT,674454.1500,1/1/0001 12:00:00 AM
24,[RA 4-Aout-2026 US] Assistance humanitaire vitale et rapide ciblant les zones de santé à forte sévérité des besoins,CBPF-DRC-26-R-NGO-NSFT-41030,,,2026,1,Réseau des associations congolaises des jeunes du Nord-Kivu,1,"Assistance monétaire à usage multiple aux personnes les plus vulnérables dans les zones de santé de Goma, Karisimbi et Kirotshe situées dans la province du Nord-Kivu",9/21/2026 12:00:00 AM,3/20/2027 12:00:00 AM,6 Months,1000000,934579.4,0,8/23/2026 5:40:39 AM,3621##3625##5000##5004,"4- Likely to contribute to gender equality, including across age groups",Implementation,6,PRJ_IMPL_RPT,728537.7375,9/22/2026 8:40:17 PM
24,[RA 4-Aout-2026 US] Assistance humanitaire vitale et rapide ciblant les zones de santé à forte sévérité des besoins,CBPF-DRC-26-R-NGO-NSFT-41033,,,2026,1,Programme de Promotion des Soins de santé primaires,1,"Réponse humanitaire en santé aux  déplacés, retournés et communautés hôtes se trouvant dans les zones de santé de Damas et Kilo, territoire de Djugu, province de l'Ituri",9/21/2026 12:00:00 AM,7/20/2027 12:00:00 AM,10 Months,1500000,1401869,0,8/24/2026 11:14:56 AM,17876##27285##19759##29166,"4- Likely to contribute to gender equality, including across age groups",Disbursement,5,PRJ_DISBURSEMENT,689088.5325,9/22/2026 7:43:26 PM
24,[RA 4-Aout-2026 US] Assistance humanitaire vitale et rapide ciblant les zones de santé à forte sévérité des besoins,CBPF-DRC-26-R-NGO-NSFT-41044,,,2026,1,Caritas Bunia,1,"Assistance humanitaire d’urgence en SECAL en faveur des populations vulnérables affectées par des multiple crises dans le Territoire de Djugu (ZS de Drodro, Bambu et Kilo), Province de l’Ituri, en RDC",9/28/2026 12:00:00 AM,8/27/2027 12:00:00 AM,11 Months,2000000,1869159,0,8/24/2026 7:08:12 PM,1685##1965##2714##2996,"4- Likely to contribute to gender equality, including across age groups",Implementation,6,PRJ_IMPL_RPT,690997.3650,9/21/2026 7:36:11 PM
24,[RA 4-Aout-2026 US] Assistance humanitaire vitale et rapide ciblant les zones de santé à forte sévérité des besoins,CBPF-DRC-26-R-NGO-NSFT-41108,,,2026,1,Caritas Congo asbl,1,"Assistance humanitaire vitale intégrée dans les zones de santé de Kibirizi, Masisi, Kalehe et Kwamouth (Nord-Kivu, Sud-Kivu et Maï-Ndombe)",9/25/2026 12:00:00 AM,6/24/2027 12:00:00 AM,9 Months,1000000,934579.4,0,8/21/2026 9:43:19 AM,2350##2938##1860##2644,1- Unlikely to contribute to gender equality (no gender equality measure and no age consideration),Disbursement,5,PRJ_DISBURSEMENT,694390.8450,9/28/2026 10:08:10 PM
24,[RA 4-Aout-2026 US] Assistance humanitaire vitale et rapide ciblant les zones de santé à forte sévérité des besoins,CBPF-DRC-26-R-NGO-NSFT-41146,,,2026,1,RESEAU DES MEDIAS POUR LE DEVELOPPEMENT,1,"Assistance alimentaire vitale et relance agricole d'urgence en faveur des populations affectées par les conflits dans les zones de santé de BINZA, BAMBO et KATOYI au Nord-Kivu",10/1/2026 12:00:00 AM,3/31/2027 12:00:00 AM,6 Months,1000000,934579.4,0,8/24/2026 10:00:50 PM,2380##2490##3045##3155,"3- Likely to contribute to gender equality, but without attention to age groups",Disbursement,5,PRJ_DISBURSEMENT,987290.5875,9/21/2026 7:37:23 PM
24,[RA5-Septembre-2026 US] Assistance humanitaire vitale et rapide pour répondre aux besoins les plus critiques dans les zones de santé à forte sévérité intersectorielle,CBPF-DRC-26-R-NGO-NSFT-41581,,,2026,1,FEMME CONGOLAISE POUR LE DEVELOPPEMENT,1,"Assistance Multisectorielle en Santé, Wash et Nutrition pour les populations plus affectées en Zones de Santé de Damas, Mangala,(Ituri) et Kimbi-Lulenge (Sud kivu)",10/15/2026 12:00:00 AM,8/14/2027 12:00:00 AM,10 Months,2125000,1985981,0,9/19/2026 8:26:29 PM,11000##40000##11000##30000,"4- Likely to contribute to gender equality, including across age groups",Technical Review,3,PRJ_BUDGET_CLR,995350.1025,1/1/0001 12:00:00 AM
24,[RA5-Septembre-2026 US] Assistance humanitaire vitale et rapide pour répondre aux besoins les plus critiques dans les zones de santé à forte sévérité intersectorielle,CBPF-DRC-26-R-NGO-NSFT-41583,,,2026,1,Association pour le Developpement Social et la Sauvegarde de l'Environnement,1,"Réponse Multisectorielle en Sante, Nutrition, et EHA en faveur des populations affectées par la crise humanitaire dans les ZS  Bambu, Isiro, Rungu et Wamba / Provinces de l'Ituri et du Haut Uele",10/15/2026 12:00:00 AM,8/31/2027 12:00:00 AM,10 Months 17 Days,2602940,2432654,0,9/20/2026 9:58:44 PM,28328##30198##14162##14036,,Technical Review,3,PRJ_TR_DRFT,691633.6425,1/1/0001 12:00:00 AM
24,[RA5-Septembre-2026 US] Assistance humanitaire vitale et rapide pour répondre aux besoins les plus critiques dans les zones de santé à forte sévérité intersectorielle,CBPF-DRC-26-R-NGO-NSFT-41602,,,2026,1,Programme de Promotion des Soins de santé primaires,1,"Réponse intégrée en nutrition et appui logistique au déploiement des EIR pour la riposte contre la MVE dans les ZS d'Adja, Bambu, Damas, Fataki, Kilo, Mangala, Nia-Nia (Ituri) et Buta (Bas-Uélé)",10/5/2026 12:00:00 AM,7/4/2027 12:00:00 AM,9 Months,1900000,1775701,0,9/20/2026 7:10:44 PM,6##9084##1881##1957,"4- Likely to contribute to gender equality, including across age groups",Technical Review,3,PRJ_UND_TR_HFU,689088.5325,1/1/0001 12:00:00 AM
24,[RA5-Septembre-2026 US] Assistance humanitaire vitale et rapide pour répondre aux besoins les plus critiques dans les zones de santé à forte sévérité intersectorielle,CBPF-DRC-26-R-NGO-NSFT-41608,,,2026,1,CONSEIL SUR LA SANTE ET L'ACADEMIE DE MEDECINE,1,"Réponse multisectorielle aux déplacés internes et populations hôtes des zones de Aungba, Itebero, Kalehe, Kibirizi et Mweso dans les prionvince du Nord-Kivu, Sud-Kivu et Ituri à l’Est de la RDC",10/12/2026 12:00:00 AM,8/11/2027 12:00:00 AM,10 Months,1850000,1728972,0,9/20/2026 6:34:32 PM,55230##59040##36185##39995,"4- Likely to contribute to gender equality, including across age groups",Disbursement,5,PRJ_DISBURSEMENT,976473.8700,10/2/2026 7:14:10 PM
24,[RA5-Septembre-2026 US] Assistance humanitaire vitale et rapide pour répondre aux besoins les plus critiques dans les zones de santé à forte sévérité intersectorielle,CBPF-DRC-26-R-NGO-NSFT-41619,,,2026,1,Rebuild Hope for Africa,1,"Réponse intégrée Nutrition-EHA en faveur des enfants, FEFA et ménages vulnérables dans les zones de santé de Kabambare et Punia,  Province du Maniema",10/12/2026 12:00:00 AM,7/11/2027 12:00:00 AM,9 Months,1175000,1098131,0,9/20/2026 9:06:56 AM,8223##8559##8909##9272,"4- Likely to contribute to gender equality, including across age groups",HC Final Approval,4,PRJ_HC_APPROVAL,686967.6075,1/1/0001 12:00:00 AM
24,[RA 4-Aout-2026 US] Assistance humanitaire vitale et rapide ciblant les zones de santé à forte sévérité des besoins,CBPF-DRC-26-R-O-NSFT-41002,,,2026,1,Croix-Rouge de la République Démocratique du Congo,4,"Approvisionnement et distribution d’intrants EDS et PCI-WASH dans les zones affectées par la Maladie à Virus Ebola en Ituri, Haut-Uélé et Tshopo",9/28/2026 12:00:00 AM,6/28/2027 12:00:00 AM,9 Months 1 Days,799958.8,747625,0,8/24/2026 1:49:17 PM,6000##6000##4000##4000,"4- Likely to contribute to gender equality, including across age groups",Disbursement,5,PRJ_DISBURSEMENT,973928.7600,9/25/2026 8:21:39 PM
24,[RA2-Mars-2026 US] Assistance humanitaire vitale et rapide ciblant les zones de santé à forte sévérité des besoins,CBPF-DRC-26-R-UN-NSFT-39497,,,2026,1,World Food Programme,3,Projet de renforcement de la sécurité alimentaire pour les personnes affectées par les crises à l’est de la RDC.,4/15/2026 12:00:00 AM,10/14/2026 12:00:00 AM,6 Months,4E+07,3.738318E+07,0,4/1/2026 7:02:39 PM,91465##113008##156074##177592,"3- Likely to contribute to gender equality, but without attention to age groups",Implementation,6,PRJ_IMPL_RPT,676362.9825,4/17/2026 5:24:48 PM
24,[RA2-Mars-2026 US] Assistance humanitaire vitale et rapide ciblant les zones de santé à forte sévérité des besoins,CBPF-DRC-26-R-UN-NSFT-39513,,,2026,1,International Organization for Migration,3,"Direct lifesaving Shelter/NFI, CCCM, WASH and Protection assistance for conflict-affected populations in Eastern Democratic Republic of the Congo",4/20/2026 12:00:00 AM,10/19/2026 12:00:00 AM,6 Months,7000000,6542056,0,4/1/2026 2:49:11 PM,51144##52873##64279##71527,"4- Likely to contribute to gender equality, including across age groups",Implementation,6,PRJ_IMPL_RPT,675938.7975,4/28/2026 3:11:25 PM
24,[RA2-Mars-2026 US] Assistance humanitaire vitale et rapide ciblant les zones de santé à forte sévérité des besoins,CBPF-DRC-26-R-UN-NSFT-39528,,,2026,1,United Nations High Commissioner for Refugees,3,"Safer Communities: Strengthening Protection Monitoring, Access to Services, and Durable Solutions in Eastern DRC",4/20/2026 12:00:00 AM,12/31/2026 12:00:00 AM,"8 Months, 12 Days",1.35E+07,1.267606E+07,0,4/1/2026 9:44:47 PM,52268##62658##17343##23264,"4- Likely to contribute to gender equality, including across age groups",Implementation,6,PRJ_IMPL_RPT,683362.0350,4/28/2026 3:10:25 PM
24,[RA2-Mars-2026 US] Assistance humanitaire vitale et rapide ciblant les zones de santé à forte sévérité des besoins,CBPF-DRC-26-R-UN-NSFT-39545,,,2026,1,United Nations Children's Fund,3,UNICEF Emergency Rapid Response (UniRR) and Nutrition continuity responses for treatment of acute malnutrition in Eastern DRC,4/20/2026 12:00:00 AM,12/31/2026 12:00:00 AM,"8 Months, 12 Days",1E+07,9345794,0,4/1/2026 5:54:10 PM,20025##25620##561868##574944,"4- Likely to contribute to gender equality, including across age groups",Implementation,6,PRJ_IMPL_RPT,675726.7050,4/17/2026 5:26:35 PM
24,[RA2-Mars-2026 US] Assistance humanitaire vitale et rapide ciblant les zones de santé à forte sévérité des besoins,CBPF-DRC-26-R-UN-NSFT-39546,,,2026,1,Food and Agriculture Organization of the United Nations,3,Assistance vitale à la production alimentaire d’urgence en faveur des ménages vulnérables dans les zones de santé prioritaires de l’Est de la RDC,4/22/2026 12:00:00 AM,10/21/2026 12:00:00 AM,6 Months,1E+07,9345794,0,4/1/2026 5:28:14 PM,64739##89406##123079##145442,"4- Likely to contribute to gender equality, including across age groups",Implementation,6,PRJ_IMPL_RPT,692482.0125,4/18/2026 4:52:12 PM
24,[RA 3-Juin-2026 US] Allocation for the Ebola Virus Disease (EVD) Outbreak,CBPF-DRC-26-R-UN-NSFT-40047,,,2026,1,Food and Agriculture Organization of the United Nations,3,Appui One Health à la riposte Ebola et à la sécurité alimentaire des communautés affectées,7/16/2026 12:00:00 AM,1/15/2027 12:00:00 AM,6 Months,3000000,2803738,0,7/2/2026 7:50:14 PM,10##10##10##10,"4- Likely to contribute to gender equality, including across age groups",Implementation,6,PRJ_IMPL_RPT,692482.0125,8/17/2026 7:18:15 PM
24,[RA 3-Juin-2026 US] Allocation for the Ebola Virus Disease (EVD) Outbreak,CBPF-DRC-26-R-UN-NSFT-40060,,,2026,1,United Nations Children's Fund,3,UNICEF Emergency Rapid Response (UniRR) and Nutrition continuity responses for treatment of acute malnutrition in Eastern DRC in the context of EVD,7/16/2026 12:00:00 AM,1/15/2027 12:00:00 AM,6 Months,3000000,2803738,0,7/8/2026 8:53:06 AM,0##12##0##0,"4- Likely to contribute to gender equality, including across age groups",Implementation,6,PRJ_IMPL_RPT,675726.7050,7/23/2026 4:47:10 PM
24,[RA 3-Juin-2026 US] Allocation for the Ebola Virus Disease (EVD) Outbreak,CBPF-DRC-26-R-UN-NSFT-40062,,,2026,1,United Nations High Commissioner for Refugees,3,"Strengthening Ebola Preparedness and Rapid Response Capacities for Internally Displaced Persons, Refugees, and Host Communities in Eastern Democratic Republic of the Congo",7/22/2026 12:00:00 AM,1/21/2027 12:00:00 AM,6 Months,2500007,2347424,0,7/6/2026 5:14:18 PM,72848##80181##27849##35406,"4- Likely to contribute to gender equality, including across age groups",Implementation,6,PRJ_IMPL_RPT,683362.0350,8/26/2026 7:16:39 PM
24,[RA 3-Juin-2026 US] Allocation for the Ebola Virus Disease (EVD) Outbreak,CBPF-DRC-26-R-UN-NSFT-40063,,,2026,1,International Organization for Migration,3,"Delivering Rapid, Data-Informed Life-Saving Ebola Virus Disease Response in High-Risk Health Zones of Eastern Democratic Republic of the Congo",7/23/2026 12:00:00 AM,1/22/2027 12:00:00 AM,6 Months,1979352,1849862,0,7/3/2026 12:09:10 PM,32633##40213##39522##42186,"4- Likely to contribute to gender equality, including across age groups",Implementation,6,PRJ_IMPL_RPT,675938.7975,8/12/2026 7:35:30 PM
24,[RA 4-Aout-2026 US] Assistance humanitaire vitale et rapide ciblant les zones de santé à forte sévérité des besoins,CBPF-DRC-26-R-UN-NSFT-41036,,,2026,1,World Food Programme,3,"Réponse humanitaire intégrée du PAM pour l’assistance alimentaire et nutritionnelle d’urgence aux populations affectées par Ebola, les déplacements et l’insécurité alimentaire en RDC",9/21/2026 12:00:00 AM,3/21/2027 12:00:00 AM,6 Months 1 Days,4.6E+07,4.299066E+07,0,8/26/2026 10:58:03 AM,110509##136538##188570##214568,"3- Likely to contribute to gender equality, but without attention to age groups",Disbursement,5,PRJ_IP_CNT_SIG,676362.9825,1/1/0001 12:00:00 AM
24,[RA 4-Aout-2026 US] Assistance humanitaire vitale et rapide ciblant les zones de santé à forte sévérité des besoins,CBPF-DRC-26-R-UN-NSFT-41038,,,2026,1,International Organization for Migration,3,Direct lifesaving Shelter/NFI and CCCM assistance for conflict-affected populations in Eastern DRC   ,9/21/2026 12:00:00 AM,8/20/2027 12:00:00 AM,11 Months,1500000,1401869,0,8/24/2026 11:05:54 AM,30235##30175##33784##33345,"4- Likely to contribute to gender equality, including across age groups",Disbursement,5,PRJ_IP_CNT_SIG,675938.7975,1/1/0001 12:00:00 AM
24,[RA 4-Aout-2026 US] Assistance humanitaire vitale et rapide ciblant les zones de santé à forte sévérité des besoins,CBPF-DRC-26-R-UN-NSFT-41046,,,2026,1,United Nations High Commissioner for Refugees,3,"Maintenir l'assistance vitale, renforcer la protection et consolider la confiance communautaire dans les zones affectées par les crises humanitaires et sanitaires en République démocratique du Congo",10/1/2026 12:00:00 AM,6/30/2027 12:00:00 AM,9 Months,3200001,2990655,0,8/24/2026 9:17:53 PM,80000##90000##45000##50000,"4- Likely to contribute to gender equality, including across age groups",Disbursement,5,PRJ_IP_CNT_SIG,683362.0350,1/1/0001 12:00:00 AM
24,[RA 4-Aout-2026 US] Assistance humanitaire vitale et rapide ciblant les zones de santé à forte sévérité des besoins,CBPF-DRC-26-R-UN-NSFT-41119,,,2026,1,Food and Agriculture Organization of the United Nations,3,Assistance agricole vitale et rapide pour la protection des moyens de subsistance dans les zones à forte sévérité à l’Est de la RDC,10/5/2026 12:00:00 AM,7/4/2027 12:00:00 AM,9 Months,1.5E+07,1.401869E+07,0,8/24/2026 9:59:35 PM,76230##141570##50820##94380,"4- Likely to contribute to gender equality, including across age groups",Disbursement,5,PRJ_IP_CNT_SIG,692482.0125,1/1/0001 12:00:00 AM
24,[RA 4-Aout-2026 US] Assistance humanitaire vitale et rapide ciblant les zones de santé à forte sévérité des besoins,CBPF-DRC-26-R-UN-NSFT-41205,,,2026,1,United Nations Children's Fund,3,"Integrated Multisectoral Emergency Response (Nutrition, WASH, Child Protection, and NFI/UniRR) for Crisis-Affected Populations in the DRC",10/1/2026 12:00:00 AM,6/30/2027 12:00:00 AM,9 Months,1.44E+07,1.345794E+07,0,8/24/2026 8:55:15 PM,27393##29849##1236755##1339196,"4- Likely to contribute to gender equality, including across age groups",Technical Review,3,PRJ_UND_TR_HFU,675726.7050,1/1/0001 12:00:00 AM
24,[RA5-Septembre-2026 US] Assistance humanitaire vitale et rapide pour répondre aux besoins les plus critiques dans les zones de santé à forte sévérité intersectorielle,CBPF-DRC-26-R-UN-NSFT-41675,,,2026,1,International Organization for Migration,3,Répondre aux besoins humanitaires urgents des communautés touchées par la crise et déplacées dans l'est de la RDC,10/1/2026 12:00:00 AM,8/31/2027 12:00:00 AM,11 Months,3771026,3524324,0,9/20/2026 7:57:09 PM,45535##54386##56828##57010,1- Unlikely to contribute to gender equality (no gender equality measure and no age consideration),Technical Review,3,PRJ_UND_TR_HFU,675938.7975,1/1/0001 12:00:00 AM
24,[RA5-Septembre-2026 US] Assistance humanitaire vitale et rapide pour répondre aux besoins les plus critiques dans les zones de santé à forte sévérité intersectorielle,CBPF-DRC-26-R-UN-NSFT-41683,,,2026,1,United Nations High Commissioner for Refugees,3,"Integrated Protection and Life-Saving Assistance for Refugees, IDPs and Returnees through Shelter, Core Relief Items (CRIs) and CCCM.",10/1/2026 12:00:00 AM,8/31/2027 12:00:00 AM,11 Months,4350010,4084517,0,9/20/2026 7:56:10 PM,42100##47200##13840##17900,"4- Likely to contribute to gender equality, including across age groups",Technical Review,3,PRJ_TR_DRFT,683362.0350,1/1/0001 12:00:00 AM
53,U.S.-Funded Rapid Life-Saving Response Allocation,CBPF-ETH-26-R-INGO-NSFT-39270,,,2026,1,GOAL,2,"Multi-sectoral Immediate Life-Saving Response to Population Movements, Supporting Refugees with Health and Nutrition Services in Gambella and Amhara regions",3/23/2026 12:00:00 AM,9/22/2026 12:00:00 AM,6 Months,2300000,2149533,0,3/10/2026 2:39:59 PM,130302##151267##129075##148467,"4- Likely to contribute to gender equality, including across age groups",Implementation,6,PRJ_UND_FINAL_RPT,2362094.5236,3/27/2026 2:00:36 PM
53,U.S.-Funded Rapid Life-Saving Response Allocation,CBPF-ETH-26-R-INGO-NSFT-39273,,,2026,1,Vétérinaires sans Frontières (Germany),2,Action for Lifesaving Emergency Response in Tigray &amp; Afar (ALERT) regions of Ethiopia.,3/23/2026 12:00:00 AM,9/22/2026 12:00:00 AM,6 Months,2400000,2242991,0,3/11/2026 9:07:06 AM,32611##32518##26940##26821,"4- Likely to contribute to gender equality, including across age groups",Implementation,6,PRJ_UND_FINAL_RPT,192551.6924,3/27/2026 9:49:31 AM
53,U.S.-Funded Rapid Life-Saving Response Allocation,CBPF-ETH-26-R-INGO-NSFT-39276,,,2026,1,World Vision International Ethiopia,2,Integrated Response in Amhara and Somali Regions.,3/23/2026 12:00:00 AM,9/22/2026 12:00:00 AM,6 Months,5250000,4906542,0,3/12/2026 10:08:27 AM,100541##104008##92013##96706,"4- Likely to contribute to gender equality, including across age groups",Implementation,6,PRJ_UND_FINAL_RPT,612924.4466,3/27/2026 2:19:54 PM
53,U.S.-Funded Rapid Life-Saving Response Allocation,CBPF-ETH-26-R-INGO-NSFT-39278,,,2026,1,Norwegian Refugee Council,2,"Multi-sectoral response for IDPs and Refugees in shock affected priority woredas of Afar, Tigray, Amhara, Oromia, Bennishangul Gumuz, Contested Areas and Somali regions. ",4/1/2026 12:00:00 AM,9/30/2026 12:00:00 AM,6 Months,5100000,4766355,0,3/10/2026 2:49:29 PM,41980##43601##54365##56478,"4- Likely to contribute to gender equality, including across age groups",Implementation,6,PRJ_UND_FINAL_RPT,2427867.1314,4/2/2026 3:45:17 PM
53,U.S.-Funded Rapid Life-Saving Response Allocation,CBPF-ETH-26-R-INGO-NSFT-39285,,,2026,1,Plan International,2,Emergency WASH and Shelter NFI Response for South Sudanese Refugees and IDPs in Gambella,3/23/2026 12:00:00 AM,9/22/2026 12:00:00 AM,6 Months,2000000,1869159,0,3/11/2026 10:11:08 AM,12423##25275##33031##33551,"4- Likely to contribute to gender equality, including across age groups",Implementation,6,PRJ_UND_FINAL_RPT,324096.9080,3/27/2026 2:08:22 PM
53,U.S.-Funded Rapid Life-Saving Response Allocation,CBPF-ETH-26-R-INGO-NSFT-39288,,,2026,1,Save the Children Fund,2,"Rapid, life-saving WASH and ESNFI support for vulnerable IDPs and host communities in Tigray, Amhara, Oromia, and Somali regions of Ethiopia.",4/1/2026 12:00:00 AM,9/30/2026 12:00:00 AM,6 Months,5100000,4766355,0,3/10/2026 10:56:02 AM,61870##63791##49664##48596,"4- Likely to contribute to gender equality, including across age groups",Implementation,6,PRJ_UND_FINAL_RPT,2744338.2298,4/1/2026 2:19:56 PM
53,U.S.-Funded Rapid Life-Saving Response Allocation,CBPF-ETH-26-R-NGO-NSFT-39275,,,2026,1,"Organization for Social Services, Health and Development",1,"Integrated Camp Coordination and Camp Management (CCCM) Services for Life-Saving Assistance in targeted IDP Sites, Tigray Region, Ethiopia",3/23/2026 12:00:00 AM,9/22/2026 12:00:00 AM,6 Months,1199979,1121476,0,3/11/2026 1:57:16 PM,24273##33682##27732##23087,"4- Likely to contribute to gender equality, including across age groups",Implementation,6,PRJ_UND_FINAL_RPT,10484534.9738,3/26/2026 8:48:06 PM
53,U.S.-Funded Rapid Life-Saving Response Allocation,CBPF-ETH-26-R-NGO-NSFT-39282,,,2026,1,Fayyaa Integrated Development Organization,1,"Rapid life-saving integrated response to disease outbreaks and acute malnutrition in Oromia Region, Ethiopia. ",4/1/2026 12:00:00 AM,9/30/2026 12:00:00 AM,6 Months,4550000,4252337,0,3/10/2026 1:59:37 PM,43117##56792##96436##99473,"4- Likely to contribute to gender equality, including across age groups",Implementation,6,PRJ_UND_FINAL_RPT,1842586.2446,3/26/2026 8:33:57 PM
53,U.S.-Funded Rapid Life-Saving Response Allocation,CBPF-ETH-26-R-NGO-NSFT-39287,,,2026,1,Positive Action for Development,1,Rapid Life-Saving Assistance through Camp Coordination and Multi-Purpose Cash Support for Populations in High-Severity Crisis Areas of Ethiopia.,3/23/2026 12:00:00 AM,9/22/2026 12:00:00 AM,6 Months,1550000,1448598,0,3/11/2026 8:05:27 AM,15502##20605##12233##11854,"4- Likely to contribute to gender equality, including across age groups",Implementation,6,PRJ_UND_FINAL_RPT,10464517.2236,3/25/2026 10:27:01 PM
53,U.S.-Funded Rapid Life-Saving Response Allocation,CBPF-ETH-26-R-NGO-NSFT-39293,,,2026,1,Mothers and Children Multisectoral Development Organization,1,Integrated Multisectoral Rapid Life-Saving Response to Disease Outbreaks and Acute Malnutrition in Seven Woredas of Tigray Region and Two Woredas of Contested Areas 3.,4/1/2026 12:00:00 AM,9/30/2026 12:00:00 AM,6 Months,4550000,4252337,0,3/10/2026 1:16:35 PM,30099##52839##22823##33250,"4- Likely to contribute to gender equality, including across age groups",Implementation,6,PRJ_UND_FINAL_RPT,1515629.6580,3/26/2026 8:32:36 PM
53,U.S.-Funded Rapid Life-Saving Response Allocation,CBPF-ETH-26-R-UN-NSFT-39286,,,2026,1,International Organization for Migration,3,Multi-sectoral response to population movement in Tigray and Contested Area 2 and multi-purpose cash assistance to support food security in Oromia,4/1/2026 12:00:00 AM,9/30/2026 12:00:00 AM,6 Months,1.165E+07,1.088785E+07,0,3/10/2026 2:59:23 PM,27829##28128##41451##45574,"4- Likely to contribute to gender equality, including across age groups",Implementation,6,PRJ_UND_FINAL_RPT,2386878.4048,4/6/2026 4:20:56 PM
53,U.S.-Funded Rapid Life-Saving Response Allocation,CBPF-ETH-26-R-UN-NSFT-39289,,,2026,1,World Food Programme,3,Ethiopia Life-Saving Food Assistance,3/23/2026 12:00:00 AM,9/22/2026 12:00:00 AM,6 Months,1.6325E+07,1.525701E+07,0,3/11/2026 3:47:14 PM,55536##126102##217189##212555,"4- Likely to contribute to gender equality, including across age groups",Implementation,6,PRJ_UND_FINAL_RPT,2539394.5968,3/30/2026 2:57:29 PM
53,U.S.-Funded Rapid Life-Saving Response Allocation,CBPF-ETH-26-R-UN-NSFT-39302,,,2026,1,Food and Agriculture Organization of the United Nations,3,"Lifesaving Humanitarian Assistance for Farmers, Pastoral and Agropastoral communities impacted by drought in Ethiopia",3/23/2026 12:00:00 AM,9/22/2026 12:00:00 AM,6 Months,9650000,9018692,0,3/10/2026 12:05:41 PM,114568##116580##135676##135676,1- Unlikely to contribute to gender equality (no gender equality measure and no age consideration),Implementation,6,PRJ_UND_FINAL_RPT,2668080.1338,3/30/2026 12:20:27 PM
53,U.S.-Funded Rapid Life-Saving Response Allocation,CBPF-ETH-26-R-UN-NSFT-39322,,,2026,1,United Nations Children's Fund,3,"Life-Saving Health, Nutrition and Safe Water Supply for vulnerable people in priority woredas affected by disease outbreaks and Acute malnutrition in Amhara, Oromia, Somali and Tigray Regions",4/1/2026 12:00:00 AM,9/30/2026 12:00:00 AM,6 Months,1.530001E+07,1.429907E+07,0,3/11/2026 5:42:40 AM,228510##226376##793832##758902,"4- Likely to contribute to gender equality, including across age groups",Implementation,6,PRJ_UND_FINAL_RPT,2516517.1680,3/31/2026 2:07:05 PM
53,U.S.-Funded Rapid Life-Saving Response Allocation,CBPF-ETH-26-R-UN-NSFT-39326,,,2026,1,United Nations High Commissioner for Refugees,3,"Rapid Life-Saving Response in Gambella, Somali, Tigray and Amhara Regions",4/1/2026 12:00:00 AM,9/30/2026 12:00:00 AM,6 Months,1.0075E+07,9460094,0,3/17/2026 5:56:18 AM,187702##203078##181216##151085,"4- Likely to contribute to gender equality, including across age groups",Implementation,6,PRJ_UND_FINAL_RPT,2506984.9060,4/8/2026 4:08:11 PM
59,Fast-tracked support to hyper-prioritized HNRP 2026 – US funding,CBPF-MM-26-R-INGO-NSFT-39333,,,2026,1,International NGO,2,Myanmar project,4/1/2026 12:00:00 AM,9/30/2026 12:00:00 AM,6 Months,1.1E+07,1.028037E+07,0,3/19/2026 6:55:58 AM,58445##67017##34927##35009,"4- Likely to contribute to gender equality, including across age groups",Implementation,6,PRJ_UND_FINAL_RPT,3194150.0240,3/31/2026 9:01:31 PM
59,Fast-tracked support to hyper-prioritized HNRP 2026 – US funding,CBPF-MM-26-R-INGO-NSFT-39334,,,2026,1,International NGO,2,Myanmar project,4/1/2026 12:00:00 AM,9/30/2026 12:00:00 AM,6 Months,4516245,4220790,0,3/19/2026 9:07:32 AM,25679##26551##12260##12831,"4- Likely to contribute to gender equality, including across age groups",Reporting,7,PRJ_UND_FINAL_RPT,640247.5270,3/31/2026 10:00:28 PM
59,Fast-tracked support to hyper-prioritized HNRP 2026 – US funding,CBPF-MM-26-R-INGO-NSFT-39335,,,2026,1,International NGO,2,Myanmar project,4/1/2026 12:00:00 AM,9/30/2026 12:00:00 AM,6 Months,1.05E+07,9813084,0,3/19/2026 2:55:39 AM,83835##112183##45981##55897,"4- Likely to contribute to gender equality, including across age groups",Implementation,6,PRJ_UND_FINAL_RPT,603628.2035,3/31/2026 10:28:50 PM
59,Fast-tracked support to hyper-prioritized HNRP 2026 – US funding,CBPF-MM-26-R-INGO-NSFT-39337,,,2026,1,International NGO,2,Myanmar project,4/1/2026 12:00:00 AM,9/30/2026 12:00:00 AM,6 Months,7300000,6822430,0,3/19/2026 10:05:16 AM,36780##60087##29629##31623,"4- Likely to contribute to gender equality, including across age groups",Reporting,7,PRJ_UND_FINAL_RPT,4774687.2770,4/2/2026 12:01:04 AM
59,Fast-tracked support to hyper-prioritized HNRP 2026 – US funding,CBPF-MM-26-R-INGO-NSFT-39343,,,2026,1,International NGO,2,Myanmar project,4/1/2026 12:00:00 AM,9/30/2026 12:00:00 AM,6 Months,1E+07,9345794,0,3/19/2026 8:55:31 AM,49910##64654##40142##45793,"4- Likely to contribute to gender equality, including across age groups",Reporting,7,PRJ_UND_FINAL_RPT,760736.9140,4/7/2026 3:58:24 PM
59,Fast-tracked support to hyper-prioritized HNRP 2026 – US funding,CBPF-MM-26-R-INGO-NSFT-39350,,,2026,1,International NGO,2,Myanmar project,4/1/2026 12:00:00 AM,9/30/2026 12:00:00 AM,6 Months,4500000,4205608,0,3/19/2026 9:49:14 AM,31429##39893##16073##20174,"4- Likely to contribute to gender equality, including across age groups",Reporting,7,PRJ_UND_FINAL_RPT,3203600.1720,4/7/2026 5:12:31 PM
59,Fast-tracked support to hyper-prioritized HNRP 2026 – US funding,CBPF-MM-26-R-INGO-NSFT-39351,,,2026,1,International NGO,2,Myanmar project,4/1/2026 12:00:00 AM,9/30/2026 12:00:00 AM,6 Months,4500000,4205608,0,3/19/2026 3:42:38 AM,34443##36682##17530##18961,"4- Likely to contribute to gender equality, including across age groups",Reporting,7,PRJ_UND_FINAL_RPT,13982675.2345,4/1/2026 11:31:56 PM
59,Fast-tracked support to hyper-prioritized HNRP 2026 – US funding,CBPF-MM-26-R-INGO-NSFT-39430,,,2026,1,International NGO,2,Myanmar project,4/1/2026 12:00:00 AM,9/30/2026 12:00:00 AM,6 Months,4500000,4205608,0,3/18/2026 4:50:11 PM,38531##49112##22601##24503,"4- Likely to contribute to gender equality, including across age groups",Reporting,7,PRJ_UND_FINAL_RPT,2967346.4720,3/31/2026 9:35:09 PM
59,Fast-tracked support to hyper-prioritized HNRP 2026 – US funding,CBPF-MM-26-R-INGO-NSFT-39476,,,2026,1,International NGO,2,Myanmar project,4/3/2026 12:00:00 AM,10/2/2026 12:00:00 AM,6 Months,5000000,4672897,0,3/19/2026 12:04:52 PM,43058##53798##19515##19003,"4- Likely to contribute to gender equality, including across age groups",Reporting,7,PRJ_UND_FINAL_RPT,3012234.6750,4/23/2026 1:07:50 PM
59,Fast-tracked support to hyper-prioritized HNRP 2026 – US funding,CBPF-MM-26-R-UN-NSFT-39336,,,2026,1,UN Agency,3,Myanmar project,4/1/2026 12:00:00 AM,9/30/2026 12:00:00 AM,6 Months,2.5E+07,2.336449E+07,0,3/19/2026 9:40:57 AM,94640##101920##83720##83720,"4- Likely to contribute to gender equality, including across age groups",Reporting,7,PRJ_UND_FINAL_RPT,3144536.7470,3/30/2026 12:12:20 PM
59,Fast-tracked support to hyper-prioritized HNRP 2026 – US funding,CBPF-MM-26-R-UN-NSFT-39349,,,2026,1,UN Agency,3,Myanmar project,4/1/2026 12:00:00 AM,9/30/2026 12:00:00 AM,6 Months,1.25E+07,1.168224E+07,0,3/19/2026 8:57:29 AM,143440##173642##57775##60245,"4- Likely to contribute to gender equality, including across age groups",Reporting,7,PRJ_UND_FINAL_RPT,2955533.7870,4/3/2026 12:57:04 PM
59,Fast-tracked support to hyper-prioritized HNRP 2026 – US funding,CBPF-MM-26-R-UN-NSFT-39357,,,2026,1,UN Agency,3,Myanmar project,4/1/2026 12:00:00 AM,9/30/2026 12:00:00 AM,6 Months,5007001,4679440,0,3/19/2026 9:47:06 AM,56330##63638##29095##28315,0- Does not systematically link programming actions,Reporting,7,PRJ_UND_FINAL_RPT,3074841.9055,4/3/2026 12:38:42 PM
59,Fast-tracked support to hyper-prioritized HNRP 2026 – US funding,CBPF-MM-26-R-UN-NSFT-39397,,,2026,1,UN Agency,3,Myanmar project,4/1/2026 12:00:00 AM,9/30/2026 12:00:00 AM,6 Months,3500000,3271028,0,3/19/2026 9:21:13 AM,19543##21950##10781##10726,"4- Likely to contribute to gender equality, including across age groups",Implementation,6,PRJ_UND_FINAL_RPT,584727.9075,3/31/2026 9:49:14 PM
59,Fast-tracked support to hyper-prioritized HNRP 2026 – US funding,CBPF-MM-26-R-UN-NSFT-39417,,,2026,1,UN Agency,3,Myanmar project,4/1/2026 12:00:00 AM,9/30/2026 12:00:00 AM,6 Months,1.780855E+07,1.664351E+07,0,3/19/2026 10:08:34 AM,39677##48545##28139##31064,"3- Likely to contribute to gender equality, but without attention to age groups",Reporting,7,PRJ_UND_FINAL_RPT,3116186.3030,3/30/2026 1:42:48 PM
59,Fast-tracked support to hyper-prioritized HNRP 2026 – US funding,CBPF-MM-26-R-UN-NSFT-39426,,,2026,1,UN Agency,3,Myanmar project,4/3/2026 12:00:00 AM,10/2/2026 12:00:00 AM,6 Months,1.030001E+07,9671370,0,3/19/2026 9:15:52 AM,121747##142791##56649##53203,"4- Likely to contribute to gender equality, including across age groups",Implementation,6,PRJ_UND_FINAL_RPT,3104373.6180,4/13/2026 6:02:35 PM
62,Fast-tracking Lifesaving and Protection Assistance in Support of the Humanitarian Reset and Transition in Syria,CBPF-SYR-26-R-INGO-NSFT-39518,,,2026,1,Mercy Corps,2,Syria Multi-Sector Humanitarian Response (SMHR),5/1/2026 12:00:00 AM,10/31/2026 12:00:00 AM,6 Months,6000000,5607477,0,4/9/2026 3:49:40 PM,76477##91356##97586##94501,"4- Likely to contribute to gender equality, including across age groups",Implementation,6,PRJ_IMPL_RPT,14990727.9080,4/28/2026 3:53:30 PM
62,Fast-tracking Lifesaving and Protection Assistance in Support of the Humanitarian Reset and Transition in Syria,CBPF-SYR-26-R-INGO-NSFT-39519,,,2026,1,Danish Refugee Council,2,"Integrated life-saving WASH, MPCA and mine action response for conflict-affected communities in Syria",4/20/2026 12:00:00 AM,10/19/2026 12:00:00 AM,6 Months,3400000,3177570,0,4/2/2026 2:27:10 PM,19266##20133##19924##20927,"4- Likely to contribute to gender equality, including across age groups",Implementation,6,PRJ_IMPL_RPT,3507663.3610,4/23/2026 1:27:33 PM
62,Fast-tracking Lifesaving and Protection Assistance in Support of the Humanitarian Reset and Transition in Syria,CBPF-SYR-26-R-INGO-NSFT-39521,,,2026,1,Norwegian Refugee Council,2,"Integrated Life-saving Emergency Response for IDPs, Returnees, and Vulnerable Communities in Southern, Northwest, and Northeast Syria",5/1/2026 12:00:00 AM,10/31/2026 12:00:00 AM,6 Months,6000000,5607477,0,4/15/2026 12:16:49 PM,43238##49795##69059##59780,"4- Likely to contribute to gender equality, including across age groups",Implementation,6,PRJ_IMPL_RPT,3327649.3990,4/27/2026 2:13:14 PM
62,Fast-tracking Lifesaving and Protection Assistance in Support of the Humanitarian Reset and Transition in Syria,CBPF-SYR-26-R-INGO-NSFT-39522,,,2026,1,Relief International,2,"Provision of Lifesaving Health, Nutrition and Protection Services in Syria",4/26/2026 12:00:00 AM,10/25/2026 12:00:00 AM,6 Months,6000000,5607477,0,4/15/2026 2:08:18 PM,31129##82265##47519##50165,"4- Likely to contribute to gender equality, including across age groups",Implementation,6,PRJ_IMPL_RPT,14981596.7650,4/24/2026 1:26:08 PM
62,Fast-tracking Lifesaving and Protection Assistance in Support of the Humanitarian Reset and Transition in Syria,CBPF-SYR-26-R-INGO-NSFT-39527,,,2026,1,International Medical Corps UK,2,Fast‑Tracking Life‑Saving Health Services with Integrated Protection Support in Syria,4/17/2026 12:00:00 AM,10/16/2026 12:00:00 AM,6 Months,5000000,4672897,0,4/2/2026 4:15:45 PM,14423##32606##18642##28252,"4- Likely to contribute to gender equality, including across age groups",Implementation,6,PRJ_IMPL_RPT,3533752.3410,5/4/2026 5:06:03 PM
62,Fast-tracking Lifesaving and Protection Assistance in Support of the Humanitarian Reset and Transition in Syria,CBPF-SYR-26-R-INGO-NSFT-39529,,,2026,1,World Vision International,2,Integrated Lifesaving Response in Syria: Support and Assistance for Needs-Based Aid Delivery (SANAD),4/19/2026 12:00:00 AM,10/18/2026 12:00:00 AM,6 Months,6000000,5607477,0,4/15/2026 9:30:23 AM,73576##81620##72898##63277,"4- Likely to contribute to gender equality, including across age groups",Implementation,6,PRJ_IMPL_RPT,15147261.7880,4/23/2026 5:15:52 PM
62,Fast-tracking Lifesaving and Protection Assistance in Support of the Humanitarian Reset and Transition in Syria,CBPF-SYR-26-R-INGO-NSFT-39535,,,2026,1,GOAL,2,Multi-sectoral life-saving assistance to address acute needs of vulnerable households in high-severity areas of Idleb and Aleppo,4/20/2026 12:00:00 AM,10/19/2026 12:00:00 AM,6 Months,6000000,5607477,0,4/8/2026 1:51:19 PM,14103##16324##21247##20926,"4- Likely to contribute to gender equality, including across age groups",Implementation,6,PRJ_IMPL_RPT,15145957.3390,4/24/2026 1:27:06 PM
62,Fast-tracking Lifesaving and Protection Assistance in Support of the Humanitarian Reset and Transition in Syria,CBPF-SYR-26-R-INGO-NSFT-39538,,,2026,1,Action Against Hunger- Spain,2,"Integrated Life-Saving Assistance for Crisis-Affected Populations in High-Severity Areas in Aleppo, Al-Hasakeh, Hama, and Idleb",5/1/2026 12:00:00 AM,10/31/2026 12:00:00 AM,6 Months,4500000,4205608,0,4/1/2026 3:01:27 PM,200675##222078##206048##186759,"4- Likely to contribute to gender equality, including across age groups",Implementation,6,PRJ_IMPL_RPT,845282.9520,4/23/2026 1:25:40 PM
62,Fast-tracking Lifesaving and Protection Assistance in Support of the Humanitarian Reset and Transition in Syria,CBPF-SYR-26-R-INGO-NSFT-39539,,,2026,1,Agency for Technical Cooperation and Development,2,"Provision of six rounds of Regular Food Assistance through Cash and Voucher Assistance to vulnerable food-insecure households in Hasakeh, Deir-ez-Zor, and Idleb governorates ",4/20/2026 12:00:00 AM,10/19/2026 12:00:00 AM,6 Months,6000000,5607477,0,4/7/2026 3:01:57 PM,10450##11550##16500##16500,"4- Likely to contribute to gender equality, including across age groups",Implementation,6,PRJ_IMPL_RPT,14985510.1120,4/24/2026 1:31:48 PM
62,Fast-tracking Lifesaving and Protection Assistance in Support of the Humanitarian Reset and Transition in Syria,CBPF-SYR-26-R-INGO-NSFT-39542,,,2026,1,Première Urgence Internationale,2,Multi-Sector Emergency Support for Vulnerable Households Across Six Governorates in Syria,5/1/2026 12:00:00 AM,10/31/2026 12:00:00 AM,6 Months,5000000,4672897,0,4/2/2026 5:19:56 PM,22163##26122##24023##24699,"4- Likely to contribute to gender equality, including across age groups",Implementation,6,PRJ_IMPL_RPT,3751595.3240,5/6/2026 11:58:42 AM
62,Fast-tracking Lifesaving and Protection Assistance in Support of the Humanitarian Reset and Transition in Syria,CBPF-SYR-26-R-INGO-NSFT-39550,,,2026,1,CARE International,2,"Providing Access to Lifesaving WASH, Health, Food and Protection Services for Vulnerable Communities in Syria",4/16/2026 12:00:00 AM,10/15/2026 12:00:00 AM,6 Months,6000000,5607477,0,4/2/2026 4:11:44 PM,99569##105084##83428##104558,"4- Likely to contribute to gender equality, including across age groups",Implementation,6,PRJ_IMPL_RPT,14989423.4590,4/24/2026 1:27:59 PM
62,Fast-tracking Lifesaving and Protection Assistance in Support of the Humanitarian Reset and Transition in Syria,CBPF-SYR-26-R-INGO-NSFT-39557,,,2026,1,People in Need,2,"Provision of Multisectoral Lifesaving Assistance to Most Vulnerable Households in Saraqeb, Maskana; and Ar-Raqqa",4/21/2026 12:00:00 AM,10/20/2026 12:00:00 AM,6 Months,3000000,2803738,0,4/7/2026 2:00:47 PM,8135##7500##11054##11121,"4- Likely to contribute to gender equality, including across age groups",Implementation,6,PRJ_IMPL_RPT,14988119.0100,4/29/2026 2:36:40 PM
62,Fast-tracking Lifesaving and Protection Assistance in Support of the Humanitarian Reset and Transition in Syria,CBPF-SYR-26-R-UN-NSFT-39525,,,2026,1,Food and Agriculture Organization of the United Nations,3,"Protecting food production systems and livestock assets of high-severity food insecure households in Northeast Syria (Al-Hasakeh, Ar-Raqqa and Deir-Ez-Zor)",4/21/2026 12:00:00 AM,10/20/2026 12:00:00 AM,6 Months,5000000,4672897,0,4/8/2026 11:55:53 AM,27095##28963##17753##19621,2- Unlikely to contribute to gender equality (no gender equality measure but includes age consideration),Implementation,6,PRJ_IMPL_RPT,3687677.3230,4/27/2026 2:15:02 PM
62,Fast-tracking Lifesaving and Protection Assistance in Support of the Humanitarian Reset and Transition in Syria,CBPF-SYR-26-R-UN-NSFT-39526,,,2026,1,United Nations Children's Fund,3,"Fast-Tracking Lifesaving Health, Nutrition, CP, WASH and Multipurpose Cash support",5/1/2026 12:00:00 AM,10/31/2026 12:00:00 AM,6 Months,2.2E+07,2.056075E+07,0,4/19/2026 11:37:45 AM,131159##400000##500000##500000,"4- Likely to contribute to gender equality, including across age groups",Implementation,6,PRJ_IMPL_RPT,3446354.2580,4/29/2026 2:34:19 PM
62,Fast-tracking Lifesaving and Protection Assistance in Support of the Humanitarian Reset and Transition in Syria,CBPF-SYR-26-R-UN-NSFT-39537,,,2026,1,United Nations High Commissioner for Refugees,3,"Facilitating voluntary, safe, and dignified returns and emergency response for vulnerable returnees and displaced households in Syria",5/1/2026 12:00:00 AM,10/31/2026 12:00:00 AM,6 Months,2.5E+07,2.347418E+07,0,4/7/2026 2:06:52 PM,76221##79671##74494##71198,"3- Likely to contribute to gender equality, but without attention to age groups",Implementation,6,PRJ_IMPL_RPT,3432005.3190,4/27/2026 2:14:06 PM
62,Fast-tracking Lifesaving and Protection Assistance in Support of the Humanitarian Reset and Transition in Syria,CBPF-SYR-26-R-UN-NSFT-39540,,,2026,1,World Food Programme,3,Targeted Food Assistance and Nutrition‑Sensitive Support for Vulnerable Food‑Insecure Households and Pregnant and Breastfeeding Women and Girls,5/1/2026 12:00:00 AM,10/31/2026 12:00:00 AM,6 Months,2.5E+07,2.336449E+07,0,4/10/2026 1:26:44 PM,92257##101072##122551##124430,"4- Likely to contribute to gender equality, including across age groups",Implementation,6,PRJ_IMPL_RPT,3476356.5850,4/27/2026 2:12:03 PM
62,Fast-tracking Lifesaving and Protection Assistance in Support of the Humanitarian Reset and Transition in Syria,CBPF-SYR-26-R-UN-NSFT-39556,,,2026,1,International Organization for Migration,3,Reducing immediate life threatening risks and providing life-saving assistance to displaced and returning populations in high-severity areas in Syria,4/29/2026 12:00:00 AM,10/28/2026 12:00:00 AM,6 Months,6000000,5607477,0,4/2/2026 5:52:21 PM,27133##29598##30832##35765,"4- Likely to contribute to gender equality, including across age groups",Implementation,6,PRJ_IMPL_RPT,3267644.7450,5/4/2026 5:07:03 PM
75,"Life-saving, multi-sectoral response to escalating and urgent needs in Nigeria.",CBPF-NGA-26-R-INGO-NSFT-39366,,,2026,1,International Rescue Committee,2,Multi‑Sector Life‑Saving Assistance in Northeast Nigeria and Targeted Nutrition Response in the Northwest,4/2/2026 12:00:00 AM,10/1/2026 12:00:00 AM,6 Months,1E+07,9345794,0,3/19/2026 4:26:58 PM,27481##71227##76478##86114,"4- Likely to contribute to gender equality, including across age groups",Implementation,6,PRJ_UND_FINAL_RPT,4806421.3500,4/17/2026 11:36:10 AM
75,"Life-saving, multi-sectoral response to escalating and urgent needs in Nigeria.",CBPF-NGA-26-R-INGO-NSFT-39367,,,2026,1,Norwegian Refugee Council,2,"Emergency Protection Support for Displacement-affected Communities in Damaturu, Konduga and Mafa LGAs ",4/5/2026 12:00:00 AM,10/4/2026 12:00:00 AM,6 Months,1500000,1401869,0,3/18/2026 5:11:18 PM,6160##11440##9240##17160,"4- Likely to contribute to gender equality, including across age groups",Implementation,6,PRJ_IMPL_RPT,4873230.2250,4/17/2026 11:48:37 AM
75,"Life-saving, multi-sectoral response to escalating and urgent needs in Nigeria.",CBPF-NGA-26-R-INGO-NSFT-39375,,,2026,1,Family Health International Nigeria,2,Integrated Humanitarian Assistance in Northeast Nigeria (IHANN),4/5/2026 12:00:00 AM,10/4/2026 12:00:00 AM,6 Months,5500000,5140187,0,3/18/2026 9:06:05 AM,21856##35672##41285##46274,"4- Likely to contribute to gender equality, including across age groups",Implementation,6,PRJ_IMPL_RPT,3025487.6250,4/17/2026 7:36:27 PM
75,"Life-saving, multi-sectoral response to escalating and urgent needs in Nigeria.",CBPF-NGA-26-R-INGO-NSFT-39387,,,2026,1,Solidarités International,2,"Provision of life-saving WASH assistance to communities affected by the crisis in Borno State, Nigeria.",4/5/2026 12:00:00 AM,10/4/2026 12:00:00 AM,6 Months,1200000,1121495,0,3/19/2026 2:09:43 PM,19583##25957##22987##30473,"4- Likely to contribute to gender equality, including across age groups",Implementation,6,PRJ_IMPL_RPT,4951492.0500,4/17/2026 7:39:57 PM
75,"Life-saving, multi-sectoral response to escalating and urgent needs in Nigeria.",CBPF-NGA-26-R-INGO-NSFT-39390,,,2026,1,INTERSOS,2,"Rapid Life-Saving Health and Nutrition Response for Vulnerable Populations in Dikwa, Magumeri, Maiduguri and Monguno, Borno State",4/5/2026 12:00:00 AM,10/4/2026 12:00:00 AM,6 Months,6900000,6448598,0,3/19/2026 8:24:04 PM,42591##89639##30397##32673,"4- Likely to contribute to gender equality, including across age groups",Implementation,6,PRJ_IMPL_RPT,4768244.8500,4/15/2026 5:27:15 PM
75,"Life-saving, multi-sectoral response to escalating and urgent needs in Nigeria.",CBPF-NGA-26-R-INGO-NSFT-39419,,,2026,1,Street Child,2,"Provision of Lifesaving Integrated Protection Response for Vulnerable Communities in Dikwa, Jere and Mobbar  local government areas of Borno state.",4/5/2026 12:00:00 AM,10/4/2026 12:00:00 AM,6 Months,1500000,1401869,0,3/19/2026 5:02:00 PM,12000##32000##11000##11000,"4- Likely to contribute to gender equality, including across age groups",Implementation,6,PRJ_IMPL_RPT,3193464.2250,4/20/2026 7:33:47 PM
75,"Life-saving, multi-sectoral response to escalating and urgent needs in Nigeria.",CBPF-NGA-26-R-INGO-NSFT-39449,,,2026,1,Mercy Corps,2,Integrated Lifesaving WASH &amp; Nutrition Response in Borno and Yobe,4/8/2026 12:00:00 AM,10/7/2026 12:00:00 AM,6 Months,8000000,7476636,0,3/19/2026 4:07:09 PM,30536##34968##38196##49500,"3- Likely to contribute to gender equality, but without attention to age groups",Implementation,6,PRJ_IMPL_RPT,5163371.6250,4/17/2026 7:32:43 PM
75,"Life-saving, multi-sectoral response to escalating and urgent needs in Nigeria.",CBPF-NGA-26-R-INGO-NSFT-39462,,,2026,1,Save the Children Fund,2,Life-saving integrated health and nutrition interventions for women and children facing acute malnutrition in Borno and Yobe states,4/5/2026 12:00:00 AM,10/4/2026 12:00:00 AM,6 Months,9000000,8411215,0,3/19/2026 12:33:02 PM,40335##66975##143327##151466,"4- Likely to contribute to gender equality, including across age groups",Implementation,6,PRJ_IMPL_RPT,5501233.6500,4/20/2026 10:27:33 AM
75,"Life-saving, multi-sectoral response to escalating and urgent needs in Nigeria.",CBPF-NGA-26-R-NGO-NSFT-39362,,,2026,1,Royal Heritage Health Foundation,1,"Strengthening Life-Saving Multi-Sectoral Protection, Child Protection, GBV Response, and PSEA Accountability for Vulnerable Populations in Monguno and Kala/Balge LGAs, Borno State.",4/2/2026 12:00:00 AM,10/1/2026 12:00:00 AM,6 Months,800000,747663.6,0,3/19/2026 10:05:28 AM,7192##12823##6366##9619,"4- Likely to contribute to gender equality, including across age groups",Implementation,6,PRJ_UND_FINAL_RPT,7889173.7250,4/15/2026 4:18:59 PM
75,"Life-saving, multi-sectoral response to escalating and urgent needs in Nigeria.",CBPF-NGA-26-R-NGO-NSFT-39371,,,2026,1,Future Resilience and Development Foundation,1,Integrated Life-Saving Nutrition and WASH Response for At-Risk Populations to Reduce Vulnerability in Borno State,4/2/2026 12:00:00 AM,10/1/2026 12:00:00 AM,6 Months,900000,841121.5,0,3/19/2026 1:54:51 PM,3437##4042##8576##10045,"4- Likely to contribute to gender equality, including across age groups",Implementation,6,PRJ_UND_FINAL_RPT,20661121.8000,4/15/2026 4:03:14 PM
75,"Life-saving, multi-sectoral response to escalating and urgent needs in Nigeria.",CBPF-NGA-26-R-NGO-NSFT-39422,,,2026,1,"Center for Advocacy, Transparency, and Accountability Initiative",1,"Integrated Life-Saving Nutrition and Protection Assistance for Conflict-Affected Populations in Kaga, Konduga and Ngala LGAs, Borno State",4/2/2026 12:00:00 AM,10/1/2026 12:00:00 AM,6 Months,1500000,1401869,0,3/19/2026 1:01:59 PM,6050##15436##10438##16186,"4- Likely to contribute to gender equality, including across age groups",Implementation,6,PRJ_UND_FINAL_RPT,20571407.0250,4/15/2026 4:22:46 PM
75,"Life-saving, multi-sectoral response to escalating and urgent needs in Nigeria.",CBPF-NGA-26-R-NGO-NSFT-39424,,,2026,1,Grow Strong Foundation,1,"Scaling Community-Based, Multi-sectoral Life-saving Protection Services for At-Risk Children, Women, and Families affected by Conflict in Borno and Yobe state (SCALE)",4/3/2026 12:00:00 AM,10/2/2026 12:00:00 AM,6 Months,800000.9,747664.4,0,3/18/2026 9:20:18 PM,4950##8450##9300##13300,"4- Likely to contribute to gender equality, including across age groups",Implementation,6,PRJ_UND_FINAL_RPT,7629573.5250,4/17/2026 11:16:56 AM
75,"Life-saving, multi-sectoral response to escalating and urgent needs in Nigeria.",CBPF-NGA-26-R-NGO-NSFT-39439,,,2026,1,Life at Best Development Initiative,1,Integrated Life-Saving Response to Address Escalating Humanitarian Needs in Borno and Yobe States,4/5/2026 12:00:00 AM,10/4/2026 12:00:00 AM,6 Months,900000,841121.5,0,3/19/2026 7:41:27 PM,4978##5652##7404##8766,"4- Likely to contribute to gender equality, including across age groups",Implementation,6,PRJ_IMPL_RPT,3124746.5250,4/15/2026 3:59:36 PM
75,"Life-saving, multi-sectoral response to escalating and urgent needs in Nigeria.",CBPF-NGA-26-R-UN-NSFT-39374,,,2026,1,United Nations Children's Fund,3,Provision of emergency WASH and Nutrition services to reach the most vulnerable children and families in19 hyper-prioritized LGAs in Nigeria,4/13/2026 12:00:00 AM,10/12/2026 12:00:00 AM,6 Months,1.48E+07,1.383178E+07,0,3/19/2026 7:12:04 PM,34825##209340##307992##377843,"4- Likely to contribute to gender equality, including across age groups",Implementation,6,PRJ_IMPL_RPT,5050750.9500,4/20/2026 7:31:58 PM
75,"Life-saving, multi-sectoral response to escalating and urgent needs in Nigeria.",CBPF-NGA-26-R-UN-NSFT-39376,,,2026,1,World Food Programme,3,Providing Life-saving Food Assistance to Food Insecure Households in Northern Nigeria 2026,4/5/2026 12:00:00 AM,10/4/2026 12:00:00 AM,6 Months,4.9E+07,4.579439E+07,0,3/19/2026 6:27:47 PM,120669##276370##193181##188407,"4- Likely to contribute to gender equality, including across age groups",Implementation,6,PRJ_IMPL_RPT,5094653.9250,4/23/2026 10:45:16 AM
75,"Life-saving, multi-sectoral response to escalating and urgent needs in Nigeria.",CBPF-NGA-26-R-UN-NSFT-39380,,,2026,1,United Nations High Commissioner for Refugees,3,"Provision of Life-Saving Protection Interventions for Conflict-Affected and Displacement-Affected Populations in Makurdi and Guma LGAs, Benue State.",4/5/2026 12:00:00 AM,10/4/2026 12:00:00 AM,6 Months,4200054,3943713,0,3/19/2026 7:33:06 PM,19408##29112##17467##31053,"4- Likely to contribute to gender equality, including across age groups",Implementation,6,PRJ_IMPL_RPT,5027845.0500,4/17/2026 7:28:36 PM
75,"Life-saving, multi-sectoral response to escalating and urgent needs in Nigeria.",CBPF-NGA-26-R-UN-NSFT-39398,,,2026,1,International Organization for Migration,3,Strengthening Life-Saving WASH Services and Humanitarian Hub Support in Northeast Nigeria,4/5/2026 12:00:00 AM,10/4/2026 12:00:00 AM,6 Months,5000000,4672897,0,3/19/2026 2:49:20 PM,22919##47369##38200##44312,"4- Likely to contribute to gender equality, including across age groups",Implementation,6,PRJ_IMPL_RPT,4789241.9250,4/17/2026 11:25:53 AM
81,Supporting immediate lifesaving needs of the 2026 HNRP,CBPF-UKR-26-R-INGO-NSFT-39308,,,2026,1,Agency for Technical Cooperation and Development,2,Integrated critical cash assistance and protection support to severely conflict-affected and frontline communities in Ukraine.,4/1/2026 12:00:00 AM,9/30/2026 12:00:00 AM,6 Months,2E+07,1.869159E+07,0,3/16/2026 11:14:03 AM,20342##30943##5107##4708,"4- Likely to contribute to gender equality, including across age groups",Implementation,6,PRJ_UND_FINAL_RPT,5463720.8154,4/1/2026 7:53:23 PM
81,Supporting immediate lifesaving needs of the 2026 HNRP,CBPF-UKR-26-R-INGO-NSFT-39311,,,2026,1,Danish Refugee Council,2,Provision of multisectoral life-saving support to the most vulnerable people affected by the conflict in Ukraine,4/1/2026 12:00:00 AM,9/30/2026 12:00:00 AM,6 Months,1.25E+07,1.168224E+07,0,3/16/2026 11:45:09 AM,69352##102991##7455##7695,"4- Likely to contribute to gender equality, including across age groups",Implementation,6,PRJ_UND_FINAL_RPT,5991390.6741,4/1/2026 7:55:45 PM
81,Supporting immediate lifesaving needs of the 2026 HNRP,CBPF-UKR-26-R-INGO-NSFT-39316,,,2026,1,Norwegian Refugee Council,2,Provision of Unified Cash Transfers to Address the Basic Needs of Conflict and Strike-Affected Households in Ukraine,4/1/2026 12:00:00 AM,9/30/2026 12:00:00 AM,6 Months,1.7E+07,1.588785E+07,0,3/14/2026 1:34:45 PM,14208##28415##8833##8297,"4- Likely to contribute to gender equality, including across age groups",Implementation,6,PRJ_UND_FINAL_RPT,5686366.3254,3/30/2026 1:43:53 PM
81,Supporting immediate lifesaving needs of the 2026 HNRP,CBPF-UKR-26-R-NGO-NSFT-39310,,,2026,1,Charitable Organization 'Charity Fund Team4UA',1,TERA Consortium - IMPACT (Immediate Multisectoral Priority Assistance for Conflict-affected Territories),4/1/2026 12:00:00 AM,9/30/2026 12:00:00 AM,6 Months,2E+07,1.869159E+07,0,3/13/2026 4:30:36 PM,22348##34181##6545##6490,"4- Likely to contribute to gender equality, including across age groups",Implementation,6,PRJ_UND_FINAL_RPT,24778218.8079,4/1/2026 7:54:48 PM
81,Supporting immediate lifesaving needs of the 2026 HNRP,CBPF-UKR-26-R-NGO-NSFT-39324,,,2026,1,Charitable Organization 'Charitable Fund 'The Right to Protection',1,MESH: Multisectoral Emergency Support for High-Severity Hromadas,4/1/2026 12:00:00 AM,9/30/2026 12:00:00 AM,6 Months,1.3E+07,1.214953E+07,0,3/16/2026 11:09:47 AM,33558##52556##20##20,"4- Likely to contribute to gender equality, including across age groups",Implementation,6,PRJ_UND_FINAL_RPT,4214679.5043,3/27/2026 10:47:09 PM
81,Supporting immediate lifesaving needs of the 2026 HNRP,CBPF-UKR-26-R-NGO-NSFT-39327,,,2026,1,CHARITY ORGANIZATION «CHARITABLE FOUNDATION «АNGELS OF SALVATION»,1,"Consortium LINK Project under SP1, SP2 and SP3 – Multi-Sectoral Life-Saving Assistance Supporting Immediate Needs under the 2026 HNRP",4/1/2026 12:00:00 AM,9/30/2026 12:00:00 AM,6 Months,1.4E+07,1.308411E+07,0,3/14/2026 7:57:00 PM,30650##35495##5340##5927,"4- Likely to contribute to gender equality, including across age groups",Implementation,6,PRJ_UND_FINAL_RPT,24065753.1759,3/27/2026 10:48:28 PM
81,Supporting immediate lifesaving needs of the 2026 HNRP,CBPF-UKR-26-R-NGO-NSFT-39496,,,2026,1,Proliska,1,"Social Transportation, Life-Saving Evacuation and Assistance Provided   following Evacuation",4/1/2026 12:00:00 AM,9/30/2026 12:00:00 AM,6 Months,3500000,3271028,0,3/24/2026 4:45:25 PM,50030##161297##12098##12126,"4- Likely to contribute to gender equality, including across age groups",Implementation,6,PRJ_UND_FINAL_RPT,4252529.2410,3/27/2026 10:46:06 PM
81,Supporting immediate lifesaving needs of the 2026 HNRP,CBPF-UKR-26-R-UN-NSFT-39319,,,2026,1,United Nations High Commissioner for Refugees,3,Emergency multi-sectoral assistance for war-affected and newly displaced people in frontline areas of Ukraine,4/6/2026 12:00:00 AM,10/5/2026 12:00:00 AM,6 Months,2E+07,1.877934E+07,0,3/15/2026 9:24:39 PM,20555##37949##5687##4921,"4- Likely to contribute to gender equality, including across age groups",Implementation,6,PRJ_IMPL_RPT,5868935.6436,4/7/2026 2:16:49 PM
81,Supporting immediate lifesaving needs of the 2026 HNRP,CBPF-UKR-26-R-UN-NSFT-39329,,,2026,1,World Food Programme,3,Provision of food and cash assistance to war-affected Ukrainians,4/1/2026 12:00:00 AM,9/30/2026 12:00:00 AM,6 Months,2E+07,1.869159E+07,0,3/16/2026 11:53:55 AM,79343##122756##8712##8123,"4- Likely to contribute to gender equality, including across age groups",Implementation,6,PRJ_UND_FINAL_RPT,9791949.5298,4/6/2026 1:13:40 PM
81,Supporting immediate lifesaving needs of the 2026 HNRP,CBPF-UKR-26-R-UN-NSFT-39560,,,2026,1,International Organization for Migration,3,Targeted Multi-Sectoral Support to Meet Immediate Needs of Conflict-Affected People in High-Severity Locations in Ukraine,4/6/2026 12:00:00 AM,10/5/2026 12:00:00 AM,6 Months,1.07E+07,1E+07,0,4/3/2026 2:27:50 PM,9329##23482##5143##7155,"4- Likely to contribute to gender equality, including across age groups",Implementation,6,PRJ_IMPL_RPT,5588402.3010,4/6/2026 5:25:29 PM
83,Tercera Asignación de Reserva 2026 [US Award],CBPF-VEN-26-R-INGO-NSFT-40226,,,2026,1,Asociación Civil DRC Venezuela,2,"ASISTE – Asistencia para Satisfacer las necesidades esenciales de agua, saneamiento e higiene tras el Terremoto en Venezuela.",9/14/2026 12:00:00 AM,3/13/2027 12:00:00 AM,6 Months,3500000,3271028,0,8/12/2026 2:10:10 AM,3085##5402##4647##5216,"4- Likely to contribute to gender equality, including across age groups",Disbursement,5,PRJ_DISBURSEMENT,10676556.3138,9/23/2026 2:56:01 PM
83,Tercera Asignación de Reserva 2026 [US Award],CBPF-VEN-26-R-INGO-NSFT-40231,,,2026,1,Federation Handicap International,2,"RE-CONECTA: Rehabilitación, salud mental y salud inclusiva ante el terremoto",9/14/2026 12:00:00 AM,3/13/2027 12:00:00 AM,6 Months,4000000,3738318,0,8/13/2026 6:34:25 PM,10141##22196##3908##3908,"4- Likely to contribute to gender equality, including across age groups",Disbursement,5,PRJ_DISBURSEMENT,9870028.6308,9/21/2026 3:11:36 PM
83,Tercera Asignación de Reserva 2026 [US Award],CBPF-VEN-26-R-INGO-NSFT-40233,,,2026,1,Premiere Urgence Internationale,2,"Respuesta sanitaria de emergencia integrada para las poblaciones afectadas por los terremotos mediante Atención Primaria de Salud, SMAPS, WASH y Protección",9/14/2026 12:00:00 AM,3/13/2027 12:00:00 AM,6 Months,3500000,3271028,0,8/19/2026 1:48:41 AM,11740##17143##9224##10830,"4- Likely to contribute to gender equality, including across age groups",Disbursement,5,PRJ_DISBURSEMENT,10720973.7804,9/21/2026 1:57:43 PM
83,Tercera Asignación de Reserva 2026 [US Award],CBPF-VEN-26-R-INGO-NSFT-40237,,,2026,1,Asociación Civil SCI Venezuela,2,"Provision of child protection services with emphasis on displaced, separated or at-risk children and adolescents, and their caregivers affected by the double earthquake",9/16/2026 12:00:00 AM,3/15/2027 12:00:00 AM,6 Months,2500000,2336449,0,8/19/2026 2:05:29 PM,2091##4860##4622##4621,"4- Likely to contribute to gender equality, including across age groups",Disbursement,5,PRJ_DISBURSEMENT,9895744.0062,9/21/2026 1:57:10 PM
83,Tercera Asignación de Reserva 2026 [US Award],CBPF-VEN-26-R-INGO-NSFT-40260,,,2026,1,Fundacion Consejo Noruego para Refugiados,2,Consorcio Protección en Acción: Atención multisectorial de protección a las personas afectadas por el sismo en Venezuela.,9/16/2026 12:00:00 AM,3/15/2027 12:00:00 AM,6 Months,3500000,3271028,0,8/11/2026 10:08:33 PM,4394##13666##4431##9732,"4- Likely to contribute to gender equality, including across age groups",Disbursement,5,PRJ_DISBURSEMENT,9612874.8768,9/23/2026 2:28:46 PM
83,Cuarta Asignación de Reserva 2026 [US Award],CBPF-VEN-26-R-INGO-NSFT-41495,,,2026,1,Asociación Civil DRC Venezuela,2,"RAÍCES — Respuesta Articulada Integral: protección, ASH y Cimentación Económica y Social",10/9/2026 12:00:00 AM,9/29/2027 12:00:00 AM,11 Months 21 Days,4000000,3738318,0,9/30/2026 5:02:54 PM,7264##17373##3245##4551,"4- Likely to contribute to gender equality, including across age groups",Technical Review,3,PRJ_UND_TR_HFU_FIN,10676556.3138,1/1/0001 12:00:00 AM
83,Cuarta Asignación de Reserva 2026 [US Award],CBPF-VEN-26-R-INGO-NSFT-41516,,,2026,1,Fundacion Consejo Noruego para Refugiados,2,Consorcio Multisectorial de Protección ,10/1/2026 12:00:00 AM,9/30/2027 12:00:00 AM,12 Months,4000000,3738318,0,10/1/2026 5:07:35 PM,4606##14074##5510##5567,"4- Likely to contribute to gender equality, including across age groups",Technical Review,3,PRJ_UND_TR_HFU_FIN,9612874.8768,1/1/0001 12:00:00 AM
83,Cuarta Asignación de Reserva 2026 [US Award],CBPF-VEN-26-R-INGO-NSFT-41537,,,2026,1,CIR-VENEZUELA,2,Puentes de Protección: Respuesta Integral en la Frontera Zulia-Táchira ,10/1/2026 12:00:00 AM,9/30/2027 12:00:00 AM,12 Months,3000000,2803738,0,9/30/2026 3:44:37 PM,8716##26955##6576##9744,"4- Likely to contribute to gender equality, including across age groups",Technical Review,3,PRJ_UND_TR_HFU_FIN,10688245.1208,1/1/0001 12:00:00 AM
83,Cuarta Asignación de Reserva 2026 [US Award],CBPF-VEN-26-R-INGO-NSFT-41538,,,2026,1,Federacion Luterana Mundial Capitulo Venezuela,2,ALMA – Atención Local Multisectorial para Comunidades Resilientes y Servicios Esenciales,9/30/2026 12:00:00 AM,9/29/2027 12:00:00 AM,12 Months,3700373,3458293,0,9/30/2026 9:00:32 PM,2176##8253##2702##2950,"4- Likely to contribute to gender equality, including across age groups",Technical Review,3,PRJ_UND_TR_HFU_FIN,10683569.5980,1/1/0001 12:00:00 AM
83,Tercera Asignación de Reserva 2026 [US Award],CBPF-VEN-26-R-NGO-NSFT-40229,,,2026,1,A.C. Fomento del Desarrollo Popular,1,Respuesta a la Emergencia por Terremotos en Venezuela,9/14/2026 12:00:00 AM,3/13/2027 12:00:00 AM,6 Months,1000000,934579.4,0,8/11/2026 11:11:23 PM,1573##2233##1696##2563,"4- Likely to contribute to gender equality, including across age groups",Disbursement,5,PRJ_DISBURSEMENT,9905095.0518,9/24/2026 6:55:10 PM
83,Tercera Asignación de Reserva 2026 [US Award],CBPF-VEN-26-R-NGO-NSFT-40248,,,2026,1,Fundacion Amigos del Niño que Amerita Protección Alternativa,1,RESPUESTA INTEGRADA Y ESPECIALIZADA EN PROTECCIÓN PARA LA MITIGACIÓN DE RIESGOS DE VIOLENCIA Y VULNERABILIDAD EN CIUDADES AFECTADAS POR EL SISMO,9/14/2026 12:00:00 AM,4/13/2027 12:00:00 AM,7 Months,2000000,1869159,0,8/10/2026 7:23:18 PM,2831##4396##2543##2946,"4- Likely to contribute to gender equality, including across age groups",Disbursement,5,PRJ_DISBURSEMENT,9580146.2172,10/2/2026 4:49:31 PM
83,Tercera Asignación de Reserva 2026 [US Award],CBPF-VEN-26-R-NGO-NSFT-40257,,,2026,1,Fundación Primeros Auxilios Luz Paul René Moreno Camacho,1,"Provisión de servicios de salud, nutrición, protección comunitaria y WASH en comunidades y centros de salud afectados por la emergencia sísmica.",9/14/2026 12:00:00 AM,3/13/2027 12:00:00 AM,6 Months,2500000,2336449,0,8/19/2026 2:00:47 AM,2069##4901##2148##9155,"4- Likely to contribute to gender equality, including across age groups",Disbursement,5,PRJ_DISBURSEMENT,9888730.7220,9/21/2026 1:57:27 PM
83,Cuarta Asignación de Reserva 2026 [US Award],CBPF-VEN-26-R-NGO-NSFT-41526,,,2026,1,Grupo Social CESAP,1,"Latido Comunitario: Acción humanitaria localizada, integrada y multisectorial para la protección de comunidades vulnerables de 6 estados de Venezuela",9/30/2026 12:00:00 AM,9/29/2027 12:00:00 AM,12 Months,5000913,4673751,0,9/30/2026 7:23:08 PM,8596##26551##6735##9696,"4- Likely to contribute to gender equality, including across age groups",Technical Review,3,PRJ_UND_TR_HFU_FIN,9552093.0804,1/1/0001 12:00:00 AM
83,Cuarta Asignación de Reserva 2026 [US Award],CBPF-VEN-26-R-NGO-NSFT-41542,,,2026,1,ASOCIACION CIVIL CONSTRUYENDO FUTUROS,1,"Tejiendo Lazos que Construyen Comunidades Protectoras: Fortaleciendo la protección y resiliencia de NNA en los municipios Achaguas, Rómulo Gallegos, San Fernando (Apure) y Cedeño (Bolívar)",10/16/2026 12:00:00 AM,9/30/2027 12:00:00 AM,11 Months 15 Days,2000000,1869159,0,9/30/2026 9:32:14 PM,516##684##800##800,"4- Likely to contribute to gender equality, including across age groups",Technical Review,3,PRJ_UND_TR_HFU_FIN,10692920.6436,1/1/0001 12:00:00 AM
83,Cuarta Asignación de Reserva 2026 [US Award],CBPF-VEN-26-R-NGO-NSFT-41562,,,2026,1,Asociación Civil Tinta Violeta,1,Siempre Juntas: protección integrada en 12 municipios de siete estados del país,9/29/2026 12:00:00 AM,9/28/2027 12:00:00 AM,12 Months,3073174,2872126,0,10/1/2026 2:31:56 AM,3320##13202##2620##3711,"4- Likely to contribute to gender equality, including across age groups",Technical Review,3,PRJ_UND_TR_HFU_FIN,9856002.0624,1/1/0001 12:00:00 AM
83,Cuarta Asignación de Reserva 2026 [US Award],CBPF-VEN-26-R-NGO-NSFT-41576,,,2026,1,FUNDACIÓN VEN DA TU MANO,1,"Respuesta multisectorial integrada en salud, nutrición, WASH, seguridad alimentaria y protección en Apure, Sucre, Zulia y Bolívar",10/29/2026 12:00:00 AM,9/29/2027 12:00:00 AM,11 Months 1 Days,5000000,4672897,0,9/30/2026 9:39:52 PM,13925##29575##10575##15925,"4- Likely to contribute to gender equality, including across age groups",Technical Review,3,PRJ_UND_TR_HFU_FIN,25956164.8242,1/1/0001 12:00:00 AM
83,Tercera Asignación de Reserva 2026 [US Award],CBPF-VEN-26-R-UN-NSFT-40227,,,2026,1,United Nations High Commissioner for Refugees,3,Providing life-saving protection services and shelter/NFI assistance for people affected by the earthquakes in Venezuela,9/14/2026 12:00:00 AM,3/13/2027 12:00:00 AM,6 Months,4500001,4205608,0,8/11/2026 11:55:34 PM,7231##10124##3130##3613,"4- Likely to contribute to gender equality, including across age groups",HC Final Approval,4,PRJ_UND_GA_PREPAR,28118594.1192,1/1/0001 12:00:00 AM
83,Tercera Asignación de Reserva 2026 [US Award],CBPF-VEN-26-R-UN-NSFT-40238,,,2026,1,United Nations Childrens Fund,3,Restoring Essential Services and Protection for Children and Families Affected by the Earthquakes in Venezuela,9/16/2026 12:00:00 AM,3/15/2027 12:00:00 AM,6 Months,4500000,4205608,0,8/12/2026 4:07:23 PM,61266##77214##48168##53857,2- Unlikely to contribute to gender equality (no gender equality measure but includes age consideration),HC Final Approval,4,PRJ_UND_GA_PREPAR,28109243.0736,1/1/0001 12:00:00 AM
83,Tercera Asignación de Reserva 2026 [US Award],CBPF-VEN-26-R-UN-NSFT-40249,,,2026,1,Food and Agriculture Organization (FAO),3,Emergency Support for the Recovery of Food Production and Agricultural and Fisheries Livelihoods of Earthquake-Affected Populations in Venezuela.,9/14/2026 12:00:00 AM,3/13/2027 12:00:00 AM,6 Months,1000000,934579.4,0,8/11/2026 3:32:16 PM,5750##5750##1500##1500,"4- Likely to contribute to gender equality, including across age groups",HC Final Approval,4,PRJ_UND_GA_PREPAR,28106905.3122,1/1/0001 12:00:00 AM
83,Tercera Asignación de Reserva 2026 [US Award],CBPF-VEN-26-R-UN-NSFT-40262,,,2026,1,Pan American Health Organization,3,Acceso a servicios de atención médica de urgencias y protección frente a brotes de enfermedades para la población afectada por el terremoto en Venezuela,9/14/2026 12:00:00 AM,3/13/2027 12:00:00 AM,6 Months,2500000,2336449,0,8/19/2026 4:39:48 PM,35344##36782##48635##46633,"4- Likely to contribute to gender equality, including across age groups",HC Final Approval,4,PRJ_HC_ENDR_APPRV,28116256.3578,1/1/0001 12:00:00 AM
83,Cuarta Asignación de Reserva 2026 [US Award],CBPF-VEN-26-R-UN-NSFT-41517,,,2026,1,Food and Agriculture Organization (FAO),3,Emergency agricultural support for vulnerable populations affected by the humanitarian context in Venezuela,9/30/2026 12:00:00 AM,9/29/2027 12:00:00 AM,12 Months,2000000,1869159,0,9/30/2026 3:21:30 PM,9750##9750##1250##1400,"4- Likely to contribute to gender equality, including across age groups",Technical Review,3,PRJ_UND_TR_HFU_FIN,28106905.3122,1/1/0001 12:00:00 AM
83,Cuarta Asignación de Reserva 2026 [US Award],CBPF-VEN-26-R-UN-NSFT-41534,,,2026,1,World Food Programme,3,WFP Food Security response. Venezuela 2027.,9/30/2026 12:00:00 AM,9/29/2027 12:00:00 AM,12 Months,1E+07,9345794,0,9/29/2026 10:47:03 PM,12104##21119##38260##34255,"4- Likely to contribute to gender equality, including across age groups",Technical Review,3,PRJ_UND_TR_HFU_FIN,28111580.8350,1/1/0001 12:00:00 AM
83,Cuarta Asignación de Reserva 2026 [US Award],CBPF-VEN-26-R-UN-NSFT-41544,,,2026,1,International Organization for Migration,3,"Multisectoral humanitarian response for internally displaced people, returnees, and host community populations in border and transit areas of Venezuela",9/29/2026 12:00:00 AM,9/28/2027 12:00:00 AM,12 Months,8000000,7476636,0,10/1/2026 1:56:50 PM,21859##25501##10867##14502,"4- Likely to contribute to gender equality, including across age groups",Technical Review,3,PRJ_UND_TR_HFU_FIN,28113918.5964,1/1/0001 12:00:00 AM
83,Cuarta Asignación de Reserva 2026 [US Award],CBPF-VEN-26-R-UN-NSFT-41560,,,2026,1,Pan American Health Organization,3,Acceso a servicios esenciales de salud y protección frente a amenazas prioritarias en comunidades vulnerables de Delta Amacuro,10/1/2026 12:00:00 AM,9/29/2027 12:00:00 AM,11 Months 29 Days,1000000,934579.4,0,9/30/2026 7:04:04 PM,7770##8149##7087##8154,2- Unlikely to contribute to gender equality (no gender equality measure but includes age consideration),Technical Review,3,PRJ_UND_TR_HFU_FIN,28116256.3578,1/1/0001 12:00:00 AM
83,Cuarta Asignación de Reserva 2026 [US Award],CBPF-VEN-26-R-UN-NSFT-41571,,,2026,1,United Nations Childrens Fund,3,Integrated Humanitarian Response for Children and Families in Venezuela,10/1/2026 12:00:00 AM,9/30/2027 12:00:00 AM,12 Months,5999999,5607476,0,9/30/2026 9:38:24 PM,40713##50543##28664##32871,2- Unlikely to contribute to gender equality (no gender equality measure but includes age consideration),Technical Review,3,PRJ_UND_TR_HFU_FIN,28109243.0736,1/1/0001 12:00:00 AM
83,Cuarta Asignación de Reserva 2026 [US Award],CBPF-VEN-26-R-UN-NSFT-41573,,,2026,1,United Nations High Commissioner for Refugees,3,"Providing life-saving protection services and safe community spaces for returnees, forcibly displaced people, refugees and asylum-seekers in Venezuela",9/28/2026 12:00:00 AM,9/27/2027 12:00:00 AM,12 Months,3000000,2803738,0,10/1/2026 1:51:46 AM,6181##8655##2680##3092,"4- Likely to contribute to gender equality, including across age groups",Technical Review,3,PRJ_UND_TR_HFU_FIN,28118594.1192,1/1/0001 12:00:00 AM
87,Lifesaving response to communities facing severe humanitarian needs in prioritized municipalities of Colombia,CBPF-COL-26-R-INGO-NSFT-39581,,,2026,1,WORLD VISION INTERNATIONAL,2,UNIR: Unidos por la Respuesta Humanitaria en Colombia,5/15/2026 12:00:00 AM,11/14/2026 12:00:00 AM,6 Months,1E+07,9345794,0,4/24/2026 4:59:30 PM,52017##70488##15541##15915,"4- Likely to contribute to gender equality, including across age groups",Implementation,6,PRJ_IMPL_RPT,30632150.4384,5/15/2026 4:39:15 PM
87,Lifesaving response to communities facing severe humanitarian needs in prioritized municipalities of Colombia,CBPF-COL-26-R-INGO-NSFT-39583,,,2026,1,Prosper Global (UK),2,"ConEsperanza:  Life-saving multi-sector cash assistance, protection, health, WASH, and nutrition to conflict affected populations in high-severity areas of Colombia",5/15/2026 12:00:00 AM,11/14/2026 12:00:00 AM,6 Months,1.3E+07,1.214953E+07,0,4/21/2026 5:32:33 PM,29370##47990##16994##21334,"4- Likely to contribute to gender equality, including across age groups",Implementation,6,PRJ_IMPL_RPT,30619307.8464,5/15/2026 4:37:38 PM
87,Lifesaving response to communities facing severe humanitarian needs in prioritized municipalities of Colombia,CBPF-COL-26-R-INGO-NSFT-39584,,,2026,1,FUNDACIÓN ACCIÓN CONTRA EL HAMBRE,2,Respuesta humanitaria a necesidades críticas derivadas del conflicto armado y desastres naturales en 7 departamentos de Colombia,5/15/2026 12:00:00 AM,11/14/2026 12:00:00 AM,6 Months,6150000,5747664,0,4/23/2026 9:03:54 PM,8221##12001##3152##3871,"3- Likely to contribute to gender equality, but without attention to age groups",Implementation,6,PRJ_IMPL_RPT,30621876.3648,5/15/2026 4:37:14 PM
87,Lifesaving response to communities facing severe humanitarian needs in prioritized municipalities of Colombia,CBPF-COL-26-R-INGO-NSFT-39604,,,2026,1,Norwegian Refugee Council (NRC) - Stiftelsen Flyktninghjelpen,2,Consorcio MIRE+: Mecanismo de Respuesta Rápida para la asistencia humanitaria a comunidades afectadas por conflicto armado y desastres naturales en Colombia,5/15/2026 12:00:00 AM,11/14/2026 12:00:00 AM,6 Months,2500000,2336449,0,4/23/2026 2:36:19 PM,2946##3659##1113##1282,"4- Likely to contribute to gender equality, including across age groups",Implementation,6,PRJ_IMPL_RPT,30639855.9936,5/15/2026 4:35:51 PM
87,Asignación de Reserva – U.S. Award Tranche II,CBPF-COL-26-R-INGO-NSFT-41162,,,2026,1,FUNDACIÓN ACCIÓN CONTRA EL HAMBRE,2,Consorcio ADN: respuesta humanitaria a necesidades críticas derivadas del conflicto armado y desastres naturales en Colombia,10/1/2026 12:00:00 AM,5/31/2027 12:00:00 AM,8 Months,5620000,5252337,0,9/2/2026 4:42:13 PM,10141##12141##5398##5958,"3- Likely to contribute to gender equality, but without attention to age groups",Technical Review,3,PRJ_UND_TR_HFU_FIN,30621876.3648,1/1/0001 12:00:00 AM
87,Asignación de Reserva – U.S. Award Tranche II,CBPF-COL-26-R-INGO-NSFT-41163,,,2026,1,Prosper Global (UK),2,"ConEsperanza II: Life-saving MPC assistance, protection, GBV, health, WASH, food security &amp;amp; nutrition to conflict-affected populations in Colombia",10/1/2026 12:00:00 AM,5/31/2027 12:00:00 AM,8 Months,9000000,8411215,0,9/2/2026 4:18:32 PM,10174##20814##8020##10489,"4- Likely to contribute to gender equality, including across age groups",Technical Review,3,PRJ_UND_TR_HFU,30619307.8464,1/1/0001 12:00:00 AM
87,Asignación de Reserva – U.S. Award Tranche II,CBPF-COL-26-R-INGO-NSFT-41171,,,2026,1,MEDECINS DU MONDE,2,SALUD QUE CONECTA EL PACÍFICO,10/1/2026 12:00:00 AM,6/30/2027 12:00:00 AM,9 Months,2000000,1869159,0,9/2/2026 9:50:47 PM,2718##4349##1630##2175,"4- Likely to contribute to gender equality, including across age groups",HC Final Approval,4,PRJ_UND_GA_PREPAR,30945509.6832,1/1/0001 12:00:00 AM
87,Asignación de Reserva – U.S. Award Tranche II,CBPF-COL-26-R-INGO-NSFT-41176,,,2026,1,Federacion Handicap International,2,'ENLAZA'  Participatory and Inclusive Humanitarian Response Model,10/1/2026 12:00:00 AM,9/30/2027 12:00:00 AM,12 Months,3500000,3271028,0,9/3/2026 3:06:50 AM,5486##18020##7873##10708,"4- Likely to contribute to gender equality, including across age groups",HC Final Approval,4,PRJ_UND_GA_PREPAR,30963489.3120,1/1/0001 12:00:00 AM
87,Asignación de Reserva – U.S. Award Tranche II,CBPF-COL-26-R-INGO-NSFT-41221,,,2026,1,Fundacion Alianza por los Derechos la Igualdad y la Solidaridad Internacional,2,"Respuesta de Emergencia Multisectorial, Protección y Asistencia de WASH-SMAPS para Comunidades vulnerables por múltiple afectación en Buenaventura y Chocó.",10/1/2026 12:00:00 AM,6/30/2027 12:00:00 AM,9 Months,1000000,934579.7,0,9/2/2026 9:41:07 PM,1507##1581##1359##1353,"4- Likely to contribute to gender equality, including across age groups",Technical Review,3,PRJ_UND_TR_HFU,31235752.2624,1/1/0001 12:00:00 AM
87,Asignación de Reserva – U.S. Award Tranche II,CBPF-COL-26-R-INGO-NSFT-41230,,,2026,1,Fundación Blumont Colombia,2,Closing Gaps for Life-Saving Humanitarian Assistance and Protection to Recently Displaced Persons in Colombia,10/1/2026 12:00:00 AM,9/30/2027 12:00:00 AM,12 Months,2000000,1869159,0,9/2/2026 9:21:48 PM,3577##4169##2029##2365,"4- Likely to contribute to gender equality, including across age groups",HC Final Approval,4,PRJ_UND_GA_PREPAR,29037100.5120,1/1/0001 12:00:00 AM
87,Asignación de Reserva – U.S. Award Tranche II,CBPF-COL-26-R-INGO-NSFT-41345,,,2026,1,Norwegian Refugee Council (NRC) - Stiftelsen Flyktninghjelpen,2,Consorcio MIRE+: Mecanismo de Respuesta Rápida para la atención de emergencias humanitarias en Colombia,10/1/2026 12:00:00 AM,6/30/2027 12:00:00 AM,9 Months,2500000,2336449,0,9/2/2026 5:42:41 PM,2448##2753##1235##1464,"4- Likely to contribute to gender equality, including across age groups",Technical Review,3,PRJ_UND_TR_HFU,30639855.9936,1/1/0001 12:00:00 AM
87,Asignación de Reserva – U.S. Award Tranche II,CBPF-COL-26-R-INGO-NSFT-41347,,,2026,1,WORLD VISION INTERNATIONAL,2,UNIR,10/1/2026 12:00:00 AM,5/31/2027 12:00:00 AM,8 Months,4500000,4205608,0,9/2/2026 8:11:59 PM,7864##9387##3910##7840,"4- Likely to contribute to gender equality, including across age groups",Technical Review,3,PRJ_UND_TR_HFU,30632150.4384,1/1/0001 12:00:00 AM
87,Lifesaving response to communities facing severe humanitarian needs in prioritized municipalities of Colombia,CBPF-COL-26-R-NGO-NSFT-39602,,,2026,1,Corporación Infancia y Desarrollo,1,"Respuesta Multisectorial en CASH, WASH, NFI y Protección para Personas con necesidades humanitarias en Putumayo, Caquetá, Meta y Guaviare.",5/15/2026 12:00:00 AM,11/14/2026 12:00:00 AM,6 Months,1850000,1728972,0,4/22/2026 4:12:27 PM,2634##6146##4390##4390,"4- Likely to contribute to gender equality, including across age groups",Implementation,6,PRJ_IMPL_RPT,28656959.7888,5/6/2026 8:24:58 PM
87,Asignación de Reserva – U.S. Award Tranche II,CBPF-COL-26-R-NGO-NSFT-41218,,,2026,1,Corporación para la Investigación y Desarrollo de la Democracia Cidemos,1,"Te Acompaño: Estrategia de protección de niñas, niños y adolescentes en contextos de emergencia y crisis humanitaria en Arauca, Bolívar y Norte de Santander.",10/1/2026 12:00:00 AM,5/31/2027 12:00:00 AM,8 Months,1000000,934579.7,0,9/2/2026 7:28:45 PM,500##1500##2400##2900,"4- Likely to contribute to gender equality, including across age groups",Technical Review,3,PRJ_UND_TR_HFU,30855611.5392,1/1/0001 12:00:00 AM
87,Asignación de Reserva – U.S. Award Tranche II,CBPF-COL-26-R-NGO-NSFT-41263,,,2026,1,Fundacion Antonio Restrepo Barco,1,Humanitarian Mine Action Assistance for the Protection of Communities Affected by Explosive Ordnance in Colombia (AICMA Consortium),10/1/2026 12:00:00 AM,9/30/2027 12:00:00 AM,12 Months,2700000,2523365,0,9/3/2026 12:07:50 AM,4782##6646##3031##3227,2- Unlikely to contribute to gender equality (no gender equality measure but includes age consideration),HC Final Approval,4,PRJ_UND_GA_PREPAR,30847905.9840,1/1/0001 12:00:00 AM
87,Asignación de Reserva – U.S. Award Tranche II,CBPF-COL-26-R-NGO-NSFT-41322,,,2026,1,Secretariado Nacional de Pastoral Social - Cáritas Colombiana,1,"Respuesta Humanitaria Integrada, Digna y Adaptada",10/1/2026 12:00:00 AM,9/30/2027 12:00:00 AM,12 Months,3000000,2803738,0,9/2/2026 10:39:41 PM,4705##5500##2250##3000,"4- Likely to contribute to gender equality, including across age groups",HC Final Approval,4,PRJ_UND_GA_PREPAR,28716035.7120,1/1/0001 12:00:00 AM
87,Asignación de Reserva – U.S. Award Tranche II,CBPF-COL-26-R-NGO-NSFT-41350,,,2026,1,Corporación Opción Legal - COL,1,Acción local para la protección: Respuesta Territorial Integrada y con enfoque de género para Poblaciones Afectadas por Multicrisis,10/1/2026 12:00:00 AM,9/30/2027 12:00:00 AM,12 Months,1000000,934579.4,0,9/2/2026 5:34:39 PM,2049##2827##1449##1809,"4- Likely to contribute to gender equality, including across age groups",HC Final Approval,4,PRJ_UND_GA_PREPAR,28721172.7488,1/1/0001 12:00:00 AM
87,Asignación de Reserva – U.S. Award Tranche II,CBPF-COL-26-R-NGO-NSFT-41359,,,2026,1,Corporación Infancia y Desarrollo,1,PULSO: Respuesta multisectorial para salvar vidas y reducir riesgos de protección en comunidades afectadas por crisis humanitarias.,10/1/2026 12:00:00 AM,9/30/2027 12:00:00 AM,12 Months,4000000,3738318,0,9/2/2026 11:45:41 PM,5038##7287##5573##5573,"4- Likely to contribute to gender equality, including across age groups",HC Final Approval,4,PRJ_UND_GA_PREPAR,28656959.7888,1/1/0001 12:00:00 AM
87,Asignación de Reserva – U.S. Award Tranche II,CBPF-COL-26-R-NGO-NSFT-41415,,,2026,1,Fundacion Significarte,1,ALAS VIVAS,10/1/2026 12:00:00 AM,5/31/2027 12:00:00 AM,8 Months,1000000,934579.4,0,9/2/2026 10:09:31 PM,560##2070##2790##4580,"4- Likely to contribute to gender equality, including across age groups",HC Final Approval,4,PRJ_UND_GA_PREPAR,30850474.5024,1/1/0001 12:00:00 AM
87,Lifesaving response to communities facing severe humanitarian needs in prioritized municipalities of Colombia,CBPF-COL-26-R-UN-NSFT-39586,,,2026,1,Pan American Health Organization,3,"Lifesaving health response to emerging and re-emerging diseases outbreaks, violence and weather-related emergencies in Colombia",5/15/2026 12:00:00 AM,11/14/2026 12:00:00 AM,6 Months,7000000,6542056,0,4/23/2026 3:02:49 PM,68573##77831##51139##49910,"4- Likely to contribute to gender equality, including across age groups",Implementation,6,PRJ_IMPL_RPT,30614170.8096,5/8/2026 8:35:28 PM
87,Lifesaving response to communities facing severe humanitarian needs in prioritized municipalities of Colombia,CBPF-COL-26-R-UN-NSFT-39588,,,2026,1,International Organization for Migration,3,"Integrated Multi-Sectoral Response: Addressing Confinement, Displacement, and Mixed Migration Flows across 11 Priority Departments in Colombia",5/15/2026 12:00:00 AM,11/14/2026 12:00:00 AM,6 Months,8000000,7476636,0,4/21/2026 8:55:01 PM,20698##28211##14104##19913,"4- Likely to contribute to gender equality, including across age groups",Implementation,6,PRJ_IMPL_RPT,30637287.4752,5/15/2026 4:38:45 PM
87,Lifesaving response to communities facing severe humanitarian needs in prioritized municipalities of Colombia,CBPF-COL-26-R-UN-NSFT-39589,,,2026,1,THE UNITED NATIONS WORLD FOOD PROGRAMME,3,"Life-saving food assistance for populations affected by emergencies, including high-severity contexts and floods, with integrated PSEA and logistics support in Colombia.",5/15/2026 12:00:00 AM,11/14/2026 12:00:00 AM,6 Months,2.53E+07,2.375587E+07,0,4/22/2026 2:04:18 AM,66990##64896##39777##37683,"4- Likely to contribute to gender equality, including across age groups",Implementation,6,PRJ_IMPL_RPT,30611602.2912,5/19/2026 10:07:50 PM
87,Lifesaving response to communities facing severe humanitarian needs in prioritized municipalities of Colombia,CBPF-COL-26-R-UN-NSFT-39592,,,2026,1,FOOD AND AGRICULTURE ORGANIZATION OF THE UNITED NATIONS,3,Respuesta agrícola y de protección de medios de vida para salvar vidas en Colombia,5/15/2026 12:00:00 AM,11/14/2026 12:00:00 AM,6 Months,8000000,7476636,0,4/28/2026 4:45:39 PM,10140##10530##8970##9360,"4- Likely to contribute to gender equality, including across age groups",Implementation,6,PRJ_IMPL_RPT,30624444.8832,5/15/2026 4:33:13 PM
87,Lifesaving response to communities facing severe humanitarian needs in prioritized municipalities of Colombia,CBPF-COL-26-R-UN-NSFT-39603,,,2026,1,United Nations Children's Fund,3,Multisectoral humanitarian response for children and communities affected by conflict and climate emergencies in Colombia.,5/15/2026 12:00:00 AM,11/14/2026 12:00:00 AM,6 Months,8100000,7570094,0,4/20/2026 8:55:13 PM,15045##21279##17715##24961,"4- Likely to contribute to gender equality, including across age groups",Implementation,6,PRJ_IMPL_RPT,30634718.9568,5/13/2026 1:31:48 PM
87,Lifesaving response to communities facing severe humanitarian needs in prioritized municipalities of Colombia,CBPF-COL-26-R-UN-NSFT-39608,,,2026,1,United Nations High Commissioner for Refugees,3,SAVING LIFES THROUGH PROTECTION AND SHELTER SUPPORT IN COLOMBIA,5/15/2026 12:00:00 AM,11/14/2026 12:00:00 AM,6 Months,7300000,6854460,0,4/22/2026 5:28:20 PM,9538##35771##5961##8346,"4- Likely to contribute to gender equality, including across age groups",Implementation,6,PRJ_IMPL_RPT,30609033.7728,5/15/2026 4:32:17 PM
87,Asignación de Reserva – U.S. Award Tranche II,CBPF-COL-26-R-UN-NSFT-41217,,,2026,1,International Organization for Migration,3,Saving Lives through Integrated Humanitarian Assistance and Essential Services in Colombia’s Most Affected Municipalities,10/1/2026 12:00:00 AM,3/31/2027 12:00:00 AM,6 Months,6500000,6074767,0,9/3/2026 12:38:14 AM,13743##18348##6200##10819,"4- Likely to contribute to gender equality, including across age groups",Technical Review,3,PRJ_UND_TR_HFU,30637287.4752,1/1/0001 12:00:00 AM
87,Asignación de Reserva – U.S. Award Tranche II,CBPF-COL-26-R-UN-NSFT-41223,,,2026,1,THE UNITED NATIONS WORLD FOOD PROGRAMME,3,Integrated Emergency Food Assistance for Crisis-Affected Populations and Common Logistics Services for Humanitarian Partners in Colombia,10/1/2026 12:00:00 AM,9/30/2027 12:00:00 AM,12 Months,1.7E+07,1.588785E+07,0,9/2/2026 7:31:50 PM,37272##55908##31060##31060,"4- Likely to contribute to gender equality, including across age groups",HC Final Approval,4,PRJ_UND_GA_PREPAR,30611602.2912,1/1/0001 12:00:00 AM
87,Asignación de Reserva – U.S. Award Tranche II,CBPF-COL-26-R-UN-NSFT-41315,,,2026,1,FOOD AND AGRICULTURE ORGANIZATION OF THE UNITED NATIONS,3,Respuesta de emergencia para la protección y recuperación de medios de vida agropecuarios de personas  afectadas por conflicto y desastres en Colombia,10/1/2026 12:00:00 AM,5/31/2027 12:00:00 AM,8 Months,4000000,3738318,0,9/3/2026 12:23:35 AM,3864##4015##3418##3567,"3- Likely to contribute to gender equality, but without attention to age groups",Technical Review,3,PRJ_UND_TR_HFU,30624444.8832,1/1/0001 12:00:00 AM
87,Asignación de Reserva – U.S. Award Tranche II,CBPF-COL-26-R-UN-NSFT-41323,,,2026,1,United Nations Mine Action Service,3,Humanitarian Mine Action Assistance for the Protection of Communities Affected by Explosive Ordnance in Colombia (AICMA Consortium),10/1/2026 12:00:00 AM,9/30/2027 12:00:00 AM,12 Months,1100002,1028039,0,9/1/2026 11:44:11 PM,1764##1911##689##636,"4- Likely to contribute to gender equality, including across age groups",HC Final Approval,4,PRJ_UND_GA_PREPAR,31253731.8912,1/1/0001 12:00:00 AM
87,Asignación de Reserva – U.S. Award Tranche II,CBPF-COL-26-R-UN-NSFT-41327,,,2026,1,Pan American Health Organization,3,"Respuesta sanitaria vital ante brotes de enfermedades emergentes y reemergentes, violencia y emergencias en Colombia - Fase 2",10/1/2026 12:00:00 AM,7/31/2027 12:00:00 AM,10 Months,3000000,2803738,0,9/2/2026 10:13:28 PM,26364##29656##16074##15282,"4- Likely to contribute to gender equality, including across age groups",Technical Review,3,PRJ_UND_TR_HFU_FIN,30614170.8096,1/1/0001 12:00:00 AM
87,Asignación de Reserva – U.S. Award Tranche II,CBPF-COL-26-R-UN-NSFT-41356,,,2026,1,United Nations High Commissioner for Refugees,3,SAVING LIFES THROUGH LOCAL PROTECTING ENVIRONMENTS IN COLOMBIA,10/1/2026 12:00:00 AM,9/30/2027 12:00:00 AM,12 Months,7200000,6760564,0,9/3/2026 12:36:33 AM,16296##15948##8727##8293,"4- Likely to contribute to gender equality, including across age groups",Technical Review,3,PRJ_TR_DRFT,30609033.7728,1/1/0001 12:00:00 AM
87,Asignación de Reserva – U.S. Award Tranche II,CBPF-COL-26-R-UN-NSFT-41437,,,2026,1,United Nations Children's Fund,3,Multisectoral humanitarian response for children and communities affected by conflict and climate emergencies in Colombia.,10/1/2026 12:00:00 AM,6/30/2027 12:00:00 AM,9 Months,7000000,6542056,0,9/2/2026 10:10:01 PM,11313##17363##11921##16028,"4- Likely to contribute to gender equality, including across age groups",Technical Review,3,PRJ_UND_TR_HFU,30634718.9568,1/1/0001 12:00:00 AM
88,"Life-saving humanitarian assistance to displaced people and host communities in the departments of Ouest, Centre, and Artibonite",CBPF-HTI-26-R-INGO-NSFT-39498,,,2026,1,Plan international Haiti,2,"Rezilians Ayiti: Multisectoral life-saving interventions in 10 communities benefiting displaced and host populations across West, Center and Artibonite departments.",4/20/2026 12:00:00 AM,10/19/2026 12:00:00 AM,6 Months,1.236059E+07,1.155195E+07,0,4/8/2026 7:48:52 PM,12564##17081##17681##27059,"3- Likely to contribute to gender equality, but without attention to age groups",Implementation,6,PRJ_IMPL_RPT,29640183.3552,4/17/2026 5:22:58 PM
88,"Life-saving humanitarian assistance to displaced people and host communities in the departments of Ouest, Centre, and Artibonite",CBPF-HTI-26-R-INGO-NSFT-39501,,,2026,1,Agency for Technical Cooperation and Development,2,Assistance multisectorielle intégrée répondant aux besoins urgents des populations vulnérables dans et hors sites de trois départements,4/20/2026 12:00:00 AM,10/19/2026 12:00:00 AM,6 Months,1.593623E+07,1.489367E+07,0,4/9/2026 3:09:40 AM,59213##71542##38698##45503,2- Unlikely to contribute to gender equality (no gender equality measure but includes age consideration),Implementation,6,PRJ_IMPL_RPT,29416811.1072,4/18/2026 4:53:40 PM
88,Reduce protection risks and sustain life-saving assistance across Haiti’s 28 prioritized communes,CBPF-HTI-26-R-INGO-NSFT-41414,,,2026,1,Agency for Technical Cooperation and Development,2,Assistance multisectorielle intégrée aux populations vulnérables affectées par les déplacements en Haïti,10/1/2026 12:00:00 AM,9/30/2027 12:00:00 AM,12 Months,5615500,5248131,0,9/13/2026 3:46:34 AM,33701##47551##32345##35715,,Technical Review,3,PRJ_UND_TR_HFU,29416811.1072,1/1/0001 12:00:00 AM
88,Reduce protection risks and sustain life-saving assistance across Haiti’s 28 prioritized communes,CBPF-HTI-26-R-INGO-NSFT-41506,,,2026,1,World Vision International,2,"Life-Saving Multisectoral Response: Food Security, Nutrition, Health, WASH, and Integrated Protection for the West and Centre Departments",9/30/2026 12:00:00 AM,6/29/2027 12:00:00 AM,9 Months,5365500,5014486,0,9/12/2026 6:24:38 PM,21191##38290##19997##21845,"4- Likely to contribute to gender equality, including across age groups",Technical Review,3,PRJ_UND_TR_HFU_FIN,29747927.6160,1/1/0001 12:00:00 AM
88,Reduce protection risks and sustain life-saving assistance across Haiti’s 28 prioritized communes,CBPF-HTI-26-R-NGO-NSFT-41419,,,2026,1,Centre d’animation paysanne et d’action communautaire,1,"Réponse humanitaire multisectorielle intégrée en faveur des populations déplacées, et communautés hôtes vulnérables affectées par la crise en Haïti",9/15/2026 12:00:00 AM,6/14/2027 12:00:00 AM,9 Months,5200000,4859813,0,9/22/2026 12:25:35 AM,21480##22196##17472##18352,"4- Likely to contribute to gender equality, including across age groups",Submission of Proposal,1,,29403671.5632,1/1/0001 12:00:00 AM
88,Reduce protection risks and sustain life-saving assistance across Haiti’s 28 prioritized communes,CBPF-HTI-26-R-NGO-NSFT-41489,,,2026,1,Organisation des Cœurs pour le Changement des Enfants Démunis d’Haïti,1,Renforcement de la résilience des populations affectées par la crise à travers une réponse multisectorielle intégrée,10/1/2026 12:00:00 AM,3/31/2027 12:00:00 AM,6 Months,3000000,2803738,0,9/12/2026 12:31:18 AM,16660##18584##16440##17276,"4- Likely to contribute to gender equality, including across age groups",Technical Review,3,PRJ_UND_TR_HFU_FIN,29558718.1824,1/1/0001 12:00:00 AM
88,"Life-saving humanitarian assistance to displaced people and host communities in the departments of Ouest, Centre, and Artibonite",CBPF-HTI-26-R-UN-NSFT-39500,,,2026,1,United Nations Children's Fund,3,"Multi-sectoral life-saving humanitarian assistance to displaced people and host communities in the departments of Ouest, Centre, and Artibonite in Haiti",4/27/2026 12:00:00 AM,10/26/2026 12:00:00 AM,6 Months,1.7E+07,1.588785E+07,0,4/9/2026 7:52:06 PM,43722##54244##53700##55961,"3- Likely to contribute to gender equality, but without attention to age groups",Implementation,6,PRJ_IMPL_RPT,31127579.7360,4/22/2026 9:29:41 PM
88,"Life-saving humanitarian assistance to displaced people and host communities in the departments of Ouest, Centre, and Artibonite",CBPF-HTI-26-R-UN-NSFT-39504,,,2026,1,Food and Agriculture Organization of the United Nations,3,Emergency Food Production in Haiti,4/20/2026 12:00:00 AM,10/19/2026 12:00:00 AM,6 Months,1.6465E+07,1.538785E+07,0,4/15/2026 3:57:47 AM,99057##97701##66082##63760,"4- Likely to contribute to gender equality, including across age groups",Implementation,6,PRJ_IMPL_RPT,31122323.9184,4/20/2026 12:56:45 PM
88,"Life-saving humanitarian assistance to displaced people and host communities in the departments of Ouest, Centre, and Artibonite",CBPF-HTI-26-R-UN-NSFT-39505,,,2026,1,World Food Programme,3,Emergency food assistance and common logistics services,4/17/2026 12:00:00 AM,10/16/2026 12:00:00 AM,6 Months,3.141815E+07,2.936275E+07,0,4/9/2026 5:24:40 PM,101869##112782##76397##72763,"3- Likely to contribute to gender equality, but without attention to age groups",Implementation,6,PRJ_IMPL_RPT,31124951.8272,4/24/2026 8:32:04 PM
88,"Life-saving humanitarian assistance to displaced people and host communities in the departments of Ouest, Centre, and Artibonite",CBPF-HTI-26-R-UN-NSFT-39515,,,2026,1,Pan American Health Organization,3,Ensuring Timely Access to Lifesaving Health Services and Emergency Care for Haitians Populations with Acute Humanitarian Health Needs,5/10/2026 12:00:00 AM,11/9/2026 12:00:00 AM,6 Months,1E+07,9345794,0,4/10/2026 9:28:42 PM,67365##83988##182897##190689,"4- Likely to contribute to gender equality, including across age groups",Implementation,6,PRJ_IMPL_RPT,31132835.5536,5/20/2026 4:21:52 PM
88,"Life-saving humanitarian assistance to displaced people and host communities in the departments of Ouest, Centre, and Artibonite",CBPF-HTI-26-R-UN-NSFT-39516,,,2026,1,International Organization for Migration,3,Multisectoral emergency assistance to vulnerable displaced populations in Haiti,4/22/2026 12:00:00 AM,10/21/2026 12:00:00 AM,6 Months,1.832004E+07,1.712153E+07,0,4/10/2026 12:12:33 PM,182323##166056##38312##38271,"3- Likely to contribute to gender equality, but without attention to age groups",Implementation,6,PRJ_IMPL_RPT,31119696.0096,4/23/2026 8:20:37 PM
88,Reduce protection risks and sustain life-saving assistance across Haiti’s 28 prioritized communes,CBPF-HTI-26-R-UN-NSFT-41406,,,2026,1,International Organization for Migration,3,"Reducing protection risks through life-saving multisectoral assistance for displaced people, forcibly returned migrants and host communities in Haiti",10/22/2026 12:00:00 AM,7/21/2027 12:00:00 AM,9 Months,1.3929E+07,1.301776E+07,0,9/13/2026 2:01:46 AM,41613##58038##30841##44861,"4- Likely to contribute to gender equality, including across age groups",Technical Review,3,PRJ_UND_TR_HFU,31119696.0096,1/1/0001 12:00:00 AM
88,Reduce protection risks and sustain life-saving assistance across Haiti’s 28 prioritized communes,CBPF-HTI-26-R-UN-NSFT-41435,,,2026,1,United Nations Children's Fund,3,Reduce protection risks and provide multi-sectoral life-saving humanitarian assistance to displaced people and  host communities in Haiti,10/15/2026 12:00:00 AM,10/14/2027 12:00:00 AM,12 Months,1.176E+07,1.099066E+07,0,9/12/2026 11:58:10 PM,49205##80923##50070##51913,"4- Likely to contribute to gender equality, including across age groups",Technical Review,3,PRJ_UND_TR_HFU_FIN,31127579.7360,1/1/0001 12:00:00 AM
88,Reduce protection risks and sustain life-saving assistance across Haiti’s 28 prioritized communes,CBPF-HTI-26-R-UN-NSFT-41443,,,2026,1,World Food Programme,3,Strengthening Protection Through Food Assistance,10/1/2026 12:00:00 AM,7/1/2027 12:00:00 AM,9 Months 1 Days,1.077993E+07,1.00747E+07,0,9/12/2026 9:51:05 PM,24773##28584##20009##21915,"3- Likely to contribute to gender equality, but without attention to age groups",Technical Review,3,PRJ_UND_TR_HFU_FIN,31124951.8272,1/1/0001 12:00:00 AM
88,Reduce protection risks and sustain life-saving assistance across Haiti’s 28 prioritized communes,CBPF-HTI-26-R-UN-NSFT-41508,,,2026,1,Food and Agriculture Organization of the United Nations,3,Emergency food production to contribute to reducing protection risks in Haiti,10/1/2026 12:00:00 AM,9/30/2027 12:00:00 AM,12 Months,5000000,4672897,0,9/13/2026 12:48:38 AM,20000##30000##25000##25000,"3- Likely to contribute to gender equality, but without attention to age groups",Technical Review,3,PRJ_TR_DRFT,31122323.9184,1/1/0001 12:00:00 AM
88,Reduce protection risks and sustain life-saving assistance across Haiti’s 28 prioritized communes,CBPF-HTI-26-R-UN-NSFT-41533,,,2026,1,Pan American Health Organization,3,Protection Through Health: Lifesaving Care for Violence- and Displacement-Affected Populations in Haiti,10/15/2026 12:00:00 AM,7/14/2027 12:00:00 AM,9 Months,4939678,4616522,0,9/12/2026 10:02:36 PM,14317##30973##55460##61054,"4- Likely to contribute to gender equality, including across age groups",Technical Review,3,PRJ_TR_DRFT,31132835.5536,1/1/0001 12:00:00 AM
89,"RA3-2026: Lifesaving humanitarian response in highly prioritized districts in Mozambique for conflict-affected populations in Cabo Delgado and Nampula, and for flood-affected populations in Gaza, Sofala, and Maputo.",CBPF-MOZ-26-R-INGO-NSFT-39378,,,2026,1,Save the Children International,2,"Emergency WASH, Cash, and Child Protection Assistance in Cabo Delgado and Gaza Provinces",4/16/2026 12:00:00 AM,10/15/2026 12:00:00 AM,6 Months,4000000,3738318,0,3/20/2026 8:41:12 AM,28598##30981##35323##38267,"4- Likely to contribute to gender equality, including across age groups",Implementation,6,PRJ_IMPL_RPT,31605140.6778,4/17/2026 2:33:41 PM
89,"RA3-2026: Lifesaving humanitarian response in highly prioritized districts in Mozambique for conflict-affected populations in Cabo Delgado and Nampula, and for flood-affected populations in Gaza, Sofala, and Maputo.",CBPF-MOZ-26-R-INGO-NSFT-39418,,,2026,1,CARE International Mozambique,2,"Integrated multi-sector lifesaving humanitarian response for conflict and flood-affected populations in Cabo Delgado, Nampula and Gaza- (RESTORE)",4/16/2026 12:00:00 AM,10/15/2026 12:00:00 AM,6 Months,8000000,7476636,0,3/22/2026 5:34:32 PM,26014##34232##40063##51353,"4- Likely to contribute to gender equality, including across age groups",Implementation,6,PRJ_IMPL_RPT,32016399.9501,4/17/2026 2:32:21 PM
89,"RA3-2026: Lifesaving humanitarian response in highly prioritized districts in Mozambique for conflict-affected populations in Cabo Delgado and Nampula, and for flood-affected populations in Gaza, Sofala, and Maputo.",CBPF-MOZ-26-R-INGO-NSFT-39432,,,2026,1,ACTION CONTRE LA FAIM,2,Integrated Life-Saving Emergency Assistance for Conflict and Flood-Affected Populations in Mozambique,4/9/2026 12:00:00 AM,10/8/2026 12:00:00 AM,6 Months,1590009,1485990,0,3/19/2026 4:50:44 PM,14681##24584##20513##20363,"4- Likely to contribute to gender equality, including across age groups",Implementation,6,PRJ_IMPL_RPT,31847057.8968,4/14/2026 1:48:28 PM
89,"RA3-2026: Lifesaving humanitarian response in highly prioritized districts in Mozambique for conflict-affected populations in Cabo Delgado and Nampula, and for flood-affected populations in Gaza, Sofala, and Maputo.",CBPF-MOZ-26-R-INGO-NSFT-39437,,,2026,1,Norwegian Refugee Council,2,"Rapid Life-Saving Shelter Improvements and Multipurpose Voucher Assistance for Conflict-Affected Displaced and Host Families in Mueda and Nangade, Cabo Delgado.",4/13/2026 12:00:00 AM,10/12/2026 12:00:00 AM,6 Months,3000000,2803738,0,3/23/2026 12:59:55 PM,10737##11176##7157##7450,"4- Likely to contribute to gender equality, including across age groups",Implementation,6,PRJ_IMPL_RPT,31814802.2676,4/14/2026 1:47:05 PM
89,"RA3-2026: Lifesaving humanitarian response in highly prioritized districts in Mozambique for conflict-affected populations in Cabo Delgado and Nampula, and for flood-affected populations in Gaza, Sofala, and Maputo.",CBPF-MOZ-26-R-INGO-NSFT-39450,,,2026,1,Solidarites International,2,SI–Acted Consortium: Life-saving multi-purpose assistance and emergency WASH services in Cabo Delgado,4/16/2026 12:00:00 AM,10/15/2026 12:00:00 AM,6 Months,2910000,2719626,0,3/23/2026 8:42:36 PM,39520##45513##50011##52257,"3- Likely to contribute to gender equality, but without attention to age groups",Implementation,6,PRJ_IMPL_RPT,32013711.9810,4/13/2026 8:58:49 PM
89,"RA3-2026: Lifesaving humanitarian response in highly prioritized districts in Mozambique for conflict-affected populations in Cabo Delgado and Nampula, and for flood-affected populations in Gaza, Sofala, and Maputo.",CBPF-MOZ-26-R-INGO-NSFT-39453,,,2026,1,Catholic Relief Services CRS,2,"Emergency food security, WASH, and shelter/NFI response to conflict and floods-affected people in Cabo Delgado, Nampula and Sofala",4/13/2026 12:00:00 AM,10/12/2026 12:00:00 AM,6 Months,4500001,4205608,0,3/23/2026 3:41:58 PM,4410##4410##6615##6615,"4- Likely to contribute to gender equality, including across age groups",Implementation,6,PRJ_IMPL_RPT,31742227.1019,4/15/2026 6:48:52 PM
89,"RA3-2026: Lifesaving humanitarian response in highly prioritized districts in Mozambique for conflict-affected populations in Cabo Delgado and Nampula, and for flood-affected populations in Gaza, Sofala, and Maputo.",CBPF-MOZ-26-R-INGO-NSFT-39488,,,2026,1,WORLD VISION INTERNATIONAL,2,"Life-Saving Humanitarian Assistance in WASH, Food Security, and Protection for Flood-Affected Communities in Guijá and Mabalane and Conflict-Affected communities in Memba district.",4/13/2026 12:00:00 AM,10/12/2026 12:00:00 AM,6 Months,2000000,1869159,0,3/23/2026 4:59:33 PM,7680##11520##8320##12480,"4- Likely to contribute to gender equality, including across age groups",Implementation,6,PRJ_IMPL_RPT,31707283.5036,4/13/2026 9:01:24 PM
89,[RA4-2026 US] Integrated Life-Saving Assistance and Protection for Vulnerable Populations in Hyper Prioritized Districts of Cabo Delgado Province,CBPF-MOZ-26-R-INGO-NSFT-41736,,,2026,1,ACTION CONTRE LA FAIM,2,"Multisectoral lifesaving response to most affected population in Mueda, Mocímboa da Praia, Macomia and Quissanga districts in the Cabo Delgado province",10/15/2026 12:00:00 AM,9/30/2027 12:00:00 AM,11 Months 16 Days,5000000,4672897,0,9/30/2026 11:13:44 AM,15413##29741##34245##43646,"4- Likely to contribute to gender equality, including across age groups",Submission of Proposal,1,,31847057.8968,1/1/0001 12:00:00 AM
89,[RA4-2026 US] Integrated Life-Saving Assistance and Protection for Vulnerable Populations in Hyper Prioritized Districts of Cabo Delgado Province,CBPF-MOZ-26-R-INGO-NSFT-41738,,,2026,1,CARE International Mozambique,2,Integrated multi-sector lifesaving humanitarian assistance and protection for vulnerable conflict affected populations in Cabo Delgado - (RESTORE II),10/10/2026 12:00:00 AM,9/30/2027 12:00:00 AM,11 Months 21 Days,5000000,4672897,0,9/29/2026 1:22:24 PM,17219##29025##31054##37548,"4- Likely to contribute to gender equality, including across age groups",Submission of Proposal,1,,32016399.9501,1/1/0001 12:00:00 AM
89,[RA4-2026 US] Integrated Life-Saving Assistance and Protection for Vulnerable Populations in Hyper Prioritized Districts of Cabo Delgado Province,CBPF-MOZ-26-R-INGO-NSFT-41753,,,2026,1,ForAfrika To Thrive,2,"Integrated Emergency Food Security and WASH Response in Muidumbe &amp; Nangade districts, Cabo Delgado Province",10/10/2026 12:00:00 AM,6/9/2027 12:00:00 AM,8 Months,2500000,2336449,0,9/29/2026 8:26:39 AM,6792##7576##5748##6009,"4- Likely to contribute to gender equality, including across age groups",Submission of Proposal,1,,32185742.0034,1/1/0001 12:00:00 AM
89,[RA4-2026 US] Integrated Life-Saving Assistance and Protection for Vulnerable Populations in Hyper Prioritized Districts of Cabo Delgado Province,CBPF-MOZ-26-R-INGO-NSFT-41754,,,2026,1,Save the Children International,2,"Integrated life-saving Protection, Health, Nutrition and WASH response in Ancuabe, Chiúre and Macomia",10/15/2026 12:00:00 AM,10/14/2027 12:00:00 AM,12 Months,4500000,4205608,0,9/29/2026 6:32:06 PM,12665##13722##15480##16772,"4- Likely to contribute to gender equality, including across age groups",Submission of Proposal,1,,31605140.6778,1/1/0001 12:00:00 AM
89,[RA4-2026 US] Integrated Life-Saving Assistance and Protection for Vulnerable Populations in Hyper Prioritized Districts of Cabo Delgado Province,CBPF-MOZ-26-R-INGO-NSFT-41760,,,2026,1,Johanniter Unfall Hilfe e.V,2,Integrated Humanitarian Assistance for Affected Populations in Cabo Delgado – IHAAP-CD,10/10/2026 12:00:00 AM,9/30/2027 12:00:00 AM,11 Months 21 Days,5000000,4672897,0,9/28/2026 3:24:37 PM,8103##10733##11211##14953,"4- Likely to contribute to gender equality, including across age groups",Submission of Proposal,1,,32527114.0791,1/1/0001 12:00:00 AM
89,[RA4-2026 US] Integrated Life-Saving Assistance and Protection for Vulnerable Populations in Hyper Prioritized Districts of Cabo Delgado Province,CBPF-MOZ-26-R-INGO-NSFT-41765,,,2026,1,Helpcode Italia,2,Integrated community-based protection response and protection mainstreaming for conflict-affected communities in Cabo Delgado,10/12/2026 12:00:00 AM,9/30/2027 12:00:00 AM,11 Months 19 Days,1800000,1682243,0,9/29/2026 5:03:57 PM,6377##11682##8397##9962,"4- Likely to contribute to gender equality, including across age groups",Submission of Proposal,1,,31704595.5345,1/1/0001 12:00:00 AM
89,[RA4-2026 US] Integrated Life-Saving Assistance and Protection for Vulnerable Populations in Hyper Prioritized Districts of Cabo Delgado Province,CBPF-MOZ-26-R-INGO-NSFT-41778,,,2026,1,WORLD VISION INTERNATIONAL,2,"Integrated Multisectoral Life-Saving Assistance and Protection for Conflict-Affected and Displaced Populations in Ancuabe, Chiúre, Mocímboa da Praia,",10/12/2026 12:00:00 AM,7/11/2027 12:00:00 AM,9 Months,4852172,4534740,0,9/29/2026 1:19:22 PM,11589##17384##14200##18832,"4- Likely to contribute to gender equality, including across age groups",Submission of Proposal,1,,31707283.5036,1/1/0001 12:00:00 AM
89,[RA4-2026 US] Integrated Life-Saving Assistance and Protection for Vulnerable Populations in Hyper Prioritized Districts of Cabo Delgado Province,CBPF-MOZ-26-R-INGO-NSFT-41785,,,2026,1,Norwegian Refugee Council,2,"Life-saving Shelter, Voucher Assistance and Community-Led Support for Conflict-Affected Communities in Mueda, Nangade and Muidumbe",10/10/2026 12:00:00 AM,9/30/2027 12:00:00 AM,11 Months 21 Days,5000000,4672897,0,9/28/2026 12:52:03 PM,13260##17810##20410##20020,"4- Likely to contribute to gender equality, including across age groups",Submission of Proposal,1,,31814802.2676,1/1/0001 12:00:00 AM
89,[RA4-2026 US] Integrated Life-Saving Assistance and Protection for Vulnerable Populations in Hyper Prioritized Districts of Cabo Delgado Province,CBPF-MOZ-26-R-INGO-NSFT-41816,,,2026,1,Solidarites International,2,Safeguarding the lives and rights of conflict-affected populations in Cabo Delgado through integrated life-saving assistance and protection,10/16/2026 12:00:00 AM,10/15/2027 12:00:00 AM,12 Months,5000000,4672897,0,9/27/2026 11:21:09 AM,10792##12428##13656##14267,"3- Likely to contribute to gender equality, but without attention to age groups",Submission of Proposal,1,,32013711.9810,1/1/0001 12:00:00 AM
89,[RA4-2026 US] Integrated Life-Saving Assistance and Protection for Vulnerable Populations in Hyper Prioritized Districts of Cabo Delgado Province,CBPF-MOZ-26-R-INGO-NSFT-41849,,,2026,1,Norwegian People’s Aid,2,"Integrated Protection and Food Security assistance for vulnerable conflict affected households in Macomia, Mocimboa de Praia, Moidumbe and Nangade",10/1/2026 12:00:00 AM,9/30/2027 12:00:00 AM,12 Months,4000000,3738318,0,9/28/2026 9:11:13 PM,24419##33721##21767##20093,"4- Likely to contribute to gender equality, including across age groups",Submission of Proposal,1,,32838918.4947,1/1/0001 12:00:00 AM
89,[RA4-2026 US] Integrated Life-Saving Assistance and Protection for Vulnerable Populations in Hyper Prioritized Districts of Cabo Delgado Province,CBPF-MOZ-26-R-INGO-NSFT-41877,,,2026,1,Plan International Inc,2,MAISHA - Integrated Protection and Life-Saving support for Crisis-Affected Communities,10/10/2026 12:00:00 AM,10/9/2027 12:00:00 AM,12 Months,3043541,2844431,0,9/30/2026 11:47:58 AM,4240##6360##19956##29812,"4- Likely to contribute to gender equality, including across age groups",Submission of Proposal,1,,32779783.1745,1/1/0001 12:00:00 AM
89,[RA4-2026 US] Integrated Life-Saving Assistance and Protection for Vulnerable Populations in Hyper Prioritized Districts of Cabo Delgado Province,CBPF-MOZ-26-R-INGO-NSFT-41884,,,2026,1,Peace Winds Japan,2,"Integrated Emergency Health, WASH, and Food Security Assistance for Conflict-Affected Communities in Chiúre and Mocímboa da Praia, Cabo Delgado",10/12/2026 12:00:00 AM,8/11/2027 12:00:00 AM,10 Months,699285.1,653537.5,0,9/29/2026 2:55:51 AM,10325##10325##10125##10125,,Submission of Proposal,1,,31887377.4333,1/1/0001 12:00:00 AM
89,"RA3-2026: Lifesaving humanitarian response in highly prioritized districts in Mozambique for conflict-affected populations in Cabo Delgado and Nampula, and for flood-affected populations in Gaza, Sofala, and Maputo.",CBPF-MOZ-26-R-NGO-NSFT-39410,,,2026,1,Fundacao Wiwanana,1,Protection of conflict-affected people in Macomia and Mocimboa da Praia,4/20/2026 12:00:00 AM,10/19/2026 12:00:00 AM,6 Months,1000065,934639.9,0,3/23/2026 4:26:39 PM,2895##4650##5545##6920,1- Unlikely to contribute to gender equality (no gender equality measure and no age consideration),Implementation,6,PRJ_IMPL_RPT,30572960.5434,4/21/2026 4:03:33 PM
89,"RA3-2026: Lifesaving humanitarian response in highly prioritized districts in Mozambique for conflict-affected populations in Cabo Delgado and Nampula, and for flood-affected populations in Gaza, Sofala, and Maputo.",CBPF-MOZ-26-R-NGO-NSFT-39415,,,2026,1,INSTITUTO PARA O DESENVOLVIMENTO ECONOMICO E SOCIAL- IDES,1,SALVE PROJECT – Saving lives in emergency situations and through rapid response in critical districts in Cabo Delgado and Nampula,4/13/2026 12:00:00 AM,10/12/2026 12:00:00 AM,6 Months,1500016,1401884,0,3/23/2026 5:27:19 PM,5797##11683##4647##7512,"4- Likely to contribute to gender equality, including across age groups",Implementation,6,PRJ_IMPL_RPT,30532641.0069,4/15/2026 6:47:42 PM
89,"RA3-2026: Lifesaving humanitarian response in highly prioritized districts in Mozambique for conflict-affected populations in Cabo Delgado and Nampula, and for flood-affected populations in Gaza, Sofala, and Maputo.",CBPF-MOZ-26-R-NGO-NSFT-39434,,,2026,1,CONSELHO CRISTÃO DE MOÇAMBIQUE,1,"United for a humanitarian cause, contributing to human dignity through lifesaving food security and WASH activities in the provinces of Nampula, Cabo Delgado and Sofala",4/6/2026 12:00:00 AM,10/5/2026 12:00:00 AM,6 Months,1000000,934579.4,0,3/23/2026 7:41:40 AM,4272##4628##3493##3784,"3- Likely to contribute to gender equality, but without attention to age groups",Implementation,6,PRJ_IMPL_RPT,30578336.4816,4/9/2026 7:16:05 PM
89,[RA4-2026 US] Integrated Life-Saving Assistance and Protection for Vulnerable Populations in Hyper Prioritized Districts of Cabo Delgado Province,CBPF-MOZ-26-R-NGO-NSFT-41735,,,2026,1,CONSELHO CRISTÃO DE MOÇAMBIQUE,1,"Integrated Emergency Response for Displaced and Conflict-Affected Populations in Priority Districts of Cabo Delgado- Chiure, Ancuabe, Mueda, and Muidumbe.",9/21/2026 12:00:00 AM,9/20/2027 12:00:00 AM,12 Months,1828750,1709112,0,9/29/2026 8:50:40 AM,4800##8000##4700##7500,"3- Likely to contribute to gender equality, but without attention to age groups",Submission of Proposal,1,,30578336.4816,1/1/0001 12:00:00 AM
89,[RA4-2026 US] Integrated Life-Saving Assistance and Protection for Vulnerable Populations in Hyper Prioritized Districts of Cabo Delgado Province,CBPF-MOZ-26-R-NGO-NSFT-41770,,,2026,1,INSTITUTO PARA O DESENVOLVIMENTO ECONOMICO E SOCIAL- IDES,1,PROJETO SALVE II – Salvando vidas em situações de emergência e por meio de resposta rápida em distritos críticos de Cabo Delgado,10/12/2026 12:00:00 AM,9/30/2027 12:00:00 AM,11 Months 19 Days,2500875,2337266,0,9/29/2026 9:05:09 AM,13716##16763##15596##19960,"4- Likely to contribute to gender equality, including across age groups",Submission of Proposal,1,,30532641.0069,1/1/0001 12:00:00 AM
89,[RA4-2026 US] Integrated Life-Saving Assistance and Protection for Vulnerable Populations in Hyper Prioritized Districts of Cabo Delgado Province,CBPF-MOZ-26-R-NGO-NSFT-41825,,,2026,1,ASSOCIACAO SALVE BIO-MOZ (ASBIM),1,"RENASCER – Integrated Emergency Response in Food Security and Livelihoods, Nutrition, WASH, Health and Protection in Quissanga, Ancuabe and Mocímboa da Praia Districts.",10/1/2026 12:00:00 AM,9/30/2027 12:00:00 AM,12 Months,857452,801357,0,9/30/2026 7:55:39 AM,9607##15600##21411##16200,,Submission of Proposal,1,,30548768.8215,1/1/0001 12:00:00 AM
89,[RA4-2026 US] Integrated Life-Saving Assistance and Protection for Vulnerable Populations in Hyper Prioritized Districts of Cabo Delgado Province,CBPF-MOZ-26-R-NGO-NSFT-41845,,,2026,1,ASSOCIACAO SOCIAL DE APOIO COMUNITARIO (ASAC),1,"Supporting Access to Food Security, Livelihoods and Essential Protection for Crisis-Affected Communities in Ancuabe &amp; Macomia - SAFE.",10/10/2026 12:00:00 AM,4/9/2027 12:00:00 AM,6 Months,793335.4,741435,0,9/29/2026 6:07:42 PM,2760##3240##2880##3120,1- Unlikely to contribute to gender equality (no gender equality measure and no age consideration),Submission of Proposal,1,,32535177.9864,1/1/0001 12:00:00 AM
89,[RA4-2026 US] Integrated Life-Saving Assistance and Protection for Vulnerable Populations in Hyper Prioritized Districts of Cabo Delgado Province,CBPF-MOZ-26-R-NGO-NSFT-41860,,,2026,1,Associação de Assistência Humanitária de Ajuda a Pessoas Pobres Mãos Unidas,1,JUNTOS Chiúre–Mueda: Integrated Emergency Response,9/25/2026 12:00:00 AM,3/24/2027 12:00:00 AM,6 Months,484881.2,453160,0,9/28/2026 11:57:17 PM,1400##1960##1820##1820,"4- Likely to contribute to gender equality, including across age groups",Submission of Proposal,1,,32801286.9273,1/1/0001 12:00:00 AM
89,[RA4-2026 US] Integrated Life-Saving Assistance and Protection for Vulnerable Populations in Hyper Prioritized Districts of Cabo Delgado Province,CBPF-MOZ-26-R-NGO-NSFT-41868,,,2026,1,International Development Enterprises,1,"Recovery and Resilience Initiative: Integrated Food Security, WASH and Protection for Conflict- and Climate-Affected Households in Ancuabe and Chiúre",10/10/2026 12:00:00 AM,10/9/2027 12:00:00 AM,12 Months,1524151,1424441,0,10/2/2026 6:00:32 PM,4150##5210##3120##3120,"4- Likely to contribute to gender equality, including across age groups",Submission of Proposal,1,,32806662.8655,1/1/0001 12:00:00 AM
89,[RA4-2026 US] Integrated Life-Saving Assistance and Protection for Vulnerable Populations in Hyper Prioritized Districts of Cabo Delgado Province,CBPF-MOZ-26-R-NGO-NSFT-41878,,,2026,1,ASSOCIACAO PROTEGE,1,"Resposta Humanitária Integrada de Protecção, WASH e Segurança Alimentar para Populações Vulneráveis nas comunidades de Mucojo e Quiterajo, Macomia",10/10/2026 12:00:00 AM,4/9/2027 12:00:00 AM,6 Months,499653.6,466966,0,9/29/2026 7:32:41 AM,820##958##968##754,,Submission of Proposal,1,,32833542.5565,1/1/0001 12:00:00 AM
89,[RA4-2026 US] Integrated Life-Saving Assistance and Protection for Vulnerable Populations in Hyper Prioritized Districts of Cabo Delgado Province,CBPF-MOZ-26-R-NGO-NSFT-41881,,,2026,1,FUNDAÇÃO ARIEL GLASER CONTRA HIV/SIDA PEDIATRICO,1,"Mueda AMANI: Resposta Humanitária Integrada para Salvar Vidas, Proteger e Restaurar a Dignidade",10/10/2026 12:00:00 AM,4/9/2027 12:00:00 AM,6 Months,496857.6,464352.8,0,9/30/2026 9:39:31 AM,6876##7325##6037##6431,,Submission of Proposal,1,,32825478.6492,1/1/0001 12:00:00 AM
89,[RA4-2026 US] Integrated Life-Saving Assistance and Protection for Vulnerable Populations in Hyper Prioritized Districts of Cabo Delgado Province,CBPF-MOZ-26-R-NGO-NSFT-41883,,,2026,1,ASSOCIACAO DE EDUCADORES DE CONSUMIDORES DE AGUA,1,Saving Lives: Projecto de Resposta Integrada de Emergência para Salvar Vidas em Cabo Delgado nos distritos de Ancuabe e Chiure.,10/10/2026 12:00:00 AM,4/9/2027 12:00:00 AM,6 Months,1539664,1438939,0,9/29/2026 7:44:14 AM,13000##27800##15100##16600,"4- Likely to contribute to gender equality, including across age groups",Submission of Proposal,1,,32836230.5256,1/1/0001 12:00:00 AM
89,[RA4-2026 US] Integrated Life-Saving Assistance and Protection for Vulnerable Populations in Hyper Prioritized Districts of Cabo Delgado Province,CBPF-MOZ-26-R-NGO-NSFT-41886,,,2026,1,Kukumbi – Organização de Desenvolvimento Rural,1,"Integrated Life-Saving WASH and Nutrition Assistance for Vulnerable Populations in Ancuabe and Chiúre, Cabo Delgado Province",10/20/2026 12:00:00 AM,4/19/2027 12:00:00 AM,6 Months,749991.1,700926.3,0,9/29/2026 12:27:26 AM,23039##26499##5926##10586,0- Does not systematically link programming actions,Submission of Proposal,1,,30930460.4337,1/1/0001 12:00:00 AM
89,"RA3-2026: Lifesaving humanitarian response in highly prioritized districts in Mozambique for conflict-affected populations in Cabo Delgado and Nampula, and for flood-affected populations in Gaza, Sofala, and Maputo.",CBPF-MOZ-26-R-UN-NSFT-39383,,,2026,1,International Organization for Migration,3,Multi-sectoral assistance for conflict and flood-affected populations in northern and southern Mozambique,4/20/2026 12:00:00 AM,10/19/2026 12:00:00 AM,6 Months,1.45E+07,1.35514E+07,0,3/23/2026 2:49:33 PM,44364##50674##47568##52745,2- Unlikely to contribute to gender equality (no gender equality measure but includes age consideration),Implementation,6,PRJ_IMPL_RPT,31809426.3294,4/23/2026 6:39:36 PM
89,"RA3-2026: Lifesaving humanitarian response in highly prioritized districts in Mozambique for conflict-affected populations in Cabo Delgado and Nampula, and for flood-affected populations in Gaza, Sofala, and Maputo.",CBPF-MOZ-26-R-UN-NSFT-39427,,,2026,1,World Food Programme,3,"Emergency Food Security Response in 4 priority districts of Cabo Delgado ( Macomia, Muidumbe, Nangade and Quissanga)",4/11/2026 12:00:00 AM,10/10/2026 12:00:00 AM,6 Months,1.75E+07,1.635514E+07,0,3/23/2026 6:50:16 PM,87389##99691##116237##120903,"4- Likely to contribute to gender equality, including across age groups",Implementation,6,PRJ_IMPL_RPT,31820178.2058,4/13/2026 9:00:00 PM
89,"RA3-2026: Lifesaving humanitarian response in highly prioritized districts in Mozambique for conflict-affected populations in Cabo Delgado and Nampula, and for flood-affected populations in Gaza, Sofala, and Maputo.",CBPF-MOZ-26-R-UN-NSFT-39444,,,2026,1,United Nations High Commissioner for Refugees,3,Life-saving protection response in targeted districts in Cabo Delgado and Nampula provinces,4/15/2026 12:00:00 AM,10/14/2026 12:00:00 AM,6 Months,4500000,4225352,0,3/23/2026 3:42:40 PM,23560##33640##26240##30560,"4- Likely to contribute to gender equality, including across age groups",Implementation,6,PRJ_IMPL_RPT,31825554.1440,4/12/2026 1:03:45 PM
89,"RA3-2026: Lifesaving humanitarian response in highly prioritized districts in Mozambique for conflict-affected populations in Cabo Delgado and Nampula, and for flood-affected populations in Gaza, Sofala, and Maputo.",CBPF-MOZ-26-R-UN-NSFT-39474,,,2026,1,United Nations Children's Fund,3,Integrated lifesaving assistance and Restoration of Essential Services for Conflict and Flood-Affected Children and Their Communities.,4/16/2026 12:00:00 AM,10/15/2026 12:00:00 AM,6 Months,1.179991E+07,1.102795E+07,0,3/23/2026 5:52:52 PM,31573##165807##143631##155600,"3- Likely to contribute to gender equality, but without attention to age groups",Implementation,6,PRJ_IMPL_RPT,31822866.1749,4/15/2026 6:50:04 PM
89,[RA4-2026 US] Integrated Life-Saving Assistance and Protection for Vulnerable Populations in Hyper Prioritized Districts of Cabo Delgado Province,CBPF-MOZ-26-R-UN-NSFT-41791,,,2026,1,United Nations High Commissioner for Refugees,3,Life-saving protection response and strengthened resilience and inclusion in targeted districts in Cabo Delgado,10/10/2026 12:00:00 AM,10/9/2027 12:00:00 AM,12 Months,2500000,2347418,0,9/28/2026 8:25:15 PM,7880##15120##11500##11500,"4- Likely to contribute to gender equality, including across age groups",Submission of Proposal,1,,31825554.1440,1/1/0001 12:00:00 AM
89,[RA4-2026 US] Integrated Life-Saving Assistance and Protection for Vulnerable Populations in Hyper Prioritized Districts of Cabo Delgado Province,CBPF-MOZ-26-R-UN-NSFT-41794,,,2026,1,Food and Agriculture Organization of the United Nations,3,"Restoring Food Security and Livelihoods in Chiure, Cabo Delgado",10/10/2026 12:00:00 AM,9/30/2027 12:00:00 AM,11 Months 21 Days,2500000,2336448,0,9/30/2026 10:30:08 AM,17010##18630##21870##23490,"4- Likely to contribute to gender equality, including across age groups",Submission of Proposal,1,,32540553.9246,1/1/0001 12:00:00 AM
89,[RA4-2026 US] Integrated Life-Saving Assistance and Protection for Vulnerable Populations in Hyper Prioritized Districts of Cabo Delgado Province,CBPF-MOZ-26-R-UN-NSFT-41795,,,2026,1,World Food Programme,3,"Emergency Food Security and Nutrition Response in priority districts of Cabo Delgado (Muidumbe, Nangade, Quissanga)",10/10/2026 12:00:00 AM,4/9/2027 12:00:00 AM,6 Months,6250000,5841122,0,9/29/2026 9:40:43 AM,19889##23138##27135##28295,"4- Likely to contribute to gender equality, including across age groups",Submission of Proposal,1,,31820178.2058,1/1/0001 12:00:00 AM
89,[RA4-2026 US] Integrated Life-Saving Assistance and Protection for Vulnerable Populations in Hyper Prioritized Districts of Cabo Delgado Province,CBPF-MOZ-26-R-UN-NSFT-41858,,,2026,1,International Organization for Migration,3,"Integrated life-saving humanitarian assistance for conflict-affected populations in underserved locations in Cabo Delgado Province, Mozambique",10/1/2026 12:00:00 AM,9/30/2027 12:00:00 AM,12 Months,5000000,4672897,0,9/29/2026 3:35:54 PM,43296##66141##50655##60969,2- Unlikely to contribute to gender equality (no gender equality measure but includes age consideration),Submission of Proposal,1,,31809426.3294,1/1/0001 12:00:00 AM
90,"Réponse multisectorielle vitale aux déplacements et à l'insécurité alimentaire dans les provinces du Ouaddaï, du Wadi Fira, du Sila et du Lac au Tchad",CBPF-TCD-26-R-INGO-NSFT-39339,,,2026,1,International Medical Corps,2,"Assistance d'urgence multisectorielle et intégrée au profit des réfugiés soudanais, communautés hôte et rapatriés, vulnérables dans l'Est du Tchad",4/20/2026 12:00:00 AM,10/19/2026 12:00:00 AM,6 Months,7296000,6818692,0,3/19/2026 1:45:25 AM,19420##27195##25650##27733,"4- Likely to contribute to gender equality, including across age groups",Implementation,6,PRJ_IMPL_RPT,32715229.7340,4/24/2026 2:51:22 PM
90,"Réponse multisectorielle vitale aux déplacements et à l'insécurité alimentaire dans les provinces du Ouaddaï, du Wadi Fira, du Sila et du Lac au Tchad",CBPF-TCD-26-R-INGO-NSFT-39340,,,2026,1,International Rescue Committee,2,"Réponse urgente multisectorielle en santé-nutrition, protection, Eau, Hygiène &amp; Assainissement, Abris et en sécurité alimentaire à l'Est du Tchad.",4/15/2026 12:00:00 AM,10/14/2026 12:00:00 AM,6 Months,7254000,6779439,0,3/19/2026 10:54:19 AM,17678##34090##36617##37879,"4- Likely to contribute to gender equality, including across age groups",Implementation,6,PRJ_IMPL_RPT,31522286.5560,4/24/2026 2:24:51 PM
90,"Réponse multisectorielle vitale aux déplacements et à l'insécurité alimentaire dans les provinces du Ouaddaï, du Wadi Fira, du Sila et du Lac au Tchad",CBPF-TCD-26-R-INGO-NSFT-39341,,,2026,1,Action contre la Faim,2,"Réponse d’urgence multisectorielle pour les réfugiés, déplacés internes et communautés hôtes vulnérables dans les provinces du Wadi Fira et du Lac ",4/15/2026 12:00:00 AM,10/14/2026 12:00:00 AM,6 Months,2500708,2337110,0,3/19/2026 9:26:06 AM,5689##26914##17888##20809,"4- Likely to contribute to gender equality, including across age groups",Implementation,6,PRJ_IMPL_RPT,32679496.4130,4/20/2026 1:22:02 PM
90,"Réponse multisectorielle vitale aux déplacements et à l'insécurité alimentaire dans les provinces du Ouaddaï, du Wadi Fira, du Sila et du Lac au Tchad",CBPF-TCD-26-R-INGO-NSFT-39369,,,2026,1,Catholic Relief Services,2,Projet d'Urgence Intégré de Soutien aux Communautés Vulnérables – Al Najat,4/15/2026 12:00:00 AM,10/14/2026 12:00:00 AM,6 Months,4000000,3738318,0,3/18/2026 11:31:47 PM,7775##8425##9505##10295,"3- Likely to contribute to gender equality, but without attention to age groups",Implementation,6,PRJ_IMPL_RPT,31511291.6880,4/20/2026 1:23:28 PM
90,"Réponse multisectorielle vitale aux déplacements et à l'insécurité alimentaire dans les provinces du Ouaddaï, du Wadi Fira, du Sila et du Lac au Tchad",CBPF-TCD-26-R-INGO-NSFT-39385,,,2026,1,World Vision International,2,Assistance Vitale Intégrée pour les Réfugiés Soudanais et les Communautés Hôtes vulnerables du département Kobe (province Wadi Fira à l’Est du Tchad),4/20/2026 12:00:00 AM,10/19/2026 12:00:00 AM,6 Months,3599000,3363552,0,3/19/2026 10:41:53 AM,12955##17727##20548##21205,"4- Likely to contribute to gender equality, including across age groups",Implementation,6,PRJ_IMPL_RPT,31530532.7070,4/20/2026 1:24:46 PM
90,"Réponse multisectorielle vitale aux déplacements et à l'insécurité alimentaire dans les provinces du Ouaddaï, du Wadi Fira, du Sila et du Lac au Tchad",CBPF-TCD-26-R-INGO-NSFT-39435,,,2026,1,INTERSOS,2,"Réponse multisectorielle en abris/NFI et wash en faveur des personns déplacées (réfugiés et retournés) dans le département de Kobe, dans le Wadi Fira",4/15/2026 12:00:00 AM,10/14/2026 12:00:00 AM,6 Months,4519000,4223365,0,3/19/2026 8:58:39 AM,5200##4600##4000##6200,"4- Likely to contribute to gender equality, including across age groups",Implementation,6,PRJ_IMPL_RPT,31428830.1780,4/15/2026 2:25:35 PM
90,"Réponse multisectorielle vitale aux déplacements et à l'insécurité alimentaire dans les provinces du Ouaddaï, du Wadi Fira, du Sila et du Lac au Tchad",CBPF-TCD-26-R-INGO-NSFT-39443,,,2026,1,HIAS INC,2,"Assistance de protection intégrée et vitale pour les réfugiés, les retournés et les communautés d’accueil affectés par la crise soudanaise dans l’Est du Tchad.",4/15/2026 12:00:00 AM,10/14/2026 12:00:00 AM,6 Months,700000,654205.6,0,3/18/2026 10:34:43 PM,1240##11156##2160##9810,"4- Likely to contribute to gender equality, including across age groups",Implementation,6,PRJ_IMPL_RPT,31404091.7250,4/17/2026 7:24:28 PM
90,"Réponse multisectorielle vitale aux déplacements et à l'insécurité alimentaire dans les provinces du Ouaddaï, du Wadi Fira, du Sila et du Lac au Tchad",CBPF-TCD-26-R-UN-NSFT-39345,,,2026,1,International Organization for Migration,3,Assistance multisectorielle vitale pour les populations affectées par la crise dans l’Est du Tchad et la province du Lac,4/15/2026 12:00:00 AM,10/14/2026 12:00:00 AM,6 Months,8257000,7716823,0,3/19/2026 9:47:49 AM,6840##27000##11280##11280,"4- Likely to contribute to gender equality, including across age groups",Implementation,6,PRJ_IMPL_RPT,32717978.4510,4/16/2026 4:22:44 PM
90,"Réponse multisectorielle vitale aux déplacements et à l'insécurité alimentaire dans les provinces du Ouaddaï, du Wadi Fira, du Sila et du Lac au Tchad",CBPF-TCD-26-R-UN-NSFT-39346,,,2026,1,United Nations Children’s Fund,3,"Réponse multisectorielle santé, nutrition, protection de l’enfance, eau, hygiène et assainissement aux crises à l’Ouest et à l’Est du Tchad  ",4/20/2026 12:00:00 AM,10/19/2026 12:00:00 AM,6 Months,1E+07,9345794,0,3/19/2026 10:39:54 AM,61290##65794##137656##158429,"4- Likely to contribute to gender equality, including across age groups",Implementation,6,PRJ_IMPL_RPT,32723475.8850,4/17/2026 1:35:03 PM
90,"Réponse multisectorielle vitale aux déplacements et à l'insécurité alimentaire dans les provinces du Ouaddaï, du Wadi Fira, du Sila et du Lac au Tchad",CBPF-TCD-26-R-UN-NSFT-39347,,,2026,1,United Nations High Commissionner for Refugees,3,Protection et assistance d’urgence pour les réfugiés soudanais dans l’Est du Tchad ,4/15/2026 12:00:00 AM,10/14/2026 12:00:00 AM,6 Months,2.0147E+07,1.891737E+07,0,3/18/2026 6:27:06 PM,12740##23660##27300##27300,2- Unlikely to contribute to gender equality (no gender equality measure but includes age consideration),Implementation,6,PRJ_IMPL_RPT,32726224.6020,4/17/2026 3:56:53 PM
90,"Réponse multisectorielle vitale aux déplacements et à l'insécurité alimentaire dans les provinces du Ouaddaï, du Wadi Fira, du Sila et du Lac au Tchad",CBPF-TCD-26-R-UN-NSFT-39407,,,2026,1,Food and Agriculture Organization,3,Sauver des vies par la protection de la production alimentaire des ménages vulnérables au Tchad,4/15/2026 12:00:00 AM,10/14/2026 12:00:00 AM,6 Months,4000000,3738318,0,3/18/2026 3:48:31 PM,17700##18400##17700##18400,"4- Likely to contribute to gender equality, including across age groups",Implementation,6,PRJ_IMPL_RPT,32720727.1680,4/15/2026 2:17:30 PM
90,"Réponse multisectorielle vitale aux déplacements et à l'insécurité alimentaire dans les provinces du Ouaddaï, du Wadi Fira, du Sila et du Lac au Tchad",CBPF-TCD-26-R-UN-NSFT-39414,,,2026,1,Programme Alimentaire Mondial,3,Aide alimentaire et nutritionnelle d’urgence pour les populations touchées par la crise et souffrant de malnutrition aigüe modérée au Tchad,4/15/2026 12:00:00 AM,10/14/2026 12:00:00 AM,6 Months,2.5E+07,2.347418E+07,0,3/19/2026 10:37:34 AM,67206##85109##114266##125351,"4- Likely to contribute to gender equality, including across age groups",Implementation,6,PRJ_IMPL_RPT,32701486.1490,4/17/2026 5:39:25 PM
99,Fast-tracked support to JRP priortized response,CBPF-BGD-26-R-INGO-NSFT-39295,,,2026,1,International Rescue Committee,2,RELIEF-HP: Refugee Emergency Lifesaving Intervention for Health &amp; Protection,4/1/2026 12:00:00 AM,9/30/2026 12:00:00 AM,6 Months,2066357,1931175,0,3/10/2026 3:33:27 PM,41014##48520##34375##37403,"4- Likely to contribute to gender equality, including across age groups",Implementation,6,PRJ_UND_FINAL_RPT,39322643.0058,4/2/2026 6:14:15 PM
99,Fast-tracked support to JRP priortized response,CBPF-BGD-26-R-INGO-NSFT-39299,,,2026,1,World Vision of Bangladesh,2,"Integrated and Complementary Life-Saving WASH, Child Protection and GBV Services for Rohingya Refugees in Cox’s Bazar",4/1/2026 12:00:00 AM,9/30/2026 12:00:00 AM,6 Months,539367.5,504081.8,0,3/10/2026 5:45:20 PM,10545##15282##9236##13571,"4- Likely to contribute to gender equality, including across age groups",Implementation,6,PRJ_UND_FINAL_RPT,38960115.0444,3/26/2026 10:16:20 PM
99,Fast-tracked support to JRP priortized response,CBPF-BGD-26-R-INGO-NSFT-39301,,,2026,1,HANDICAP INTERNATIONAL FEDERATION,2,"Comprehensive and Integrated Rehabilitation for the Most Vulnerable, Including Persons with Disabilities, in Rohingya Camps",4/1/2026 12:00:00 AM,9/30/2026 12:00:00 AM,6 Months,296667.3,277259.2,0,3/10/2026 11:28:54 AM,2444##2774##859##528,"4- Likely to contribute to gender equality, including across age groups",Implementation,6,PRJ_UND_FINAL_RPT,39345924.6180,4/1/2026 12:21:14 AM
99,Fast-tracked support to JRP priortized response,CBPF-BGD-26-R-INGO-NSFT-39303,,,2026,1,CARE BANGLADESH,2,"Supporting Rohingya Refugees through Life-Saving Shelter Assistance, WASH Services, and High-Risk Landslide and Monsoon Response Activities",4/1/2026 12:00:00 AM,9/30/2026 12:00:00 AM,6 Months,995000,929906.6,0,3/10/2026 12:44:14 PM,17580##19554##20147##19335,"4- Likely to contribute to gender equality, including across age groups",Implementation,6,PRJ_UND_FINAL_RPT,39329294.8950,3/24/2026 2:28:28 PM
99,Fast-tracked support to JRP priortized response,CBPF-BGD-26-R-INGO-NSFT-39305,,,2026,1,Save the Children Fund,2,Delivering Life-Saving Child Protection and Health Services for Rohingya Refugees in Cox’s Bazar,4/1/2026 12:00:00 AM,9/30/2026 12:00:00 AM,6 Months,2172289,2030177,0,3/10/2026 4:51:52 PM,12290##13400##14236##14887,"4- Likely to contribute to gender equality, including across age groups",Implementation,6,PRJ_UND_FINAL_RPT,39319317.0612,4/2/2026 6:25:31 PM
99,Fast-tracked support to JRP priortized response,CBPF-BGD-26-R-INGO-NSFT-39307,,,2026,1,Concern Worldwide,2,Integrated acute malnutrition management and preventive nutrition services for children under five years and pregnant &amp; breastfeeding women in the Rohingya response at Cox's Bazar,4/1/2026 12:00:00 AM,9/30/2026 12:00:00 AM,6 Months,600000,560747.7,0,3/10/2026 11:03:16 AM,0##13360##17610##16920,"4- Likely to contribute to gender equality, including across age groups",Implementation,6,PRJ_UND_FINAL_RPT,39339272.7288,3/27/2026 8:14:47 PM
99,Fast-tracked support to JRP priortized response,CBPF-BGD-26-R-INGO-NSFT-39313,,,2026,1,Norwegian Refugee Council,2,Strengthening Safe and Reliable WASH Service Delivery in Rohingya Camps,4/1/2026 12:00:00 AM,9/30/2026 12:00:00 AM,6 Months,600000,560747.7,0,3/10/2026 12:04:54 PM,12519##14092##14334##13749,"4- Likely to contribute to gender equality, including across age groups",Implementation,6,PRJ_UND_FINAL_RPT,39315991.1166,3/24/2026 2:28:06 PM
99,Fast-tracked support to JRP priortized response,CBPF-BGD-26-R-INGO-NSFT-39315,,,2026,1,Islamic Relief,2,"Life-Saving Shelter, LPG &amp; WASH Support for Rohingya Refugees in Ukhiya and Bhasan Char Camp, Bangladesh",4/1/2026 12:00:00 AM,9/30/2026 12:00:00 AM,6 Months,1650000,1542056,0,3/10/2026 4:16:22 PM,34827##39953##41638##41044,"4- Likely to contribute to gender equality, including across age groups",Implementation,6,PRJ_UND_FINAL_RPT,39325968.9504,4/1/2026 1:03:29 AM
99,Fast-tracked support to JRP priortized response,CBPF-BGD-26-R-INGO-NSFT-39328,,,2026,1,DANISH REFUGEE COUNCIL (DRC),2,"Provision of Emergency Shelter, Disaster Risk Response Support, and Protection Services for Rohingya Refugees in Cox’s Bazar.",4/1/2026 12:00:00 AM,9/30/2026 12:00:00 AM,6 Months,627019,585999.1,0,3/10/2026 6:13:21 PM,36890##41997##42048##40226,"4- Likely to contribute to gender equality, including across age groups",Implementation,6,PRJ_UND_FINAL_RPT,39342598.6734,4/2/2026 6:28:35 PM
99,[RA3-2026 US] Protecting Critical Lifesaving Services and Scaling Assistance for Rohingya Refugees,CBPF-BGD-26-R-INGO-NSFT-41420,,,2026,1,DANISH REFUGEE COUNCIL (DRC),2,"Strengthening Shelter, Site Development, Disaster Preparedness and Protection for Rohingya Refugees in Cox’s Bazar",10/1/2026 12:00:00 AM,9/30/2027 12:00:00 AM,12 Months,2053300,1918972,0,9/25/2026 5:21:40 PM,29857##44009##31248##34539,"4- Likely to contribute to gender equality, including across age groups",Disbursement,5,PRJ_DISBURSEMENT,39342598.6734,9/30/2026 5:39:49 PM
99,[RA3-2026 US] Protecting Critical Lifesaving Services and Scaling Assistance for Rohingya Refugees,CBPF-BGD-26-R-INGO-NSFT-41588,,,2026,1,HEKS,2,"Lifesaving Shelter Assistance for Vulnerable Rohingya Households in Cox`s Bazar, Bangladesh",10/15/2026 12:00:00 AM,4/14/2027 12:00:00 AM,6 Months,950377.9,888203.6,0,9/17/2026 12:22:47 PM,11704##13916##4705##4609,"4- Likely to contribute to gender equality, including across age groups",HC Final Approval,4,PRJ_IP_SUB_GA_TO_HFU,39761667.6930,1/1/0001 12:00:00 AM
99,[RA3-2026 US] Protecting Critical Lifesaving Services and Scaling Assistance for Rohingya Refugees,CBPF-BGD-26-R-INGO-NSFT-41590,,,2026,1,International Rescue Committee,2,Responsive Emergency Assistance for Communities in Humanitarian Crisis (REACH),10/3/2026 12:00:00 AM,9/30/2027 12:00:00 AM,11 Months 28 Days,2280000,2130841,0,9/17/2026 4:59:20 PM,20431##31422##16917##23057,"4- Likely to contribute to gender equality, including across age groups",Disbursement,5,PRJ_DISBURSEMENT,39322643.0058,10/1/2026 4:59:01 PM
99,[RA3-2026 US] Protecting Critical Lifesaving Services and Scaling Assistance for Rohingya Refugees,CBPF-BGD-26-R-INGO-NSFT-41592,,,2026,1,Islamic Relief,2,"Life‑Saving Shelter, LPG, and WASH Support for Rohingya Refugees in Ukhiya and Bhasan Char Camp, Bangladesh (Tranche 2)",10/1/2026 12:00:00 AM,5/31/2027 12:00:00 AM,8 Months,2500000,2336449,0,9/17/2026 5:29:20 PM,29466##35520##37969##37326,"4- Likely to contribute to gender equality, including across age groups",Disbursement,5,PRJ_DISBURSEMENT,39325968.9504,9/30/2026 5:41:30 PM
99,[RA3-2026 US] Protecting Critical Lifesaving Services and Scaling Assistance for Rohingya Refugees,CBPF-BGD-26-R-INGO-NSFT-41594,,,2026,1,Welthungerhilfe Bangladesh,2,WASH Assistance in Teknaf and Bhasan Char for Equitable Services to Rohingya (WATER),10/1/2026 12:00:00 AM,9/30/2027 12:00:00 AM,12 Months,1480000,1383178,0,9/17/2026 8:25:00 AM,15371##20685##18784##18854,"4- Likely to contribute to gender equality, including across age groups",Strategic review,2,PRJ_REJECTED,39312665.1720,1/1/0001 12:00:00 AM
99,[RA3-2026 US] Protecting Critical Lifesaving Services and Scaling Assistance for Rohingya Refugees,CBPF-BGD-26-R-INGO-NSFT-41597,,,2026,1,Qatar Charity,2,Enhancing Safe and Dignified Living Conditions through Emergency Shelter and NFI Assistance for Vulnerable Rohingya Refugees in Cox’s Bazar,10/15/2026 12:00:00 AM,4/14/2027 12:00:00 AM,6 Months,296678.9,277270,0,9/17/2026 4:46:21 PM,497##588##618##600,"4- Likely to contribute to gender equality, including across age groups",Disbursement,5,PRJ_DISBURSEMENT,39755015.8038,9/28/2026 8:51:09 PM
99,[RA3-2026 US] Protecting Critical Lifesaving Services and Scaling Assistance for Rohingya Refugees,CBPF-BGD-26-R-INGO-NSFT-41604,,,2026,1,ACTED,2,Saving Lives Through Sustaining Critical Services and Reducing Emergency Risks in Rohingya Refugee Settlements,11/1/2026 12:00:00 AM,8/31/2027 12:00:00 AM,10 Months,1390297,1299343,0,9/17/2026 4:32:24 PM,5552##2380##0##0,"4- Likely to contribute to gender equality, including across age groups",Disbursement,5,PRJ_IP_CNT_SIG,39335946.7842,1/1/0001 12:00:00 AM
99,[RA3-2026 US] Protecting Critical Lifesaving Services and Scaling Assistance for Rohingya Refugees,CBPF-BGD-26-R-INGO-NSFT-41611,,,2026,1,HANDICAP INTERNATIONAL FEDERATION,2,"Integrated Rehabilitation and Protection Services for the Most Vulnerable, Including Persons with Disabilities, in Rohingya Camps",10/1/2026 12:00:00 AM,6/30/2027 12:00:00 AM,9 Months,324829.3,303578.8,0,9/17/2026 1:51:42 PM,1711##2875##898##1186,"4- Likely to contribute to gender equality, including across age groups",Disbursement,5,PRJ_IP_CNT_SIG,39345924.6180,1/1/0001 12:00:00 AM
99,[RA3-2026 US] Protecting Critical Lifesaving Services and Scaling Assistance for Rohingya Refugees,CBPF-BGD-26-R-INGO-NSFT-41613,,,2026,1,Plan International Bangladesh,2,"Protecting Lives and Sustaining Dignity: Integrated Protection and WASH Services for Rohingya Refugees in Camps 22, 24, 25 and 27 in Teknaf  ",10/3/2026 12:00:00 AM,9/30/2027 12:00:00 AM,11 Months 28 Days,1785219,1668429,0,9/17/2026 1:13:14 PM,12322##25525##17140##20509,"4- Likely to contribute to gender equality, including across age groups",Strategic review,2,PRJ_REJECTED,38983396.6566,1/1/0001 12:00:00 AM
99,[RA3-2026 US] Protecting Critical Lifesaving Services and Scaling Assistance for Rohingya Refugees,CBPF-BGD-26-R-INGO-NSFT-41637,,,2026,1,CARE BANGLADESH,2,Locally led Humanitarian Assistance to prioritised multi-sectoral Needs of Distressed Rohingya community,10/1/2026 12:00:00 AM,3/31/2027 12:00:00 AM,6 Months,1610000,1504673,0,9/17/2026 11:48:48 AM,17707##17901##18778##17952,"4- Likely to contribute to gender equality, including across age groups",Disbursement,5,PRJ_DISBURSEMENT,39329294.8950,9/30/2026 5:45:42 PM
99,[RA3-2026 US] Protecting Critical Lifesaving Services and Scaling Assistance for Rohingya Refugees,CBPF-BGD-26-R-INGO-NSFT-41638,,,2026,1,Norwegian Refugee Council,2,"Strengthening resilience among Rohingya Refugees in Cox’s Bazar through Integrated, Life-Saving Protection, WASH, and Shelter Assistance and Local Capacity Strengthening ",10/1/2026 12:00:00 AM,3/31/2027 12:00:00 AM,6 Months,1150000,1074767,0,9/17/2026 6:25:21 PM,29526##37017##27465##26534,"4- Likely to contribute to gender equality, including across age groups",Disbursement,5,PRJ_DISBURSEMENT,39315991.1166,9/30/2026 5:35:45 PM
99,[RA3-2026 US] Protecting Critical Lifesaving Services and Scaling Assistance for Rohingya Refugees,CBPF-BGD-26-R-INGO-NSFT-41648,,,2026,1,Concern Worldwide,2,Integrated life-saving nutrition services for children under five and pregnant and breastfeeding women in the Rohingya Refugee Camps,1/1/2027 12:00:00 AM,6/30/2027 12:00:00 AM,6 Months,750000,700934.6,0,9/17/2026 1:14:49 PM,0##16451##22882##23815,"4- Likely to contribute to gender equality, including across age groups",Disbursement,5,PRJ_IP_CNT_SIG,39339272.7288,1/1/0001 12:00:00 AM
99,[RA3-2026 US] Protecting Critical Lifesaving Services and Scaling Assistance for Rohingya Refugees,CBPF-BGD-26-R-INGO-NSFT-41660,,,2026,1,Education and development Foundation,2,Strengthening Access and Facilitating Equity for integrated child protection and GBV response-SAFE,10/3/2026 12:00:00 AM,9/30/2027 12:00:00 AM,11 Months 28 Days,610441.4,570506,0,9/17/2026 1:55:35 PM,1280##3012##2525##4257,"4- Likely to contribute to gender equality, including across age groups",Strategic review,2,PRJ_REJECTED,39735060.1362,1/1/0001 12:00:00 AM
99,[RA3-2026 US] Protecting Critical Lifesaving Services and Scaling Assistance for Rohingya Refugees,CBPF-BGD-26-R-INGO-NSFT-41668,,,2026,1,Terre des Hommes Foundation,2,"Ensuring continued access to immediate lifesaving integrated primary health, WASH and protection services for the Rohingya refugees in Camps 26 and 27, Nhila Union, Teknaf   ",10/1/2026 12:00:00 AM,9/30/2027 12:00:00 AM,12 Months,1298948,1213970,0,9/17/2026 11:40:37 AM,14472##19360##18292##18494,"4- Likely to contribute to gender equality, including across age groups",Disbursement,5,PRJ_DISBURSEMENT,39352576.5072,9/30/2026 5:44:24 PM
99,[RA3-2026 US] Protecting Critical Lifesaving Services and Scaling Assistance for Rohingya Refugees,CBPF-BGD-26-R-INGO-NSFT-41679,,,2026,1,Save the Children Fund,2,"Sustaining Life-Saving Child Protection, Health and WASH Services for Rohingya Refugees in Cox's Bazar",10/3/2026 12:00:00 AM,9/30/2027 12:00:00 AM,11 Months 28 Days,2196000,2052336,0,9/17/2026 4:56:47 PM,20665##25079##27383##27246,"4- Likely to contribute to gender equality, including across age groups",Disbursement,5,PRJ_DISBURSEMENT,39319317.0612,10/1/2026 5:12:53 PM
99,[RA3-2026 US] Protecting Critical Lifesaving Services and Scaling Assistance for Rohingya Refugees,CBPF-BGD-26-R-NGO-NSFT-41593,,,2026,1,Gonoshasthaya Kendra,1,"Sustaining Essential Life-Saving Primary Healthcare Services for Forcibly Displaced Myanmar Nationals in Camps 1E, 11 and 22",10/1/2026 12:00:00 AM,9/30/2027 12:00:00 AM,12 Months,590362.4,567656.1,0,9/17/2026 3:58:36 PM,13779##14894##15374##14935,"4- Likely to contribute to gender equality, including across age groups",Strategic review,2,PRJ_REJECTED,40480071.7266,1/1/0001 12:00:00 AM
99,[RA3-2026 US] Protecting Critical Lifesaving Services and Scaling Assistance for Rohingya Refugees,CBPF-BGD-26-R-NGO-NSFT-41600,,,2026,1,Society for Health Extension and Development (SHED),1,"Lifesaving health Care services through a Primary Health and Nutrition Centre-PHNC and Integrated Outreach activities for the most vulnerable Rohingya community at camp#5, 9, 13, 14, 15",11/1/2026 12:00:00 AM,9/30/2027 12:00:00 AM,11 Months,1064684,995032,0,9/17/2026 8:48:43 AM,58992##66033##68675##66110,"4- Likely to contribute to gender equality, including across age groups",Strategic review,2,PRJ_REJECTED,39003352.3242,1/1/0001 12:00:00 AM
99,[RA3-2026 US] Protecting Critical Lifesaving Services and Scaling Assistance for Rohingya Refugees,CBPF-BGD-26-R-NGO-NSFT-41603,,,2026,1,PROTTYASHI,1,Life-Saving WASH Services For the Rohingya Refugees in Cox's Bazar,10/3/2026 12:00:00 AM,7/31/2027 12:00:00 AM,9 Months 29 Days,317053.7,296311.8,0,9/17/2026 1:24:26 PM,4129##4754##4885##4816,"4- Likely to contribute to gender equality, including across age groups",Strategic review,2,PRJ_REJECTED,39731734.1916,1/1/0001 12:00:00 AM
99,[RA3-2026 US] Protecting Critical Lifesaving Services and Scaling Assistance for Rohingya Refugees,CBPF-BGD-26-R-NGO-NSFT-41640,,,2026,1,Friendship,1,Sustaining Lifesaving Primary Healthcare and CEmONC for Rohingya Refugees through Five PHCs and Friendship Hospital Ukhiya in Cox's Bazar,10/1/2026 12:00:00 AM,9/30/2027 12:00:00 AM,12 Months,1890000,1766355,0,9/17/2026 5:27:25 PM,36190##52911##45470##44846,"3- Likely to contribute to gender equality, but without attention to age groups",Disbursement,5,PRJ_DISBURSEMENT,39791601.1944,10/1/2026 5:03:47 PM
99,[RA3-2026 US] Protecting Critical Lifesaving Services and Scaling Assistance for Rohingya Refugees,CBPF-BGD-26-R-NGO-NSFT-41641,,,2026,1,BANGLADESH NARI PROGATI SANGHA.,1,"Comprehensive GBV Prevention and Protection Services for Rohingya Refugee Women and Girls in Ukhiya Upazila, Cox’s Bazar",11/1/2026 12:00:00 AM,4/30/2027 12:00:00 AM,6 Months,169519,158429,0,9/17/2026 3:49:04 PM,1000##3000##1000##2000,"4- Likely to contribute to gender equality, including across age groups",Strategic review,2,PRJ_REJECTED,40510005.2280,1/1/0001 12:00:00 AM
99,[RA3-2026 US] Protecting Critical Lifesaving Services and Scaling Assistance for Rohingya Refugees,CBPF-BGD-26-R-NGO-NSFT-41659,,,2026,1,Dushtha Shasthya Kendra,1,"Bridging Critical WASH Gaps: Emergency Response and Service Continuity in Rohingya Refugee Camps 16, 22, 24 and 26",10/4/2026 12:00:00 AM,3/31/2027 12:00:00 AM,5 Months 28 Days,499995.3,467285.3,0,9/17/2026 3:23:42 PM,7748##9401##9310##9034,"4- Likely to contribute to gender equality, including across age groups",Disbursement,5,PRJ_DISBURSEMENT,40513331.1726,9/30/2026 3:04:45 PM
99,[RA3-2026 US] Protecting Critical Lifesaving Services and Scaling Assistance for Rohingya Refugees,CBPF-BGD-26-R-NGO-NSFT-41666,,,2026,1,Resource Integration Centre (RIC),1,Nutrition Resilience for Rohingya Refugee Communities: Nutrition and Malnutrition Prevention Initiative Program,11/1/2026 12:00:00 AM,4/30/2027 12:00:00 AM,6 Months,1140946,1066305,0,9/17/2026 4:49:39 PM,0##1650##3500##3500,,Strategic review,2,PRJ_REJECTED,40516657.1172,1/1/0001 12:00:00 AM
99,[RA3-2026 US] Protecting Critical Lifesaving Services and Scaling Assistance for Rohingya Refugees,CBPF-BGD-26-R-NGO-NSFT-41671,,,2026,1,BRAC,1,Multi-sectoral life-saving services for the Rohingya Refugees in Cox's Bazar and Bhasan Char,10/3/2026 12:00:00 AM,9/30/2027 12:00:00 AM,11 Months 28 Days,1750000,1635514,0,9/17/2026 3:02:30 PM,241657##277823##286921##276509,"4- Likely to contribute to gender equality, including across age groups",Disbursement,5,PRJ_DISBURSEMENT,39781623.3606,9/30/2026 5:34:20 PM
99,[RA3-2026 US] Protecting Critical Lifesaving Services and Scaling Assistance for Rohingya Refugees,CBPF-BGD-26-R-NGO-NSFT-41680,,,2026,1,Mukti Coxs Bazar,1,Locally-Led GBV Response and Prevention: Enhancing Access to Life-Saving GBV Services and Risk Mitigation through Women and Girls Safe Spaces in Cox's Bazar and BhasanChar.,1/1/2027 12:00:00 AM,9/30/2027 12:00:00 AM,9 Months,549999.6,514018.3,0,9/17/2026 1:27:35 PM,165##14654##165##12516,"4- Likely to contribute to gender equality, including across age groups",Disbursement,5,PRJ_DISBURSEMENT,39725082.3024,9/30/2026 5:43:00 PM
99,[RA3-2026 US] Protecting Critical Lifesaving Services and Scaling Assistance for Rohingya Refugees,CBPF-BGD-26-R-O-NSFT-41609,,,2026,1,Bangladesh Red Crescent Society,4,"Strengthening Resilience and Emergency Response Readiness Initiative in Bhasan Char through Integrated Shelter, NFI, and WASH Interventions",11/1/2026 12:00:00 AM,4/30/2027 12:00:00 AM,6 Months,307796.3,287660,0,9/17/2026 3:23:21 PM,3754##4283##5077##5001,"4- Likely to contribute to gender equality, including across age groups",Disbursement,5,PRJ_DISBURSEMENT,39788275.2498,9/30/2026 5:37:37 PM
99,Fast-tracked support to JRP priortized response,CBPF-BGD-26-R-UN-NSFT-39298,,,2026,1,United Nations High Commissioner for Refugees,3,Protection and Assistance for Rohingya Refugees in Cox’s Bazar and on Bhasan Char,4/1/2026 12:00:00 AM,9/30/2026 12:00:00 AM,6 Months,1.867484E+07,1.753506E+07,0,3/10/2026 4:17:38 PM,153126##177627##176860##170144,"4- Likely to contribute to gender equality, including across age groups",Implementation,6,PRJ_UND_FINAL_RPT,39246146.2800,4/1/2026 12:17:22 AM
99,Fast-tracked support to JRP priortized response,CBPF-BGD-26-R-UN-NSFT-39309,,,2026,1,United Nations Children's Fund,3,"Provision of multi-sectoral, life-saving WASH and Nutrition assistance for vulnerable Rohingya refugees in Bangladesh.",4/1/2026 12:00:00 AM,9/30/2026 12:00:00 AM,6 Months,8525000,7967290,0,3/10/2026 2:18:32 PM,121500##144111##151978##140937,"4- Likely to contribute to gender equality, including across age groups",Implementation,6,PRJ_UND_FINAL_RPT,39242820.3354,3/25/2026 3:57:43 PM
99,Fast-tracked support to JRP priortized response,CBPF-BGD-26-R-UN-NSFT-39314,,,2026,1,International Organization for Migration,3,Life-Saving Assistance for Rohingya Refugees in Cox’s Bazar,4/1/2026 12:00:00 AM,9/30/2026 12:00:00 AM,6 Months,1.256571E+07,1.174366E+07,0,3/10/2026 10:22:41 AM,160121##186082##185324##180001,"4- Likely to contribute to gender equality, including across age groups",Implementation,6,PRJ_UND_FINAL_RPT,39249472.2246,4/3/2026 8:31:21 PM
99,Fast-tracked support to JRP priortized response,CBPF-BGD-26-R-UN-NSFT-39317,,,2026,1,World Food Programme,3,Emergency Food and Nutrition Assistance for the Rohingya Refugees in Bangladesh,4/1/2026 12:00:00 AM,9/30/2026 12:00:00 AM,6 Months,9.6E+07,8.971962E+07,0,3/10/2026 5:44:29 AM,273970##277314##370147##328769,"4- Likely to contribute to gender equality, including across age groups",Implementation,6,PRJ_UND_FINAL_RPT,39239494.3908,3/24/2026 12:22:16 AM
99,Fast-tracked support to JRP priortized response,CBPF-BGD-26-R-UN-NSFT-39321,,,2026,1,Food and Agriculture Organization of the United Nations,3,Preventing loss of life and shelter destruction through nature-based slope stabilization in Cox’s Bazar Rohingya camps,4/1/2026 12:00:00 AM,9/30/2026 12:00:00 AM,6 Months,584369,546139.3,0,3/10/2026 11:42:58 AM,560##240##0##0,"4- Likely to contribute to gender equality, including across age groups",Implementation,6,PRJ_UND_FINAL_RPT,39252798.1692,4/1/2026 12:16:40 AM
99,[RA3-2026 US] Protecting Critical Lifesaving Services and Scaling Assistance for Rohingya Refugees,CBPF-BGD-26-R-UN-NSFT-41598,,,2026,1,United Nations High Commissioner for Refugees,3,Sustaining Critical Protection and Multi-Sector Assistance for Rohingya Refugees in Bangladesh,10/1/2026 12:00:00 AM,9/30/2027 12:00:00 AM,12 Months,1.907459E+07,1.782672E+07,0,9/17/2026 3:30:49 PM,137053##163883##167168##162611,"4- Likely to contribute to gender equality, including across age groups",Disbursement,5,PRJ_IP_CNT_SIG,39246146.2800,1/1/0001 12:00:00 AM
99,[RA3-2026 US] Protecting Critical Lifesaving Services and Scaling Assistance for Rohingya Refugees,CBPF-BGD-26-R-UN-NSFT-41605,,,2026,1,International Organization for Migration,3,Provision of Critical Life-Saving Services and Protection through Integrated Multi-Sector Humanitarian Assistance for Rohingya Refugees in Cox's Bazar,10/1/2026 12:00:00 AM,9/30/2027 12:00:00 AM,12 Months,1.714721E+07,1.602543E+07,0,9/17/2026 11:51:34 AM,148971##176997##177173##172067,"4- Likely to contribute to gender equality, including across age groups",Disbursement,5,PRJ_IP_CNT_SIG,39249472.2246,1/1/0001 12:00:00 AM
99,[RA3-2026 US] Protecting Critical Lifesaving Services and Scaling Assistance for Rohingya Refugees,CBPF-BGD-26-R-UN-NSFT-41606,,,2026,1,United Nations Children's Fund,3,"Protecting and Saving Lives Through Integrated WASH, Nutrition, Health, and Child Protection Services for Vulnerable Rohingya Refugees in Bangladesh",11/1/2026 12:00:00 AM,9/30/2027 12:00:00 AM,11 Months,1.077998E+07,1.026665E+07,0,9/17/2026 11:35:55 AM,172233##207948##277754##269198,"4- Likely to contribute to gender equality, including across age groups",Technical Review,3,PRJ_BUDGET_CLR,39242820.3354,1/1/0001 12:00:00 AM
99,[RA3-2026 US] Protecting Critical Lifesaving Services and Scaling Assistance for Rohingya Refugees,CBPF-BGD-26-R-UN-NSFT-41618,,,2026,1,World Food Programme,3,"Life-Saving Food Security, Nutrition and Disaster Risk Reduction Assistance for Rohingya Refugees in Bangladesh",12/1/2026 12:00:00 AM,7/31/2027 12:00:00 AM,8 Months,7.61E+07,7.11215E+07,0,9/17/2026 1:06:29 PM,285365##334177##342294##332083,"4- Likely to contribute to gender equality, including across age groups",Disbursement,5,PRJ_IP_CNT_SIG,39239494.3908,1/1/0001 12:00:00 AM
99,[RA3-2026 US] Protecting Critical Lifesaving Services and Scaling Assistance for Rohingya Refugees,CBPF-BGD-26-R-UN-NSFT-41650,,,2026,1,United Nations Development Programme,3,"Protecting Public Health, Environment, and Shelters in vulnerable Rohingya Camps in Ukhiya and Teknaf through Strengthening Essential Solid Waste Management and Landslide Risk Reduction Measures  ",10/3/2026 12:00:00 AM,9/30/2027 12:00:00 AM,11 Months 28 Days,5081764,4749312,0,9/17/2026 10:30:06 AM,277792##325454##332044##322000,"4- Likely to contribute to gender equality, including across age groups",Strategic review,2,PRJ_REJECTED,40473419.8374,1/1/0001 12:00:00 AM
99,[RA3-2026 US] Protecting Critical Lifesaving Services and Scaling Assistance for Rohingya Refugees,CBPF-BGD-26-R-UN-NSFT-41681,,,2026,1,Food and Agriculture Organization of the United Nations,3,"Protecting Communities, and Saving Lives: Integrated Disaster Risk Reduction Support for the Rohingya Refugees",10/1/2026 12:00:00 AM,8/29/2027 12:00:00 AM,10 Months 29 Days,1000006,934584.9,0,9/17/2026 1:01:41 PM,1750##750##0##0,"4- Likely to contribute to gender equality, including across age groups",Disbursement,5,PRJ_IP_CNT_SIG,39252798.1692,1/1/0001 12:00:00 AM
508,Lifesaving response to intersectoral humanitarian needs in Guatemala,CBPF-GTM-26-R-INGO-NSFT-39621,,,2026,1,"Cooperative for Assistance and Relief Everywhere, Inc.",2,"Respuesta humanitaria multisectorial para atender la Seguridad Alimentaria, Nutrición, Salud, WASH y Protección ante choques naturales e inundaciones para salvar vidas en Guatemala. ",6/1/2026 12:00:00 AM,11/30/2026 12:00:00 AM,6 Months,5900000,5514019,0,4/26/2026 6:29:30 PM,5844##26118##50074##57529,"4- Likely to contribute to gender equality, including across age groups",Implementation,6,PRJ_IMPL_RPT,1045710434.8640,5/21/2026 2:19:36 PM
508,Lifesaving response to intersectoral humanitarian needs in Guatemala,CBPF-GTM-26-R-INGO-NSFT-39622,,,2026,1,Fundacion Vision Mundial Guatemala,2,Integrated Humanitarian Assistance for Vulnerable Communities in Guatemala,6/1/2026 12:00:00 AM,11/30/2026 12:00:00 AM,6 Months,4000000,3738318,0,4/25/2026 12:10:18 AM,9872##16548##19068##20923,"4- Likely to contribute to gender equality, including across age groups",Implementation,6,PRJ_IMPL_RPT,1045360142.4480,5/22/2026 3:36:38 PM
508,Lifesaving response to intersectoral humanitarian needs in Guatemala,CBPF-GTM-26-R-INGO-NSFT-39623,,,2026,1,Catholic Relief Services - United States Conference of Catholic Bishops,2,Seguridad Alimentaria y Valoración del Agua (SALVA),6/1/2026 12:00:00 AM,11/30/2026 12:00:00 AM,6 Months,2562742,2395086,0,4/26/2026 7:51:33 PM,3294##3423##2592##2691,"4- Likely to contribute to gender equality, including across age groups",Implementation,6,PRJ_IMPL_RPT,1045184996.2400,5/27/2026 4:05:03 PM
508,Lifesaving response to intersectoral humanitarian needs in Guatemala,CBPF-GTM-26-R-INGO-NSFT-39625,,,2026,1,"Save the Children Federation, Inc",2,"Intervención Integral de Emergencia en WASH, Seguridad Alimentaria y Protección - INTEGRA",6/1/2026 12:00:00 AM,11/30/2026 12:00:00 AM,6 Months,4425000,4135514,0,4/24/2026 10:06:54 PM,10805##12915##7125##7275,0- Does not systematically link programming actions,Implementation,6,PRJ_IMPL_RPT,1048425201.0880,6/3/2026 10:15:40 PM
508,Lifesaving response to intersectoral humanitarian needs in Guatemala,CBPF-GTM-26-R-INGO-NSFT-39626,,,2026,1,Fundacion Accion Contra El Hambre,2,Respuesta humanitaria multisectorial para salvar vidas frente a impactos del choque climático en cuatro municipios de Huehuetenango y Chiquimula.,6/1/2026 12:00:00 AM,11/30/2026 12:00:00 AM,6 Months,3550000,3317757,0,4/24/2026 2:08:00 PM,4368##7086##7426##7549,"4- Likely to contribute to gender equality, including across age groups",Implementation,6,PRJ_IMPL_RPT,1045447715.5520,5/21/2026 4:48:31 PM
508,Lifesaving response to intersectoral humanitarian needs in Guatemala,CBPF-GTM-26-R-UN-NSFT-39619,,,2026,1,International Organization for Migration,3,Asistencia humanitaria multisectorial para personas retornadas vulnerables en Guatemala,6/1/2026 12:00:00 AM,11/30/2026 12:00:00 AM,6 Months,3500000,3271028,0,4/26/2026 10:41:07 PM,20995##2717##494##494,"4- Likely to contribute to gender equality, including across age groups",Implementation,6,PRJ_IMPL_RPT,1037916428.6080,5/22/2026 3:38:47 PM
508,Lifesaving response to intersectoral humanitarian needs in Guatemala,CBPF-GTM-26-R-UN-NSFT-39620,,,2026,1,United Nations Children's Fund,3,"Respuesta humanitaria intersectorial para salvar vidas ante emergencias de origen climático, como la desnutrición aguda, y las necesidades de protección de NNA y sus familias retornadas a Guatemala",6/1/2026 12:00:00 AM,11/30/2026 12:00:00 AM,6 Months,5725000,5350468,0,4/24/2026 1:05:34 AM,15299##14525##15633##16672,"4- Likely to contribute to gender equality, including across age groups",Implementation,6,PRJ_IMPL_RPT,1037653709.2960,5/27/2026 4:08:53 PM
508,Lifesaving response to intersectoral humanitarian needs in Guatemala,CBPF-GTM-26-R-UN-NSFT-39630,,,2026,1,United Nations High Commissioner for Refugees,3,Salvando Vidas en Contextos de Movilidad Humana en Guatemala: Respuesta de protección y acceso a servicios esenciales para personas desplazadas.,6/1/2026 12:00:00 AM,11/30/2026 12:00:00 AM,6 Months,1400000,1314554,0,4/24/2026 9:54:27 PM,3671##6361##0##0,"4- Likely to contribute to gender equality, including across age groups",Implementation,6,PRJ_IMPL_RPT,1038441867.2320,5/28/2026 2:51:20 PM
508,Lifesaving response to intersectoral humanitarian needs in Guatemala,CBPF-GTM-26-R-UN-NSFT-39632,,,2026,1,Pan American Health Organization,3,"Respuesta humanitaria en salud para salvar vidas de poblaciones afectadas por sequía, pérdida de cultivos y riesgo de brotes en territorios con necesidades humanitarias de Guatemala",6/1/2026 12:00:00 AM,11/30/2026 12:00:00 AM,6 Months,2225000,2079439,0,4/26/2026 2:11:04 AM,34553##49910##28271##26875,"4- Likely to contribute to gender equality, including across age groups",Implementation,6,PRJ_IMPL_RPT,1038354294.1280,5/27/2026 3:58:37 PM
508,Lifesaving response to intersectoral humanitarian needs in Guatemala,CBPF-GTM-26-R-UN-NSFT-39638,,,2026,1,World Food Programme,3,"Respuesta humanitaria para atender necesidades intersectoriales en los departamentos de Quiché, Alta Verapaz y Chiquimula, en Guatemala.",6/1/2026 12:00:00 AM,11/30/2026 12:00:00 AM,6 Months,2.5E+07,2.347418E+07,0,4/26/2026 1:17:34 AM,51644##65115##53888##53888,"4- Likely to contribute to gender equality, including across age groups",Implementation,6,PRJ_IMPL_RPT,1037741282.4000,5/28/2026 2:36:33 PM
509,Life Saving multisectoral response to address climate and displacement impacts,CBPF-SLV-26-R-INGO-NSFT-39614,,,2026,1,Plan Internacional Inc.,2,Life Saving Humanitarian Assistance for Children and Families in El Salvador,6/1/2026 12:00:00 AM,11/30/2026 12:00:00 AM,6 Months,5000000,4672897,0,4/24/2026 6:12:52 AM,15903##20324##7024##8034,"4- Likely to contribute to gender equality, including across age groups",Implementation,6,PRJ_IMPL_RPT,1048340814.0480,5/21/2026 2:44:24 AM
509,Life Saving multisectoral response to address climate and displacement impacts,CBPF-SLV-26-R-UN-NSFT-39613,,,2026,1,International Organization for Migration,3,"Provision of Life-Saving Shelter, CCCM, and Cash Assistance to Disaster-Affected IDPs and Vulnerable Returnees in ten municipalities of El Salvador.",6/1/2026 12:00:00 AM,11/30/2026 12:00:00 AM,6 Months,3000000,2803738,0,4/23/2026 5:23:53 PM,13951##15086##3774##4905,"4- Likely to contribute to gender equality, including across age groups",Implementation,6,PRJ_IMPL_RPT,1049923347.9840,5/21/2026 2:42:42 AM
509,Life Saving multisectoral response to address climate and displacement impacts,CBPF-SLV-26-R-UN-NSFT-39615,,,2026,1,Pan American Health Organization,3,Ensuring access to and availability of lifesaving health services through strengthened operational capacity and operating conditions of health facilities in El Salvador,6/1/2026 12:00:00 AM,11/30/2026 12:00:00 AM,6 Months,2700000,2523365,0,4/24/2026 11:09:51 AM,27554##34638##12007##11413,"3- Likely to contribute to gender equality, but without attention to age groups",Implementation,6,PRJ_IMPL_RPT,1042362352.5120,5/21/2026 1:18:18 PM
509,Life Saving multisectoral response to address climate and displacement impacts,CBPF-SLV-26-R-UN-NSFT-39624,,,2026,1,United Nations High Commissioner for Refugees,3,Protección y asistencia esencial para personas en situación de desplazamiento y alto riesgo en El Salvador,6/1/2026 12:00:00 AM,11/30/2026 12:00:00 AM,6 Months,2000000,1877934,0,4/24/2026 12:36:50 PM,9003##17710##2204##1758,"4- Likely to contribute to gender equality, including across age groups",Implementation,6,PRJ_IMPL_RPT,1042274433.9600,5/21/2026 7:25:02 PM
509,Life Saving multisectoral response to address climate and displacement impacts,CBPF-SLV-26-R-UN-NSFT-39628,,,2026,1,The United Nations World Food Programme,3,Providing Timely Assistance to Vulnerable Communities in El Salvador,6/1/2026 12:00:00 AM,11/30/2026 12:00:00 AM,6 Months,8500000,7981221,0,4/23/2026 9:19:17 PM,20403##25102##9676##9233,"4- Likely to contribute to gender equality, including across age groups",Implementation,6,PRJ_IMPL_RPT,1049132081.0160,5/21/2026 2:45:49 AM
509,Life Saving multisectoral response to address climate and displacement impacts,CBPF-SLV-26-R-UN-NSFT-39649,,,2026,1,United Nations Children's Fund,3,Respuesta Humanitaria Multisectorial para la Niñez Salvadoreña y sus Familias en Contextos de Eventos Climáticos y Movilidad Humana.,6/1/2026 12:00:00 AM,11/30/2026 12:00:00 AM,6 Months,3000000,2803738,0,4/24/2026 5:17:18 AM,5001##10688##9228##9643,"4- Likely to contribute to gender equality, including across age groups",Implementation,6,PRJ_IMPL_RPT,1042186515.4080,5/21/2026 1:16:44 PM
510,Lifesaving response to intersectoral humanitarian needs in Honduras,CBPF-HND-26-R-INGO-NSFT-39634,,,2026,1,Asociacion GOAL International,2,"Respuesta Humanitaria Multisectorial Inclusiva para Poblaciones Vulnerables, con énfasis Personas con Discapacidad",6/1/2026 12:00:00 AM,11/30/2026 12:00:00 AM,6 Months,4000000,3738318,0,4/28/2026 9:13:55 PM,40172##50216##28237##26927,"4- Likely to contribute to gender equality, including across age groups",Implementation,6,PRJ_IMPL_RPT,1053874189.8000,5/28/2026 12:20:16 AM
510,Lifesaving response to intersectoral humanitarian needs in Honduras,CBPF-HND-26-R-INGO-NSFT-39637,,,2026,1,"Cooperative for Assistance and Relief Everywhere, Inc.",2,"“Respuesta de Emergencia para Necesidades de Agua, Protección y Asistencia Comunitaria Esencial – RENACE”",6/1/2026 12:00:00 AM,11/30/2026 12:00:00 AM,6 Months,4485000,4191589,0,4/26/2026 10:43:46 PM,48732##51848##47046##40465,"4- Likely to contribute to gender equality, including across age groups",Implementation,6,PRJ_IMPL_RPT,1052108906.4000,5/27/2026 4:38:32 PM
510,Lifesaving response to intersectoral humanitarian needs in Honduras,CBPF-HND-26-R-UN-NSFT-39631,,,2026,1,World Food Programme,3,Life-Saving Food Assistance and Emergency Response for Vulnerable Populations in Honduras,6/1/2026 12:00:00 AM,11/30/2026 12:00:00 AM,6 Months,2.2E+07,2.065728E+07,0,4/28/2026 10:42:21 PM,49893##53732##42219##46056,"4- Likely to contribute to gender equality, including across age groups",Implementation,6,PRJ_IMPL_RPT,1046018678.6700,5/26/2026 8:52:51 PM
510,Lifesaving response to intersectoral humanitarian needs in Honduras,CBPF-HND-26-R-UN-NSFT-39633,,,2026,1,Pan American Health Organization,3,"Acceso seguro a servicios de salud para poblaciones vulnerables en municipios afectados por desastres, eventos climáticos y violencia priorizados en el plan de Acción Humanitaria de Honduras 2026.",6/1/2026 12:00:00 AM,11/30/2026 12:00:00 AM,6 Months,2765000,2584112,0,4/28/2026 12:21:17 AM,34254##35650##20971##21755,"4- Likely to contribute to gender equality, including across age groups",Implementation,6,PRJ_IMPL_RPT,1046989584.5400,5/28/2026 3:12:11 PM
510,Lifesaving response to intersectoral humanitarian needs in Honduras,CBPF-HND-26-R-UN-NSFT-39635,,,2026,1,United Nations High Commissioner for Refugees,3,Respuesta integral para salvar vidas y brindar protección en contextos de desplazamiento y violencia en Honduras,6/1/2026 12:00:00 AM,11/30/2026 12:00:00 AM,6 Months,4000000,3755869,0,4/28/2026 8:55:30 PM,5466##15438##9384##11359,"4- Likely to contribute to gender equality, including across age groups",Implementation,6,PRJ_IMPL_RPT,1046901320.3700,5/28/2026 3:14:32 PM
510,Lifesaving response to intersectoral humanitarian needs in Honduras,CBPF-HND-26-R-UN-NSFT-39640,,,2026,1,United Nations Children's Fund,3,Acción Humanitaria Multisectorial para la niñez y comunidades afectadas por violencia y choques climáticos en Honduras,6/1/2026 12:00:00 AM,11/30/2026 12:00:00 AM,6 Months,1.58E+07,1.476636E+07,0,4/29/2026 1:40:35 AM,140150##140400##60400##60450,"4- Likely to contribute to gender equality, including across age groups",Implementation,6,PRJ_IMPL_RPT,1053344604.7800,5/29/2026 8:02:36 PM
510,Lifesaving response to intersectoral humanitarian needs in Honduras,CBPF-HND-26-R-UN-NSFT-39646,,,2026,1,International Organization for Migration,3,Respuesta humanitaria multisectorial ante los impactos de múltiples choques en personas migrantes y desplazadas en Honduras,6/1/2026 12:00:00 AM,11/30/2026 12:00:00 AM,6 Months,4000000,3738318,0,4/28/2026 8:53:45 PM,8668##9289##6502##6502,"4- Likely to contribute to gender equality, including across age groups",Implementation,6,PRJ_IMPL_RPT,1046724792.0300,5/22/2026 3:08:04 PM
510,Lifesaving response to intersectoral humanitarian needs in Honduras,CBPF-HND-26-R-UN-NSFT-39647,,,2026,1,Food and Agriculture Organization,3,"Respuesta inmediata para Salvar Vidas, mediante la producción alimentaria en emergencias, en cinco municipios del corredor seco de Honduras.",6/1/2026 12:00:00 AM,11/30/2026 12:00:00 AM,6 Months,2150000,2009346,0,4/27/2026 6:18:15 AM,1800##2600##7000##8600,1- Unlikely to contribute to gender equality (no gender equality measure and no age consideration),Implementation,6,PRJ_IMPL_RPT,1046813056.2000,5/27/2026 11:25:52 PM
510,Lifesaving response to intersectoral humanitarian needs in Honduras,CBPF-HND-26-R-UN-NSFT-39648,,,2026,1,United Nations Office for Project Services,3,Cerrando brechas de salud en personas en situación de vulnerabilidad por necesidades humanitarias.,6/1/2026 12:00:00 AM,11/30/2026 12:00:00 AM,6 Months,4000000,3738318,0,4/27/2026 3:12:26 PM,76590##99210##19788##28951,"4- Likely to contribute to gender equality, including across age groups",Implementation,6,PRJ_IMPL_RPT,1054845095.6700,5/27/2026 8:49:02 PM
511,Lifesaving drougt response and refugee service stabilization in Kenya's ASAL and camps,CBPF-KEN-26-R-INGO-NSFT-39399,,,2026,1,Action Against Hunger,2,Samburu Emergency Nutrition and WASH Response - ACF,4/10/2026 12:00:00 AM,10/9/2026 12:00:00 AM,6 Months,596338,557325.3,0,3/23/2026 9:09:40 AM,4694##9569##24487##28172,"4- Likely to contribute to gender equality, including across age groups",Implementation,6,PRJ_IMPL_RPT,1051717620.9540,4/13/2026 8:56:32 PM
511,Lifesaving drougt response and refugee service stabilization in Kenya's ASAL and camps,CBPF-KEN-26-R-INGO-NSFT-39404,,,2026,1,"International Rescue Committee, Inc.",2,Emergency integrated nutrition and primary health care for vulnerable refugees in Kakuma (Turkana) and Dadaab (Garissa) Refugee Camps,4/10/2026 12:00:00 AM,10/9/2026 12:00:00 AM,6 Months,1580211,1476833,0,3/20/2026 6:01:22 PM,67793##77330##45801##47469,"4- Likely to contribute to gender equality, including across age groups",Implementation,6,PRJ_IMPL_RPT,1051894841.8860,4/17/2026 6:32:43 PM
511,Lifesaving drougt response and refugee service stabilization in Kenya's ASAL and camps,CBPF-KEN-26-R-INGO-NSFT-39425,,,2026,1,German Agro Action,2,"WASH Response for Drought-Affected Communities in Tana River County, Kenya",4/10/2026 12:00:00 AM,10/9/2026 12:00:00 AM,6 Months,894014.9,835528,0,3/23/2026 10:27:08 AM,25700##25700##27800##27800,"4- Likely to contribute to gender equality, including across age groups",Implementation,6,PRJ_IMPL_RPT,1053844272.1380,4/16/2026 12:43:02 PM
511,Lifesaving drougt response and refugee service stabilization in Kenya's ASAL and camps,CBPF-KEN-26-R-INGO-NSFT-39438,,,2026,1,Concern Worldwide,2,Lifesaving Nutrition and WASH response for drought affected populations in Marsabit County,4/10/2026 12:00:00 AM,10/9/2026 12:00:00 AM,6 Months,1065519,995812.2,0,3/20/2026 11:13:38 AM,53356##89836##40583##46456,"4- Likely to contribute to gender equality, including across age groups",Implementation,6,PRJ_IMPL_RPT,1053667051.2060,4/12/2026 1:23:18 PM
511,Lifesaving drougt response and refugee service stabilization in Kenya's ASAL and camps,CBPF-KEN-26-R-INGO-NSFT-39445,,,2026,1,ACTED - Kenya,2,Provision of food assistance to vulnerable households experiencing acute food insecurity in Samburu and Tana River Counties,4/10/2026 12:00:00 AM,10/9/2026 12:00:00 AM,6 Months,3045608,2846363,0,3/23/2026 9:03:45 AM,18068##18806##18805##19573,"4- Likely to contribute to gender equality, including across age groups",Implementation,6,PRJ_IMPL_RPT,1054021493.0700,4/15/2026 5:53:03 PM
511,Lifesaving drougt response and refugee service stabilization in Kenya's ASAL and camps,CBPF-KEN-26-R-INGO-NSFT-39446,,,2026,1,World Vision Kenya,2,"Integrated life-saving nutrition, WASH, and Cash assistance for the drought-affected population in Wajir and Turkana Counties",4/10/2026 12:00:00 AM,10/9/2026 12:00:00 AM,6 Months,3876426,3622828,0,3/23/2026 10:24:12 AM,26879##34583##64470##64150,"4- Likely to contribute to gender equality, including across age groups",Implementation,6,PRJ_IMPL_RPT,1052072062.8180,4/13/2026 8:57:21 PM
511,Lifesaving drougt response and refugee service stabilization in Kenya's ASAL and camps,CBPF-KEN-26-R-INGO-NSFT-39464,,,2026,1,"Save the Children Federation, Inc",2,Emergency integrated Nutrition and WASH response in Turkana County.,4/10/2026 12:00:00 AM,10/9/2026 12:00:00 AM,6 Months,847772.9,792311.1,0,3/23/2026 8:30:51 AM,16535##20748##40022##42840,"4- Likely to contribute to gender equality, including across age groups",Implementation,6,PRJ_IMPL_RPT,1053932882.6040,4/17/2026 6:30:02 PM
511,[US AWARD TRANCH 2] Ebola EVD Preparedness,CBPF-KEN-26-R-INGO-NSFT-40820,,,2026,1,"International Rescue Committee, Inc.",2,Strengthening Ebola Virus Disease (EVD) Preparedness among Refugees and Host Communities in High-Risk Areas of Kenya,10/1/2026 12:00:00 AM,12/31/2026 12:00:00 AM,3 Months,713438.5,666764.9,0,8/17/2026 2:58:43 PM,4178##5643##365##405,"4- Likely to contribute to gender equality, including across age groups",Disbursement,5,PRJ_IP_CNT_SIG,1051894841.8860,1/1/0001 12:00:00 AM
511,[US AWARD TRANCH 2] Ebola EVD Preparedness,CBPF-KEN-26-R-INGO-NSFT-40897,,,2026,1,World Vision Kenya,2,"Strengthening Ebola Virus Disease (EVD) Preparedness, Surveillance, and Response Readiness in High-Risk Communities and Points of Entry",9/10/2026 12:00:00 AM,12/9/2026 12:00:00 AM,3 Months,2200000,2056075,0,8/17/2026 1:52:26 PM,119070##123930##101430##105570,"4- Likely to contribute to gender equality, including across age groups",HC Final Approval,4,PRJ_REJECTED,1052072062.8180,1/1/0001 12:00:00 AM
511,[US AWARD TRANCH 2] Ebola EVD Preparedness,CBPF-KEN-26-R-INGO-NSFT-40923,,,2026,1,Action Against Hunger,2,"Strengthening Community-Led Ebola Preparedness Through Risk Communication, Social Listening and Community Engagement in High-Risk Counties of Kenya",9/1/2026 12:00:00 AM,11/30/2026 12:00:00 AM,3 Months,400000,373831.8,0,8/17/2026 2:24:29 PM,193885##197803##140400##143237,"4- Likely to contribute to gender equality, including across age groups",HC Final Approval,4,PRJ_REJECTED,1051717620.9540,1/1/0001 12:00:00 AM
511,[US AWARD 2] [RA3-2026] [PRIORITY AREA II: Refugee Response] Lifesaving humanitarian assistance for the most severe intersectoral needs in Kenya’s ASALs and refugee-hosting areas,CBPF-KEN-26-R-INGO-NSFT-41801,,,2026,1,Norwegian Refugee Council,2,Lifesaving Multi-Sectoral Assistance for the Most Vulnerable Refugees in Dadaab Refugee Camp,11/1/2026 12:00:00 AM,8/31/2027 12:00:00 AM,10 Months,2449992,2289712,0,9/30/2026 5:55:38 PM,25000##25000##10000##10000,"4- Likely to contribute to gender equality, including across age groups",Submission of Proposal,1,,1077414656.0940,1/1/0001 12:00:00 AM
511,[US AWARD 2] [RA3-2026] [PRIORITY AREA I: Area-Based Response in the ASALs] Lifesaving humanitarian assistance for the most severe intersectoral needs in Kenya’s ASALs and refugee-hosting areas,CBPF-KEN-26-R-INGO-NSFT-41803,,,2026,1,Mercy Corps Europe,2,Rapid Essential Support for Communities Under Emergency – Garissa County (RESCUE),11/1/2026 12:00:00 AM,7/31/2027 12:00:00 AM,9 Months,4299696,4018408,0,9/30/2026 5:18:44 PM,13440##16128##18876##18816,"4- Likely to contribute to gender equality, including across age groups",Submission of Proposal,1,,1076882993.2980,1/1/0001 12:00:00 AM
511,[US AWARD 2] [RA3-2026] [PRIORITY AREA III: Anticipatory Action] Lifesaving humanitarian assistance for the most severe intersectoral needs in Kenya’s ASALs and refugee-hosting areas,CBPF-KEN-26-R-INGO-NSFT-41822,,,2026,1,German Agro Action,2,Anticipatory Action for Flooding in Samburu and Isolo Counties,10/1/2026 12:00:00 AM,12/31/2026 12:00:00 AM,3 Months,959746.1,896959,0,9/30/2026 11:33:01 AM,10802##12814##5550##6834,"3- Likely to contribute to gender equality, but without attention to age groups",Submission of Proposal,1,,1053844272.1380,1/1/0001 12:00:00 AM
511,[US AWARD 2] [RA3-2026] [PRIORITY AREA I: Area-Based Response in the ASALs] Lifesaving humanitarian assistance for the most severe intersectoral needs in Kenya’s ASALs and refugee-hosting areas,CBPF-KEN-26-R-INGO-NSFT-41830,,,2026,1,Islamic Relief - Kenya,2,"LIFT-ASAL: Multisectoral Life-Saving Cash Assistance and Emergency WASH Services in Kenya's ASAL Counties of Garissa, Mandera, Tana River and Wajir",11/1/2026 12:00:00 AM,8/31/2027 12:00:00 AM,10 Months,5000000,4672897,0,9/29/2026 2:03:43 PM,29290##33383##35925##41501,"4- Likely to contribute to gender equality, including across age groups",Submission of Proposal,1,,1074579121.1820,1/1/0001 12:00:00 AM
511,[US AWARD 2] [RA3-2026] [PRIORITY AREA I: Area-Based Response in the ASALs] Lifesaving humanitarian assistance for the most severe intersectoral needs in Kenya’s ASALs and refugee-hosting areas,CBPF-KEN-26-R-INGO-NSFT-41834,,,2026,1,"International Rescue Committee, Inc.",2,"Integrated Food Security, Nutrition and WASH Response for Drought-Affected Communities in Kenya's ASALs",11/1/2026 12:00:00 AM,8/31/2027 12:00:00 AM,10 Months,5270470,4925673,0,9/30/2026 2:19:05 PM,20367##38461##28976##48829,"4- Likely to contribute to gender equality, including across age groups",Submission of Proposal,1,,1051894841.8860,1/1/0001 12:00:00 AM
511,[US AWARD 2] [RA3-2026] [PRIORITY AREA III: Anticipatory Action] Lifesaving humanitarian assistance for the most severe intersectoral needs in Kenya’s ASALs and refugee-hosting areas,CBPF-KEN-26-R-INGO-NSFT-41841,,,2026,1,Danish Refugee Council,2,"Integrated Flood Anticipatory Action to Protect Lives, Livelihoods, and Vulnerable Communities in Mandera and Garissa Counties.",10/1/2026 12:00:00 AM,11/30/2026 12:00:00 AM,2 Months,670001.3,626169.4,0,9/29/2026 11:22:29 PM,17344##18790##0##0,"4- Likely to contribute to gender equality, including across age groups",Submission of Proposal,1,,1074313289.7840,1/1/0001 12:00:00 AM
511,[US AWARD 2] [RA3-2026] [PRIORITY AREA II: Refugee Response] Lifesaving humanitarian assistance for the most severe intersectoral needs in Kenya’s ASALs and refugee-hosting areas,CBPF-KEN-26-R-INGO-NSFT-41847,,,2026,1,"International Rescue Committee, Inc.",2,"Integrated Nutrition, Primary Health Care, Reproductive Health and Protection Response for Refugees and Host Communities in Kakuma/Kalobeyei (Turkana West) and Hagadera (Dadaab, Garissa), Kenya",11/1/2026 12:00:00 AM,8/31/2027 12:00:00 AM,10 Months,5560936,5197137,0,9/30/2026 3:24:22 PM,66373##76089##45526##47017,"4- Likely to contribute to gender equality, including across age groups",Submission of Proposal,1,,1051894841.8860,1/1/0001 12:00:00 AM
511,[US AWARD 2] [RA3-2026] [PRIORITY AREA I: Area-Based Response in the ASALs] Lifesaving humanitarian assistance for the most severe intersectoral needs in Kenya’s ASALs and refugee-hosting areas,CBPF-KEN-26-R-INGO-NSFT-41851,,,2026,1,FH Association,2,LifeLine: A Coordinated Lifesaving Response for Crisis-Affected Communities in Marsabit County ,11/1/2026 12:00:00 AM,7/31/2027 12:00:00 AM,9 Months,3037474,2838761,0,9/30/2026 5:53:55 PM,8937##10868##8175##8857,"4- Likely to contribute to gender equality, including across age groups",Submission of Proposal,1,,1079186865.4140,1/1/0001 12:00:00 AM
511,[US AWARD 2] [RA3-2026] [PRIORITY AREA II: Refugee Response] Lifesaving humanitarian assistance for the most severe intersectoral needs in Kenya’s ASALs and refugee-hosting areas,CBPF-KEN-26-R-INGO-NSFT-41853,,,2026,1,Danish Refugee Council,2,"Strengthening lifesaving protection assistance for refugees, asylum seekers and vulnerable host communities in Kakuma, Kalobeyei and Dadaab, Kenya",11/1/2026 12:00:00 AM,7/31/2027 12:00:00 AM,9 Months,2527151,2361823,0,9/30/2026 8:05:04 PM,12632##19140##4809##8053,"4- Likely to contribute to gender equality, including across age groups",Submission of Proposal,1,,1074313289.7840,1/1/0001 12:00:00 AM
511,[US AWARD 2] [RA3-2026] [PRIORITY AREA I: Area-Based Response in the ASALs] Lifesaving humanitarian assistance for the most severe intersectoral needs in Kenya’s ASALs and refugee-hosting areas,CBPF-KEN-26-R-INGO-NSFT-41854,,,2026,1,World Vision Kenya,2,"Integrated Life-Saving Food Assistance, Nutrition and WASH Response for Drought-Affected Populations in Tana River, Turkana and Wajir Counties, Kenya",10/26/2026 12:00:00 AM,8/25/2027 12:00:00 AM,10 Months,1.367422E+07,1.277964E+07,0,9/30/2026 7:17:06 PM,57471##113966##135507##116024,"4- Likely to contribute to gender equality, including across age groups",Submission of Proposal,1,,1052072062.8180,1/1/0001 12:00:00 AM
511,[US AWARD 2] [RA3-2026] [PRIORITY AREA I: Area-Based Response in the ASALs] Lifesaving humanitarian assistance for the most severe intersectoral needs in Kenya’s ASALs and refugee-hosting areas,CBPF-KEN-26-R-INGO-NSFT-41872,,,2026,1,German Agro Action,2,"Coordinated, Area-Based Lifesaving Humanitarian Assistance: WASH in Tana River and WASH and Nutrition in Turkana North",10/15/2026 12:00:00 AM,8/31/2027 12:00:00 AM,10 Months 17 Days,3743089,3498214,0,9/30/2026 3:39:29 PM,24750##24750##16500##16500,"4- Likely to contribute to gender equality, including across age groups",Submission of Proposal,1,,1053844272.1380,1/1/0001 12:00:00 AM
511,[US AWARD 2] [RA3-2026] [PRIORITY AREA III: Anticipatory Action] Lifesaving humanitarian assistance for the most severe intersectoral needs in Kenya’s ASALs and refugee-hosting areas,CBPF-KEN-26-R-INGO-NSFT-41876,,,2026,1,International NGO Safety Organization,2,"Provision of essential security, access cooperation and information services for NGOs implementing in ASAL Counties and Refugee hosting areas",11/1/2026 12:00:00 AM,8/31/2027 12:00:00 AM,10 Months,300000,280373.8,0,9/30/2026 2:57:08 PM,2500##1200##0##0,,Submission of Proposal,1,,1081756568.9280,1/1/0001 12:00:00 AM
511,[US AWARD 2] [RA3-2026] [PRIORITY AREA I: Area-Based Response in the ASALs] Lifesaving humanitarian assistance for the most severe intersectoral needs in Kenya’s ASALs and refugee-hosting areas,CBPF-KEN-26-R-INGO-NSFT-41880,,,2026,1,Action Against Hunger,2,"Tana River Multisectoral Lifesaving Nutrition, WASH and Cash Assistance Project",11/1/2026 12:00:00 AM,8/31/2027 12:00:00 AM,10 Months,4402646,4114623,0,9/30/2026 8:15:12 PM,18047##23193##38209##37351,"4- Likely to contribute to gender equality, including across age groups",Submission of Proposal,1,,1051717620.9540,1/1/0001 12:00:00 AM
511,[US AWARD 2] [RA3-2026] [PRIORITY AREA II: Refugee Response] Lifesaving humanitarian assistance for the most severe intersectoral needs in Kenya’s ASALs and refugee-hosting areas,CBPF-KEN-26-R-INGO-NSFT-41885,,,2026,1,Handicap International Federation,2,"Lifesaving support to persons with disabilities in Dadaab, Kakuma and Kalobeyei refugee camps.",11/2/2026 12:00:00 AM,7/30/2027 12:00:00 AM,8 Months 29 Days,565449.9,528457.8,0,9/30/2026 2:56:47 PM,1975##1975##650##650,"4- Likely to contribute to gender equality, including across age groups",Submission of Proposal,1,,1074490510.7160,1/1/0001 12:00:00 AM
511,[US AWARD 2] [RA3-2026] [PRIORITY AREA II: Refugee Response] Lifesaving humanitarian assistance for the most severe intersectoral needs in Kenya’s ASALs and refugee-hosting areas,CBPF-KEN-26-R-INGO-NSFT-41892,,,2026,1,Peace Winds Japan,2,"Life-Saving WASH Services for Refugees in Kakuma, Kalobeyei and Dadaab ",11/1/2026 12:00:00 AM,8/31/2027 12:00:00 AM,10 Months,3833134,3650603,0,9/30/2026 8:48:56 PM,168945##173003##205514##209538,"4- Likely to contribute to gender equality, including across age groups",Submission of Proposal,1,,1061907824.5440,1/1/0001 12:00:00 AM
511,[US AWARD 2] [RA3-2026] [PRIORITY AREA II: Refugee Response] Lifesaving humanitarian assistance for the most severe intersectoral needs in Kenya’s ASALs and refugee-hosting areas,CBPF-KEN-26-R-INGO-NSFT-41910,,,2026,1,"Save the Children Federation, Inc",2,Child Protection in Emergencies for refugee children in Dadaab and Kakuma,10/31/2026 12:00:00 AM,8/30/2027 12:00:00 AM,10 Months,600000.1,560747.8,0,9/30/2026 7:20:11 PM,7510##7540##1965##2025,"4- Likely to contribute to gender equality, including across age groups",Submission of Proposal,1,,1053932882.6040,1/1/0001 12:00:00 AM
511,[US AWARD 2] [RA3-2026] [PRIORITY AREA III: Anticipatory Action] Lifesaving humanitarian assistance for the most severe intersectoral needs in Kenya’s ASALs and refugee-hosting areas,CBPF-KEN-26-R-INGO-NSFT-41923,,,2026,1,"International Rescue Committee, Inc.",2,"Anticipatory Action for Health, Nutrition and WASH in Hagadera Refugee Camp (Garissa) and Flood-Affected School Communities in Tana River County",11/1/2026 12:00:00 AM,1/31/2027 12:00:00 AM,3 Months,481638.5,450129.5,0,9/30/2026 1:49:12 PM,2051##2268##12755##13452,"4- Likely to contribute to gender equality, including across age groups",Submission of Proposal,1,,1051894841.8860,1/1/0001 12:00:00 AM
511,[US AWARD 2] [RA3-2026] [PRIORITY AREA II: Refugee Response] Lifesaving humanitarian assistance for the most severe intersectoral needs in Kenya’s ASALs and refugee-hosting areas,CBPF-KEN-26-R-INGO-NSFT-41930,,,2026,1,Terre des Hommes Foundation,2,Safe and Resilient Children: Integrated child protection and MHPSS,11/1/2026 12:00:00 AM,8/31/2027 12:00:00 AM,10 Months,600000,560747.7,0,9/30/2026 3:29:37 PM,222##666##1799##1753,"4- Likely to contribute to gender equality, including across age groups",Submission of Proposal,1,,1080959074.7340,1/1/0001 12:00:00 AM
511,[US AWARD 2] [RA3-2026] [PRIORITY AREA I: Area-Based Response in the ASALs] Lifesaving humanitarian assistance for the most severe intersectoral needs in Kenya’s ASALs and refugee-hosting areas,CBPF-KEN-26-R-INGO-NSFT-41932,,,2026,1,Concern Worldwide,2,Lifesaving Nutrition and WASH interventions for vulnerable communities in Marsabit and Tana River Counties,11/1/2026 12:00:00 AM,8/31/2027 12:00:00 AM,10 Months,4332929,4049467,0,9/30/2026 8:39:16 PM,14498##23811##44832##41382,"4- Likely to contribute to gender equality, including across age groups",Submission of Proposal,1,,1053667051.2060,1/1/0001 12:00:00 AM
511,[US AWARD 2] [RA3-2026] [PRIORITY AREA III: Anticipatory Action] Lifesaving humanitarian assistance for the most severe intersectoral needs in Kenya’s ASALs and refugee-hosting areas,CBPF-KEN-26-R-INGO-NSFT-41946,,,2026,1,"Save the Children Federation, Inc",2,Anticipatory Action for flood risk communities in the riverine villages in Garissa and Tana River counties.,10/15/2026 12:00:00 AM,2/14/2027 12:00:00 AM,4 Months,550114.5,514125.7,0,9/30/2026 3:16:33 PM,7631##7942##7943##8266,"4- Likely to contribute to gender equality, including across age groups",Submission of Proposal,1,,1053932882.6040,1/1/0001 12:00:00 AM
511,[US AWARD 2] [RA3-2026] [PRIORITY AREA I: Area-Based Response in the ASALs] Lifesaving humanitarian assistance for the most severe intersectoral needs in Kenya’s ASALs and refugee-hosting areas,CBPF-KEN-26-R-INGO-NSFT-41966,,,2026,1,"Save the Children Federation, Inc",2,"Integrated Lifesaving Nutrition, WASH and Cash Assistance for the Most Vulnerable Communities in Wajir, Mandera and Turkana",10/31/2026 12:00:00 AM,8/30/2027 12:00:00 AM,10 Months,1.365944E+07,1.276584E+07,0,9/30/2026 7:55:20 PM,40788##75295##111805##111807,"4- Likely to contribute to gender equality, including across age groups",Submission of Proposal,1,,1053932882.6040,1/1/0001 12:00:00 AM
511,[US AWARD 2] [RA3-2026] [PRIORITY AREA II: Refugee Response] Lifesaving humanitarian assistance for the most severe intersectoral needs in Kenya’s ASALs and refugee-hosting areas,CBPF-KEN-26-R-INGO-NSFT-41970,,,2026,1,Lutheran World Federation,2,"Strengthening Preparedness, Protection and Resilience in Dadaab and Kakuma",11/2/2026 12:00:00 AM,8/30/2027 12:00:00 AM,9 Months 29 Days,2077698,1941774,0,9/30/2026 8:54:25 PM,6650##9691##68629##56702,"4- Likely to contribute to gender equality, including across age groups",Submission of Proposal,1,,1074401900.2500,1/1/0001 12:00:00 AM
511,[US AWARD 2] [RA3-2026] [PRIORITY AREA I: Area-Based Response in the ASALs] Lifesaving humanitarian assistance for the most severe intersectoral needs in Kenya’s ASALs and refugee-hosting areas,CBPF-KEN-26-R-INGO-NSFT-41973,,,2026,1,ACTED - Kenya,2,"Coordinated Response to Food Insecurity, Acute Malnutrition and WASH Needs in Tana River and Garissa Counties and Support to Locally led Area-Based Coordination Across Kenya's ASALs",11/1/2026 12:00:00 AM,8/31/2027 12:00:00 AM,10 Months,4508533,4213582,0,9/30/2026 7:36:16 PM,18789##20224##23510##23027,"4- Likely to contribute to gender equality, including across age groups",Submission of Proposal,1,,1054021493.0700,1/1/0001 12:00:00 AM
511,[US AWARD 2] [RA3-2026] [PRIORITY AREA I: Area-Based Response in the ASALs] Lifesaving humanitarian assistance for the most severe intersectoral needs in Kenya’s ASALs and refugee-hosting areas,CBPF-KEN-26-R-INGO-NSFT-41978,,,2026,1,ACTED - Kenya,2,"REACH Multisectoral, Rapid and Area-Based Needs Analysis for Lifesaving Response in Kenya",10/1/2026 12:00:00 AM,8/31/2027 12:00:00 AM,11 Months,629223.9,588059.8,0,9/30/2026 7:36:46 PM,28##32##0##0,"4- Likely to contribute to gender equality, including across age groups",Submission of Proposal,1,,1054021493.0700,1/1/0001 12:00:00 AM
511,[US AWARD 2] [RA3-2026] [PRIORITY AREA I: Area-Based Response in the ASALs] Lifesaving humanitarian assistance for the most severe intersectoral needs in Kenya’s ASALs and refugee-hosting areas,CBPF-KEN-26-R-NGO-NSFT-41799,,,2026,1,Pastoralist Community Initiative Development and Assistance,1,"Scaling Up Lifesaving Nutrition, WASH and Cash-Based Food Security Assistance for Climate Crisis-Affected Households in IPC Phase 3 and 4 Areas of Marsabit County",10/21/2026 12:00:00 AM,8/20/2027 12:00:00 AM,10 Months,3499543,3270601,0,9/30/2026 4:35:24 PM,18478##36065##35920##38069,"4- Likely to contribute to gender equality, including across age groups",Submission of Proposal,1,,1079098254.9480,1/1/0001 12:00:00 AM
511,[US AWARD 2] [RA3-2026] [PRIORITY AREA I: Area-Based Response in the ASALs] Lifesaving humanitarian assistance for the most severe intersectoral needs in Kenya’s ASALs and refugee-hosting areas,CBPF-KEN-26-R-NGO-NSFT-41805,,,2026,1,Turkana Pastrolist Development Organisation,1,Emergency Life saving cash response for Drought and Flood affected Households in Turkana County,11/2/2026 12:00:00 AM,6/1/2027 12:00:00 AM,7 Months,2647137,2473960,0,9/30/2026 6:30:24 PM,12888##11814##15036##13962,"4- Likely to contribute to gender equality, including across age groups",Submission of Proposal,1,,1076971603.7640,1/1/0001 12:00:00 AM
511,[US AWARD 2] [RA3-2026] [PRIORITY AREA I: Area-Based Response in the ASALs] Lifesaving humanitarian assistance for the most severe intersectoral needs in Kenya’s ASALs and refugee-hosting areas,CBPF-KEN-26-R-NGO-NSFT-41824,,,2026,1,Rural Agency for Community Development and Assistance,1,"Scaling Up Lifesaving Nutrition, WASH and Cash-Based Food Security Assistance for Crisis-Affected Households(Children, Women) in Mandera County.",10/21/2026 12:00:00 AM,8/20/2027 12:00:00 AM,10 Months,4983072,4657077,0,9/30/2026 2:01:19 PM,25059##25888##35664##35289,"4- Likely to contribute to gender equality, including across age groups",Submission of Proposal,1,,1076617161.9000,1/1/0001 12:00:00 AM
511,[US AWARD 2] [RA3-2026] [PRIORITY AREA I: Area-Based Response in the ASALs] Lifesaving humanitarian assistance for the most severe intersectoral needs in Kenya’s ASALs and refugee-hosting areas,CBPF-KEN-26-R-NGO-NSFT-41848,,,2026,1,Nomadic Assistance for Peace and Development,1,"Integrated Emergency Food Security, Nutrition and WASH Assistance for Drought-Affected Households  Mandera South, Mandera East and Lafey subcounty of Mandera County.  ",10/22/2026 12:00:00 AM,6/21/2027 12:00:00 AM,8 Months,3030042,2831815,0,9/30/2026 7:17:09 PM,10188##10602##12705##12705,"4- Likely to contribute to gender equality, including across age groups",Submission of Proposal,1,,1074224679.3180,1/1/0001 12:00:00 AM
511,[US AWARD 2] [RA3-2026] [PRIORITY AREA I: Area-Based Response in the ASALs] Lifesaving humanitarian assistance for the most severe intersectoral needs in Kenya’s ASALs and refugee-hosting areas,CBPF-KEN-26-R-NGO-NSFT-41867,,,2026,1,Strategies for Northern Development,1,"Provision of Cash Assistance for Food to Vulnerable Households Experiencing Acute Food Insecurity in Marsabit County, Kenya. ",11/1/2026 12:00:00 AM,4/30/2027 12:00:00 AM,6 Months,1328925,1241986,0,9/30/2026 5:02:11 PM,2694##5390##9433##9433,"4- Likely to contribute to gender equality, including across age groups",Submission of Proposal,1,,1074756342.1140,1/1/0001 12:00:00 AM
511,[US AWARD 2] [RA3-2026] [PRIORITY AREA I: Area-Based Response in the ASALs] Lifesaving humanitarian assistance for the most severe intersectoral needs in Kenya’s ASALs and refugee-hosting areas,CBPF-KEN-26-R-NGO-NSFT-41869,,,2026,1,Climate and Health Connect,1,Integrated Emergency Nutrition and WASH Response for Vulnerable Communities in Wajir and Garissa Counties.,10/21/2026 12:00:00 AM,8/20/2027 12:00:00 AM,10 Months,1550650,1449206,0,9/30/2026 6:52:47 PM,8410##27314##25455##24485,"4- Likely to contribute to gender equality, including across age groups",Submission of Proposal,1,,1076262720.0360,1/1/0001 12:00:00 AM
511,[US AWARD 2] [RA3-2026] [PRIORITY AREA I: Area-Based Response in the ASALs] Lifesaving humanitarian assistance for the most severe intersectoral needs in Kenya’s ASALs and refugee-hosting areas,CBPF-KEN-26-R-NGO-NSFT-41870,,,2026,1,Somali Lifeline Organization,1,"Integrated Lifesaving Nutrition, MPCA and WASH Response to  Climate-Related Humanitarian Risks in Garissa and Tana River Counties",11/1/2026 12:00:00 AM,8/31/2027 12:00:00 AM,10 Months,3206475,2996706,0,9/30/2026 7:41:41 PM,30741##47982##29301##37686,"4- Likely to contribute to gender equality, including across age groups",Submission of Proposal,1,,1075731057.2400,1/1/0001 12:00:00 AM
511,[US AWARD 2] [RA3-2026] [PRIORITY AREA I: Area-Based Response in the ASALs] Lifesaving humanitarian assistance for the most severe intersectoral needs in Kenya’s ASALs and refugee-hosting areas,CBPF-KEN-26-R-NGO-NSFT-41879,,,2026,1,Organization for Sustainable Development Africa,1,Integrated Lifesaving WASH and Cash Assistance for Crisis-Affected Communities in Mandera and Garissa Counties.,10/21/2026 12:00:00 AM,8/20/2027 12:00:00 AM,10 Months,3216957,3006501,0,9/30/2026 6:17:06 AM,12885##11821##19262##18310,"4- Likely to contribute to gender equality, including across age groups",Submission of Proposal,1,,1076351330.5020,1/1/0001 12:00:00 AM
511,[US AWARD 2] [RA3-2026] [PRIORITY AREA II: Refugee Response] Lifesaving humanitarian assistance for the most severe intersectoral needs in Kenya’s ASALs and refugee-hosting areas,CBPF-KEN-26-R-NGO-NSFT-41914,,,2026,1,Somali Lifeline Organization,1,"Integrated Emergency Health, Nutrition, WASH, Food Security and Protection/GBV Response for Refugees in Ifo 2 and Dagahaley Camps, Dadaab",11/1/2026 12:00:00 AM,8/31/2027 12:00:00 AM,10 Months,1407640,1315552,0,9/30/2026 8:19:40 PM,17500##37660##21130##34040,"4- Likely to contribute to gender equality, including across age groups",Submission of Proposal,1,,1075731057.2400,1/1/0001 12:00:00 AM
511,[US AWARD 2] [RA3-2026] [PRIORITY AREA I: Area-Based Response in the ASALs] Lifesaving humanitarian assistance for the most severe intersectoral needs in Kenya’s ASALs and refugee-hosting areas,CBPF-KEN-26-R-NGO-NSFT-41919,,,2026,1,Waqal Sustainable Development Agency,1,"Provision of Integrated Nutrition, Food Security and Livelihoods and WASH Services in Wajir County, Kenya",11/1/2026 12:00:00 AM,8/31/2027 12:00:00 AM,10 Months,3278219,3063756,0,10/1/2026 5:04:25 PM,33252##61878##31388##45582,"4- Likely to contribute to gender equality, including across age groups",Submission of Proposal,1,,1075819667.7060,1/1/0001 12:00:00 AM
511,[US AWARD 2] [RA3-2026] [PRIORITY AREA III: Anticipatory Action] Lifesaving humanitarian assistance for the most severe intersectoral needs in Kenya’s ASALs and refugee-hosting areas,CBPF-KEN-26-R-NGO-NSFT-41945,,,2026,1,Merti Integrate Development Programme,1,EL NINO EMERGENCY RESPONSE PROJECT IN ISIOLO AND SAMBURU COUNTY,11/1/2026 12:00:00 AM,4/30/2027 12:00:00 AM,6 Months,1266560,1183701,0,9/30/2026 4:01:23 PM,4851##4831##5776##5445,,Submission of Proposal,1,,1075908278.1720,1/1/0001 12:00:00 AM
511,[US AWARD 2] [RA3-2026] [PRIORITY AREA I: Area-Based Response in the ASALs] Lifesaving humanitarian assistance for the most severe intersectoral needs in Kenya’s ASALs and refugee-hosting areas,CBPF-KEN-26-R-NGO-NSFT-41953,,,2026,1,Sustainable Approaches for Communities,1,Life-Saving humanitarian Emergency Response and Recovery for Most Vulnerable Households (LSERVE),10/29/2026 12:00:00 AM,4/28/2027 12:00:00 AM,6 Months,978402.9,914395.2,0,10/1/2026 8:47:23 AM,805##1880##0##0,"4- Likely to contribute to gender equality, including across age groups",Submission of Proposal,1,,1079718528.2100,1/1/0001 12:00:00 AM
511,[US AWARD TRANCH 2] Ebola EVD Preparedness,CBPF-KEN-26-R-O-NSFT-41400,,,2026,1,Kenya Red Cross Society,4,Enhancing Ebola Readiness at Priority Health Facilities and Mobility Corridors in Kenya,10/1/2026 12:00:00 AM,1/1/2027 12:00:00 AM,3 Months 1 Days,1123809,1050289,0,9/9/2026 7:32:08 PM,37233##38767##27267##26733,"4- Likely to contribute to gender equality, including across age groups",Disbursement,5,PRJ_IP_CNT_SIG,1061819214.0780,1/1/0001 12:00:00 AM
511,[US AWARD 2] [RA3-2026] [PRIORITY AREA III: Anticipatory Action] Lifesaving humanitarian assistance for the most severe intersectoral needs in Kenya’s ASALs and refugee-hosting areas,CBPF-KEN-26-R-O-NSFT-41897,,,2026,1,Kenya Red Cross Society,4,"Strengthening and Scaling Up Anticipatory Action for 2026 OND Season in Tana River, Wajir, Mandera and Marsabit Counties ",10/5/2026 12:00:00 AM,12/31/2026 12:00:00 AM,2 Months 27 Days,1014560,948186.9,0,9/29/2026 8:44:37 PM,29489##30691##29487##30691,"4- Likely to contribute to gender equality, including across age groups",Submission of Proposal,1,,1061819214.0780,1/1/0001 12:00:00 AM
511,[US AWARD 2] [RA3-2026] [PRIORITY AREA II: Refugee Response] Lifesaving humanitarian assistance for the most severe intersectoral needs in Kenya’s ASALs and refugee-hosting areas,CBPF-KEN-26-R-O-NSFT-41922,,,2026,1,Kenya Red Cross Society,4,"Sustaining Life-Saving Protection, Primary Health Care and Nutrition Services in Ifo (Dadaab) and Kalobeyei",10/21/2026 12:00:00 AM,8/31/2027 12:00:00 AM,10 Months 11 Days,3982367,3721838,0,9/30/2026 1:22:45 PM,28137##106874##70796##72391,"4- Likely to contribute to gender equality, including across age groups",Submission of Proposal,1,,1061819214.0780,1/1/0001 12:00:00 AM
511,[US AWARD 2] [RA3-2026] [PRIORITY AREA I: Area-Based Response in the ASALs] Lifesaving humanitarian assistance for the most severe intersectoral needs in Kenya’s ASALs and refugee-hosting areas,CBPF-KEN-26-R-O-NSFT-41948,,,2026,1,Kenya Red Cross Society,4,"Integrated life-saving Nutrition, Food security, and WASH services for communities affected by drought in ASAL counties",10/21/2026 12:00:00 AM,8/30/2027 12:00:00 AM,10 Months 10 Days,1.470695E+07,1.374482E+07,0,9/30/2026 3:05:42 PM,71584##74370##64957##64086,1- Unlikely to contribute to gender equality (no gender equality measure and no age consideration),Submission of Proposal,1,,1061819214.0780,1/1/0001 12:00:00 AM
511,Lifesaving drougt response and refugee service stabilization in Kenya's ASAL and camps,CBPF-KEN-26-R-UN-NSFT-39400,,,2026,1,World Food Programme,3,Life‑Saving Food Assistance and Essential Nutrition Support for Drought‑Affected  People in Arid Counties and Vulnerable Refugee in the Camps,3/26/2026 12:00:00 AM,9/25/2026 12:00:00 AM,6 Months,1.5E+07,1.401869E+07,0,3/20/2026 7:53:51 AM,100223##154728##136895##183371,"4- Likely to contribute to gender equality, including across age groups",Implementation,6,PRJ_UND_FINAL_RPT,1051806231.4200,4/17/2026 6:33:35 PM
511,Lifesaving drougt response and refugee service stabilization in Kenya's ASAL and camps,CBPF-KEN-26-R-UN-NSFT-39431,,,2026,1,UNICEF,3,"​Accelerating lifesaving Nutrition, WASH and Protection (Child Protection, survivors of violence and disability) services for communities affected by drought in priority Arid Counties &amp; refugee  camps",4/10/2026 12:00:00 AM,10/9/2026 12:00:00 AM,6 Months,8731405,8160192,0,3/23/2026 11:34:27 AM,107915##115160##115179##118184,"4- Likely to contribute to gender equality, including across age groups",Implementation,6,PRJ_IMPL_RPT,1052160673.2840,4/17/2026 6:29:09 PM
511,Lifesaving drougt response and refugee service stabilization in Kenya's ASAL and camps,CBPF-KEN-26-R-UN-NSFT-39433,,,2026,1,The UN Refguee Agency,3,"Emergency WASH, Nutrition, primary healthcare, and Protection of services to vulnerable refugees in Kakuma, Dadaab and Kalobeyei Settlements",4/10/2026 12:00:00 AM,10/9/2026 12:00:00 AM,6 Months,1.024095E+07,9615912,0,3/23/2026 9:45:43 AM,143400##157740##200760##215100,"4- Likely to contribute to gender equality, including across age groups",Implementation,6,PRJ_IMPL_RPT,1051983452.3520,4/16/2026 12:41:59 PM
511,Lifesaving drougt response and refugee service stabilization in Kenya's ASAL and camps,CBPF-KEN-26-R-UN-NSFT-39489,,,2026,1,International Organization for Migration,3,"Supporting Access to Shelter, Non-Food Items and Emergency WASH for Vulnerable Communities (SAFE HAVEN)",4/10/2026 12:00:00 AM,10/9/2026 12:00:00 AM,6 Months,2602905,2432622,0,3/23/2026 10:58:10 AM,45131##52979##43168##54941,"4- Likely to contribute to gender equality, including across age groups",Implementation,6,PRJ_IMPL_RPT,1054464545.4000,4/15/2026 5:52:04 PM
511,[US AWARD TRANCH 2] Ebola EVD Preparedness,CBPF-KEN-26-R-UN-NSFT-40825,,,2026,1,UNICEF,3,Enhancing Community and Health System Readiness for Ebola in High-Risk Areas of Kenya,9/24/2026 12:00:00 AM,12/23/2026 12:00:00 AM,3 Months,855445,799481.3,0,8/17/2026 12:57:54 PM,10506##15554##6000##6498,"4- Likely to contribute to gender equality, including across age groups",Technical Review,3,PRJ_UND_TR_HFU,1052160673.2840,1/1/0001 12:00:00 AM
511,[US AWARD TRANCH 2] Ebola EVD Preparedness,CBPF-KEN-26-R-UN-NSFT-40857,,,2026,1,The UN Refguee Agency,3,"Strengthening Ebola Virus Disease Preparedness and Response Capacity for Refugees and Host Communities in Turkana West, Kenya",9/1/2026 12:00:00 AM,11/30/2026 12:00:00 AM,3 Months,800000.3,751174,0,8/31/2026 2:49:56 PM,157000##131200##147300##144300,,Submission of Proposal,1,PRJ_TO_BE_DELETED,1051983452.3520,1/1/0001 12:00:00 AM
511,[US AWARD TRANCH 2] Ebola EVD Preparedness,CBPF-KEN-26-R-UN-NSFT-41056,,,2026,1,International Organization for Migration,3,"Enhancing Ebola Preparedness, Surveillance and Infection Prevention Capacities at Priority Points of Entry in Kenya",10/1/2026 12:00:00 AM,12/31/2026 12:00:00 AM,3 Months,450079.9,420635.4,0,8/17/2026 6:49:55 PM,160##90##0##0,"4- Likely to contribute to gender equality, including across age groups",Disbursement,5,PRJ_IP_CNT_SIG,1054464545.4000,1/1/0001 12:00:00 AM
511,[US AWARD 2] [RA3-2026] [PRIORITY AREA I: Area-Based Response in the ASALs] Lifesaving humanitarian assistance for the most severe intersectoral needs in Kenya’s ASALs and refugee-hosting areas,CBPF-KEN-26-R-UN-NSFT-41813,,,2026,1,World Food Programme,3,Provision of food assistance through cash-based transfers and nutrition support to food-insecure populations in Kenya's ASALs,11/1/2026 12:00:00 AM,10/31/2027 12:00:00 AM,12 Months,1.506172E+07,1.407638E+07,0,9/30/2026 7:03:05 PM,36036##104393##37752##54912,"4- Likely to contribute to gender equality, including across age groups",Submission of Proposal,1,,1051806231.4200,1/1/0001 12:00:00 AM
511,[US AWARD 2] [RA3-2026] [PRIORITY AREA I: Area-Based Response in the ASALs] Lifesaving humanitarian assistance for the most severe intersectoral needs in Kenya’s ASALs and refugee-hosting areas,CBPF-KEN-26-R-UN-NSFT-41842,,,2026,1,UNICEF,3,Scaling up Life Saving Nutrition and WASH Services for Communities Affected by Drought in Priority 6 Arid Counties in Kenya,10/21/2026 12:00:00 AM,8/20/2027 12:00:00 AM,10 Months,1.08704E+07,1.015925E+07,0,9/30/2026 4:18:24 PM,73261##76250##93606##95132,"4- Likely to contribute to gender equality, including across age groups",Submission of Proposal,1,,1052160673.2840,1/1/0001 12:00:00 AM
511,[US AWARD 2] [RA3-2026] [PRIORITY AREA II: Refugee Response] Lifesaving humanitarian assistance for the most severe intersectoral needs in Kenya’s ASALs and refugee-hosting areas,CBPF-KEN-26-R-UN-NSFT-41856,,,2026,1,The UN Refguee Agency,3,Integrated Lifesaving Humanitarian Assistance for the Critical Needs of Refugees and Host Communities in Kenya,11/1/2026 12:00:00 AM,8/31/2027 12:00:00 AM,10 Months,5490986,5131762,0,9/30/2026 7:05:25 PM,307520##313723##374980##383723,,Submission of Proposal,1,,1051983452.3520,1/1/0001 12:00:00 AM
511,[US AWARD 2] [RA3-2026] [PRIORITY AREA II: Refugee Response] Lifesaving humanitarian assistance for the most severe intersectoral needs in Kenya’s ASALs and refugee-hosting areas,CBPF-KEN-26-R-UN-NSFT-41925,,,2026,1,UNICEF,3,Sustaining access to lifesaving nutrition and child protection services for refugees and asylum seekers in Dadaab and Kakuma,10/21/2026 12:00:00 AM,8/20/2027 12:00:00 AM,10 Months,1079006,1008417,0,9/30/2026 2:04:34 PM,360##440##8721##8379,"4- Likely to contribute to gender equality, including across age groups",Submission of Proposal,1,,1052160673.2840,1/1/0001 12:00:00 AM
511,[US AWARD 2] [RA3-2026] [PRIORITY AREA II: Refugee Response] Lifesaving humanitarian assistance for the most severe intersectoral needs in Kenya’s ASALs and refugee-hosting areas,CBPF-KEN-26-R-UN-NSFT-41962,,,2026,1,World Food Programme,3,Life-Saving Food Assistance and Nutrition Support for Refugees in Dadaab and Kakuma Refugee Camps and Kalobeyei Settlement,12/1/2026 12:00:00 AM,11/30/2027 12:00:00 AM,12 Months,6638632,6204329,0,9/30/2026 7:07:43 PM,206665##206665##130888##144665,"4- Likely to contribute to gender equality, including across age groups",Submission of Proposal,1,,1051806231.4200,1/1/0001 12:00:00 AM
511,[US AWARD 2] [RA3-2026] [PRIORITY AREA II: Refugee Response] Lifesaving humanitarian assistance for the most severe intersectoral needs in Kenya’s ASALs and refugee-hosting areas,CBPF-KEN-26-R-UN-NSFT-41981,,,2026,1,International Organization for Migration,3,SAFE HAVEN 2.2: Strengthening Shelter and NFI Assistance for Refugees and Vulnerable Host Communities in Kakuma and Kalobeyei,10/22/2026 12:00:00 AM,8/21/2027 12:00:00 AM,10 Months,2001410,1870477,0,9/30/2026 7:13:32 PM,2706##3321##2829##3444,,Submission of Proposal,1,,1054464545.4000,1/1/0001 12:00:00 AM
511,[US AWARD 2] [RA3-2026] [PRIORITY AREA I: Area-Based Response in the ASALs] Lifesaving humanitarian assistance for the most severe intersectoral needs in Kenya’s ASALs and refugee-hosting areas,CBPF-KEN-26-R-UN-NSFT-41982,,,2026,1,International Organization for Migration,3,SAFE HAVEN 2.1: Supporting Access to Life Saving Water and Cash for Food Assistance for the Most Vulnerable Communities in Mandera,10/22/2026 12:00:00 AM,8/21/2027 12:00:00 AM,10 Months,5170690,4832420,0,9/30/2026 8:49:25 PM,30140##36990##31510##38360,,Submission of Proposal,1,,1054464545.4000,1/1/0001 12:00:00 AM
511,[US AWARD 2] [RA3-2026] [PRIORITY AREA III: Anticipatory Action] Lifesaving humanitarian assistance for the most severe intersectoral needs in Kenya’s ASALs and refugee-hosting areas,CBPF-KEN-26-R-UN-NSFT-41984,,,2026,1,International Organization for Migration,3,SAFE HAVEN 2.3: ES/NFI and Cash Assistance for El Niño-Affected Communities in Kenya,10/22/2026 12:00:00 AM,4/21/2027 12:00:00 AM,6 Months,840883.4,785872.3,0,9/30/2026 8:55:34 PM,9756##11973##10200##12417,,Submission of Proposal,1,,1054464545.4000,1/1/0001 12:00:00 AM
512,Urgent life-saving humanitarian assistance for the most hyper-prioritized needs in Uganda,CBPF-UGA-26-R-INGO-NSFT-39395,,,2026,1,Medical Teams International,2,Comprehensive Health and Nutrition Life Saving Project.,4/14/2026 12:00:00 AM,10/13/2026 12:00:00 AM,6 Months,4800000,4485982,0,3/27/2026 7:47:16 AM,133825##237683##34462##57911,"4- Likely to contribute to gender equality, including across age groups",Implementation,6,PRJ_IMPL_RPT,1057887965.1840,4/17/2026 4:15:41 PM
512,Urgent life-saving humanitarian assistance for the most hyper-prioritized needs in Uganda,CBPF-UGA-26-R-INGO-NSFT-39401,,,2026,1,"International Rescue Committee, Inc.",2,"Emergency Lifesaving Integrated Protection Assistance for New Arrivals and Vulnerable Refugees in Adjumani, Palorinya, Palabek and Kiryandongo Refugee Settlements",4/6/2026 12:00:00 AM,10/5/2026 12:00:00 AM,6 Months,2321400,2169533,0,3/27/2026 7:43:17 AM,17848##40358##12151##12146,"4- Likely to contribute to gender equality, including across age groups",Implementation,6,PRJ_IMPL_RPT,1056375680.0000,4/20/2026 6:44:58 PM
512,Urgent life-saving humanitarian assistance for the most hyper-prioritized needs in Uganda,CBPF-UGA-26-R-INGO-NSFT-39423,,,2026,1,Lutheran World Federation,2,"Safe Access to Emergency Sanitation and Hygiene Services in refugee-receiving settlements in Southwest, Midwest, West Nile and Northern Regions of Uganda",4/14/2026 12:00:00 AM,10/13/2026 12:00:00 AM,6 Months,1861800,1740000,0,3/26/2026 8:39:43 PM,23600##29500##33040##31860,"4- Likely to contribute to gender equality, including across age groups",Implementation,6,PRJ_IMPL_RPT,1055664016.3840,4/21/2026 9:37:39 PM
512,Urgent life-saving humanitarian assistance for the most hyper-prioritized needs in Uganda,CBPF-UGA-26-R-INGO-NSFT-39452,,,2026,1,Danish Refugee Council,2,"Addressing Critical Needs in West Nile region, Uganda.",4/14/2026 12:00:00 AM,10/13/2026 12:00:00 AM,6 Months,1649650,1541729,0,3/27/2026 7:43:16 AM,2187##2475##2510##2473,"4- Likely to contribute to gender equality, including across age groups",Implementation,6,PRJ_IMPL_RPT,1059400250.3680,4/20/2026 6:41:05 PM
512,Urgent life-saving humanitarian assistance for the most hyper-prioritized needs in Uganda,CBPF-UGA-26-R-INGO-NSFT-39465,,,2026,1,War Child Netherlands,2,LIFESPAN –Life-Saving Protection Assistance for refugees Needs in Uganda,4/14/2026 12:00:00 AM,10/13/2026 12:00:00 AM,6 Months,535000,500000,0,3/27/2026 7:57:28 AM,0##0##4200##4200,"4- Likely to contribute to gender equality, including across age groups",Reporting,7,PRJ_UND_FINAL_RPT,1057710049.2800,4/21/2026 9:36:39 PM
512,Urgent life-saving humanitarian assistance for the most hyper-prioritized needs in Uganda,CBPF-UGA-26-R-INGO-NSFT-39491,,,2026,1,Norwegian Refugee Council,2,"Provision of urgent life-saving humanitarian assistance for the most hyper-prioritized needs in Kampala Urban, Midwest and Southwestern Uganda",4/14/2026 12:00:00 AM,10/13/2026 12:00:00 AM,6 Months,2699980,2523346,0,3/27/2026 7:54:57 AM,6981##13002##6214##9603,"4- Likely to contribute to gender equality, including across age groups",Implementation,6,PRJ_IMPL_RPT,1055752974.3360,4/20/2026 4:36:37 PM
512,[RA2-2026] Urgent life-saving humanitarian assistance for the most hyper-prioritized Ebola related needs in Uganda,CBPF-UGA-26-R-INGO-NSFT-40255,,,2026,1,Medical Teams International,2,Integrated Life-Saving Ebola Response (ILSER) Project.,8/24/2026 12:00:00 AM,2/23/2027 12:00:00 AM,6 Months,1671641,1562281,0,7/21/2026 11:20:10 AM,246026##283313##79527##83805,"4- Likely to contribute to gender equality, including across age groups",Implementation,6,PRJ_IMPL_RPT,1057887965.1840,8/31/2026 1:17:07 PM
512,[RA2-2026] Urgent life-saving humanitarian assistance for the most hyper-prioritized Ebola related needs in Uganda,CBPF-UGA-26-R-INGO-NSFT-40899,,,2026,1,Action Against Hunger (ACF-USA),2,"Strengthening Ebola Preparedness and Response at Very High-Risk Border Points and Communities in Kikuube, Kasese, and Isingiro Districts, Uganda",8/24/2026 12:00:00 AM,2/23/2027 12:00:00 AM,6 Months,1000000,934579.4,0,8/17/2026 8:19:21 AM,675005##757821##81480##111154,"4- Likely to contribute to gender equality, including across age groups",Implementation,6,PRJ_IMPL_RPT,1074967891.9680,8/27/2026 8:19:05 PM
512,[RA4-2026 - PRIORITY AREA I: Refugee Response] Urgent life-saving humanitarian assistance for the most severe intersectoral needs in Uganda,CBPF-UGA-26-R-INGO-NSFT-41644,,,2026,1,Danish Refugee Council,2,"Strengthening safety, dignity and protection for crisis affected communities in West Nile",10/12/2026 12:00:00 AM,8/31/2027 12:00:00 AM,10 Months 20 Days,3545000,3313084,0,9/24/2026 1:04:23 PM,11610##13049##12602##12357,"4- Likely to contribute to gender equality, including across age groups",Submission of Proposal,1,,1059400250.3680,1/1/0001 12:00:00 AM
512,[RA4-2026 - PRIORITY AREA II: Karamoja] Urgent life-saving humanitarian assistance for the most severe intersectoral needs in Uganda,CBPF-UGA-26-R-INGO-NSFT-41645,,,2026,1,Danish Refugee Council,2,"Protection-Sensitive Food Security, Nutrition Response for Climate-Affected Communities in Karamoja",10/12/2026 12:00:00 AM,8/31/2027 12:00:00 AM,10 Months 20 Days,2117139,1978635,0,9/24/2026 3:23:05 PM,3274##3516##4338##4662,"4- Likely to contribute to gender equality, including across age groups",Submission of Proposal,1,,1059400250.3680,1/1/0001 12:00:00 AM
512,[RA4-2026 - PRIORITY AREA II: Karamoja] Urgent life-saving humanitarian assistance for the most severe intersectoral needs in Uganda,CBPF-UGA-26-R-INGO-NSFT-41649,,,2026,1,Welthungerhilfe,2,"Integrated Lifesaving Support for Nutrition Recovery and Drought-Affected Communities in Kotido, Kaabong and Amudat Districts, Karamoja",11/1/2026 12:00:00 AM,8/31/2027 12:00:00 AM,10 Months,1558205,1456267,0,9/24/2026 11:04:41 AM,7473##11618##18426##18792,"4- Likely to contribute to gender equality, including across age groups",Submission of Proposal,1,,1075323723.7760,1/1/0001 12:00:00 AM
512,[RA4-2026 - PRIORITY AREA I: Refugee Response] Urgent life-saving humanitarian assistance for the most severe intersectoral needs in Uganda,CBPF-UGA-26-R-INGO-NSFT-41654,,,2026,1,"International Rescue Committee, Inc.",2,"Urgent, Live-saving Integrated Protection &amp; Shelter Assistance to New Arrivals and Vulnerable Refugees in Palorinya, Kiryandongo, Adjumani and Palabek",10/20/2026 12:00:00 AM,8/31/2027 12:00:00 AM,10 Months 12 Days,3800000,3551402,0,9/24/2026 6:49:47 PM,61483##74855##33067##47168,"4- Likely to contribute to gender equality, including across age groups",Submission of Proposal,1,,1056375680.0000,1/1/0001 12:00:00 AM
512,[RA4-2026 - PRIORITY AREA I: Refugee Response] Urgent life-saving humanitarian assistance for the most severe intersectoral needs in Uganda,CBPF-UGA-26-R-INGO-NSFT-41655,,,2026,1,Lutheran World Federation,2,"Enhancing Safety, Dignity, and Resilience through Integrated WASH, Nutrition and Protection Services for Refugees in Refugee-receiving districts in Uganda",10/1/2026 12:00:00 AM,8/31/2027 12:00:00 AM,11 Months,4907543,4586489,0,9/24/2026 4:03:44 PM,258910##296449##304800##287334,"4- Likely to contribute to gender equality, including across age groups",Submission of Proposal,1,,1055664016.3840,1/1/0001 12:00:00 AM
512,[RA4-2026 - PRIORITY AREA I: Refugee Response] Urgent life-saving humanitarian assistance for the most severe intersectoral needs in Uganda,CBPF-UGA-26-R-INGO-NSFT-41662,,,2026,1,Medical Teams International,2,"Access to Life-saving health Interventions for Vulnerable populations, Emergency cases and new arrivals (ALIVE) project.",10/14/2026 12:00:00 AM,8/27/2027 12:00:00 AM,10 Months 14 Days,5762505,5385519,0,9/23/2026 6:57:15 PM,350596##364904##90407##94093,"4- Likely to contribute to gender equality, including across age groups",Submission of Proposal,1,,1057887965.1840,1/1/0001 12:00:00 AM
512,[RA4-2026 - PRIORITY AREA I: Refugee Response] Urgent life-saving humanitarian assistance for the most severe intersectoral needs in Uganda,CBPF-UGA-26-R-INGO-NSFT-41669,,,2026,1,Medical Teams International,2,Life-saving Integrated Nutrition services for new arrivals and Key vulnerable populations (LINK) project.,10/14/2026 12:00:00 AM,8/27/2027 12:00:00 AM,10 Months 14 Days,1288454,1204163,0,9/23/2026 8:41:24 PM,0##93073##135000##165000,"4- Likely to contribute to gender equality, including across age groups",Submission of Proposal,1,,1057887965.1840,1/1/0001 12:00:00 AM
512,[RA4-2026 - PRIORITY AREA I: Refugee Response] Urgent life-saving humanitarian assistance for the most severe intersectoral needs in Uganda,CBPF-UGA-26-R-INGO-NSFT-41678,,,2026,1,CARE International in Uganda,2,"Support Access to Life-Saving Emergency Protection and Food Assistance services for Vulnerable Refugees, Asylum Seekers and Host Communities in Nakivale, Rwamwanja, Kyangwali and Palabek",11/1/2026 12:00:00 AM,8/31/2027 12:00:00 AM,10 Months,4647523,4343480,0,9/24/2026 8:36:36 PM,60295##71450##46487##61837,1- Unlikely to contribute to gender equality (no gender equality measure and no age consideration),Submission of Proposal,1,,1076302261.2480,1/1/0001 12:00:00 AM
512,[RA4-2026 - PRIORITY AREA III b: El Niño Early Action] Urgent life-saving humanitarian assistance for the most severe intersectoral needs in Uganda,CBPF-UGA-26-R-INGO-NSFT-41685,,,2026,1,Lutheran World Federation,2,Integrated Early Response and Recovery for El Niño-Affected Communities in White Nile Basin Districts of Uganda,10/1/2026 12:00:00 AM,12/31/2026 12:00:00 AM,3 Months,760416.1,710669.3,0,9/24/2026 6:49:03 PM,15904##17978##17978##17287,"4- Likely to contribute to gender equality, including across age groups",Submission of Proposal,1,,1055664016.3840,1/1/0001 12:00:00 AM
512,[RA4-2026 - PRIORITY AREA I: Refugee Response] Urgent life-saving humanitarian assistance for the most severe intersectoral needs in Uganda,CBPF-UGA-26-R-INGO-NSFT-41715,,,2026,1,CESVI-COOPERAZIONE SVILUPPO,2,"PILAR: Integrated Life-Saving Nutrition, WASH, Protection and Emergency Shelter Assistance for Refugees and Host Communities in Palabek",11/1/2026 12:00:00 AM,8/31/2027 12:00:00 AM,10 Months,1364877,1275586,0,9/24/2026 4:24:58 PM,9900##25000##16724##15208,"4- Likely to contribute to gender equality, including across age groups",Submission of Proposal,1,,1075412681.7280,1/1/0001 12:00:00 AM
512,[RA4-2026 - PRIORITY AREA II: Karamoja] Urgent life-saving humanitarian assistance for the most severe intersectoral needs in Uganda,CBPF-UGA-26-R-INGO-NSFT-41718,,,2026,1,Action Against Hunger (ACF-USA),2,Protecting Lives and Dignity: Integrated Life-Saving Humanitarian Assistance for the most  Vulnerable Communities in Karamoja (ILHA-Karamoja),10/15/2026 12:00:00 AM,8/31/2027 12:00:00 AM,10 Months 17 Days,3018234,2820779,0,9/24/2026 11:43:03 AM,80800##95400##88100##102800,"4- Likely to contribute to gender equality, including across age groups",Submission of Proposal,1,,1074967891.9680,1/1/0001 12:00:00 AM
512,[RA4-2026 - PRIORITY AREA I: Refugee Response] Urgent life-saving humanitarian assistance for the most severe intersectoral needs in Uganda,CBPF-UGA-26-R-INGO-NSFT-41722,,,2026,1,Catholic Relief Services - USCC,2,Integrated Shelter and WASH Response for Newly Arrived Refugees and Persons with Specific Needs in Nakivale and Rhino Camp Refugee Settlements,11/1/2026 12:00:00 AM,8/31/2027 12:00:00 AM,10 Months,2464904,2303649,0,9/24/2026 12:30:47 PM,24660##28168##32428##30580,,Submission of Proposal,1,,1075145807.8720,1/1/0001 12:00:00 AM
512,[RA4-2026 - PRIORITY AREA I: Refugee Response] Urgent life-saving humanitarian assistance for the most severe intersectoral needs in Uganda,CBPF-UGA-26-R-INGO-NSFT-41725,,,2026,1,AVSI Foundation,2,Fragility Relief Responses (FRR),11/1/2026 12:00:00 AM,8/31/2027 12:00:00 AM,10 Months,3558751,3325935,0,9/24/2026 8:04:52 AM,23948##51729##22990##21074,"4- Likely to contribute to gender equality, including across age groups",Submission of Proposal,1,,1074701018.1120,1/1/0001 12:00:00 AM
512,[RA4-2026 - PRIORITY AREA III b: El Niño Early Action] Urgent life-saving humanitarian assistance for the most severe intersectoral needs in Uganda,CBPF-UGA-26-R-INGO-NSFT-41739,,,2026,1,World Vision Uganda,2,Integrated WASH and Food Security Response for El Niño Affected Communities,10/1/2026 12:00:00 AM,12/31/2026 12:00:00 AM,3 Months,729159.2,681457.2,0,9/24/2026 8:33:37 PM,16080##18163##20730##21188,,Submission of Proposal,1,,1074612060.1600,1/1/0001 12:00:00 AM
512,[RA4-2026 - PRIORITY AREA I: Refugee Response] Urgent life-saving humanitarian assistance for the most severe intersectoral needs in Uganda,CBPF-UGA-26-R-INGO-NSFT-41746,,,2026,1,Action Against Hunger (ACF-USA),2,"Safeguarding Lives: Integrated Health, Nutrition and WASH Services for Vulnerable Refugees and Host Communities in Uganda",10/15/2026 12:00:00 AM,8/31/2027 12:00:00 AM,10 Months 17 Days,3506368,3276979,0,9/24/2026 3:27:08 PM,213706##244971##281399##271158,"4- Likely to contribute to gender equality, including across age groups",Submission of Proposal,1,,1074967891.9680,1/1/0001 12:00:00 AM
512,[RA4-2026 - PRIORITY AREA I: Refugee Response] Urgent life-saving humanitarian assistance for the most severe intersectoral needs in Uganda,CBPF-UGA-26-R-INGO-NSFT-41752,,,2026,1,Norwegian Refugee Council,2,Emergency Response and Stabilization for Refugees and Vulnerable Host Communities Facing Compounded Humanitarian Needs.,10/15/2026 12:00:00 AM,8/31/2027 12:00:00 AM,10 Months 17 Days,4750000,4439253,0,9/24/2026 4:00:43 PM,27671##47206##26820##41530,"4- Likely to contribute to gender equality, including across age groups",Submission of Proposal,1,,1055752974.3360,1/1/0001 12:00:00 AM
512,[RA4-2026 - PRIORITY AREA I: Refugee Response] Urgent life-saving humanitarian assistance for the most severe intersectoral needs in Uganda,CBPF-UGA-26-R-INGO-NSFT-41762,,,2026,1,Finn Church Aid Uganda,2,"Integrated Life-Saving Protection, WASH, Shelter and NFI Assistance for New Arrivals and Vulnerable Refugees in High-Priority Refugee Hosting Areas of Uganda.",11/1/2026 12:00:00 AM,8/31/2027 12:00:00 AM,10 Months,4864135,4545921,0,9/24/2026 8:24:13 PM,33174##35026##31436##33364,"4- Likely to contribute to gender equality, including across age groups",Submission of Proposal,1,,1076213303.2960,1/1/0001 12:00:00 AM
512,[RA4-2026 - PRIORITY AREA II: Karamoja] Urgent life-saving humanitarian assistance for the most severe intersectoral needs in Uganda,CBPF-UGA-26-R-INGO-NSFT-41766,,,2026,1,CARE International in Uganda,2,NOURISH Karamoja: Nutrition Outcomes and Resilience through Integrated Support for Households,11/1/2026 12:00:00 AM,8/31/2027 12:00:00 AM,10 Months,1555552,1453787,0,9/24/2026 8:36:27 PM,28146##54486##36500##37654,"4- Likely to contribute to gender equality, including across age groups",Submission of Proposal,1,,1076302261.2480,1/1/0001 12:00:00 AM
512,[RA4-2026 - PRIORITY AREA II: Karamoja] Urgent life-saving humanitarian assistance for the most severe intersectoral needs in Uganda,CBPF-UGA-26-R-INGO-NSFT-41776,,,2026,1,Mercy Corps Europe,2,Karamoja Integrated Response for Basic Needs and Urgent Support - KARIBU.,11/1/2026 12:00:00 AM,4/30/2027 12:00:00 AM,6 Months,2342298,2189064,0,9/24/2026 6:57:07 PM,5733##6210##8030##8062,"4- Likely to contribute to gender equality, including across age groups",Submission of Proposal,1,,1074434144.2560,1/1/0001 12:00:00 AM
512,[RA4-2026 - PRIORITY AREA I: Refugee Response] Urgent life-saving humanitarian assistance for the most severe intersectoral needs in Uganda,CBPF-UGA-26-R-INGO-NSFT-41780,,,2026,1,Handicap International Federation,2,"GUARD — Guaranteeing Universal Access, Rehabilitation and Disability inclusion",10/19/2026 12:00:00 AM,8/31/2027 12:00:00 AM,10 Months 13 Days,1124962,1051366,0,9/24/2026 2:56:40 PM,2396##3444##975##975,"4- Likely to contribute to gender equality, including across age groups",Submission of Proposal,1,,1074345186.3040,1/1/0001 12:00:00 AM
512,[RA4-2026 - PRIORITY AREA I: Refugee Response] Urgent life-saving humanitarian assistance for the most severe intersectoral needs in Uganda,CBPF-UGA-26-R-INGO-NSFT-41792,,,2026,1,War Child Netherlands,2,"Lifeline: Integrated Protection, WASH and Nutrition Assistance for Refugees and Host Communities",10/15/2026 12:00:00 AM,8/30/2027 12:00:00 AM,10 Months 16 Days,2500001,2336449,0,9/24/2026 1:15:41 PM,31952##38671##73886##79994,"4- Likely to contribute to gender equality, including across age groups",Submission of Proposal,1,,1057710049.2800,1/1/0001 12:00:00 AM
512,[RA4-2026 - PRIORITY AREA III b: El Niño Early Action] Urgent life-saving humanitarian assistance for the most severe intersectoral needs in Uganda,CBPF-UGA-26-R-INGO-NSFT-41809,,,2026,1,Action Against Hunger (ACF-USA),2,"Responding to Southern Karamoja ‘s Threats, Risks and El Nino (RESTORE) Project",10/1/2026 12:00:00 AM,12/31/2026 12:00:00 AM,3 Months,1526639,1426766,0,9/24/2026 8:38:01 PM,59117##82800##102600##111600,"4- Likely to contribute to gender equality, including across age groups",Submission of Proposal,1,,1074967891.9680,1/1/0001 12:00:00 AM
512,[RA4-2026 - PRIORITY AREA III b: El Niño Early Action] Urgent life-saving humanitarian assistance for the most severe intersectoral needs in Uganda,CBPF-UGA-26-R-INGO-NSFT-41826,,,2026,1,Medical Teams International,2,Response for El Niño health Support and Critical Urgent Emergencies (RESCUE) Project.,10/1/2026 12:00:00 AM,12/31/2026 12:00:00 AM,3 Months,405000,378504.7,0,9/24/2026 8:27:57 PM,9187##9562##2368##2465,"4- Likely to contribute to gender equality, including across age groups",Submission of Proposal,1,,1057887965.1840,1/1/0001 12:00:00 AM
512,[RA4-2026 - PRIORITY AREA III a: El Niño AA] Urgent life-saving humanitarian assistance for the most severe intersectoral needs in Uganda,CBPF-UGA-26-R-INGO-NSFT-41961,,,2026,1,Action Against Hunger (ACF-USA),2,Empowering Communities through Locally Led Rapid Flood Anticipatory WASH Action in South-Western Uganda,11/1/2026 12:00:00 AM,1/31/2027 12:00:00 AM,3 Months,309999.9,289719.6,0,10/1/2026 6:39:03 AM,5400##7200##8100##9300,"4- Likely to contribute to gender equality, including across age groups",Submission of Proposal,1,,1074967891.9680,1/1/0001 12:00:00 AM
512,[RA4-2026 - PRIORITY AREA II: Karamoja] Urgent life-saving humanitarian assistance for the most severe intersectoral needs in Uganda,CBPF-UGA-26-R-NGO-NSFT-41684,,,2026,1,Andre Foods International,1,"Emergency Life-Saving WASH Response to Expand Safe Water Access, Enhance Sanitation, and Promote optimal Hygiene Practices in Kotido and Amudat Districts",10/1/2026 12:00:00 AM,3/31/2027 12:00:00 AM,6 Months,664684.5,621200.4,0,9/24/2026 9:51:55 AM,5623##21190##6800##7200,"4- Likely to contribute to gender equality, including across age groups",Submission of Proposal,1,,1075679555.5840,1/1/0001 12:00:00 AM
512,[RA4-2026 - PRIORITY AREA II: Karamoja] Urgent life-saving humanitarian assistance for the most severe intersectoral needs in Uganda,CBPF-UGA-26-R-NGO-NSFT-41690,,,2026,1,Andre Foods International,1,"Emergency Life Saving Nutrition Intervention for Acutely Malnourished Children, Pregnant and Lactating Women in Kotido and Kaabong districts ",12/1/2026 12:00:00 AM,5/31/2027 12:00:00 AM,6 Months,302338.1,282559,0,9/24/2026 11:42:50 AM,0##6743##7824##9185,"4- Likely to contribute to gender equality, including across age groups",Submission of Proposal,1,,1075679555.5840,1/1/0001 12:00:00 AM
512,[RA4-2026 - PRIORITY AREA I: Refugee Response] Urgent life-saving humanitarian assistance for the most severe intersectoral needs in Uganda,CBPF-UGA-26-R-NGO-NSFT-41691,,,2026,1,Andre Foods International,1,Emergency Life Saving Nutrition Assistance in Kiryandongo and Imvepi refugee settlements,11/1/2026 12:00:00 AM,4/30/2027 12:00:00 AM,6 Months,178646.8,166959.6,0,9/24/2026 11:04:22 AM,0##579##2014##2097,"4- Likely to contribute to gender equality, including across age groups",Submission of Proposal,1,,1075679555.5840,1/1/0001 12:00:00 AM
512,[RA4-2026 - PRIORITY AREA I: Refugee Response] Urgent life-saving humanitarian assistance for the most severe intersectoral needs in Uganda,CBPF-UGA-26-R-NGO-NSFT-41701,,,2026,1,Transcultural Psychosocial Organisation,1,Strengthening Integrated Protection and Mental Health and Psychosocial Support Services for Refugees and Host Communities in Uganda.,10/1/2026 12:00:00 AM,8/31/2027 12:00:00 AM,11 Months,1624150,1517898,0,9/24/2026 8:26:51 AM,6615##10374##4973##5318,"4- Likely to contribute to gender equality, including across age groups",Submission of Proposal,1,,1074789976.0640,1/1/0001 12:00:00 AM
512,[RA4-2026 - PRIORITY AREA II: Karamoja] Urgent life-saving humanitarian assistance for the most severe intersectoral needs in Uganda,CBPF-UGA-26-R-NGO-NSFT-41761,,,2026,1,Transcultural Psychosocial Organisation,1,"Provision of integrated emergency response to drought, food insecurity and public health risks in vulnerable communities in Amudat district.",10/1/2026 12:00:00 AM,8/31/2027 12:00:00 AM,11 Months,999908.6,934494,0,9/24/2026 5:41:18 PM,6972##14548##12266##18436,"4- Likely to contribute to gender equality, including across age groups",Submission of Proposal,1,,1074789976.0640,1/1/0001 12:00:00 AM
512,[RA4-2026 - PRIORITY AREA II: Karamoja] Urgent life-saving humanitarian assistance for the most severe intersectoral needs in Uganda,CBPF-UGA-26-R-NGO-NSFT-41798,,,2026,1,Adventist Development and Relief Agency,1,"Comprehensive Life-Saving Support through Integrated cash assistance, Nutrition and Food Security  Interventions in Karamoja(Kaabong, Kotido, Karenga)",10/19/2026 12:00:00 AM,8/31/2027 12:00:00 AM,10 Months 13 Days,764681.3,714655.4,0,9/24/2026 2:32:44 PM,2400##2500##1100##1500,"4- Likely to contribute to gender equality, including across age groups",Submission of Proposal,1,,1076569135.1040,1/1/0001 12:00:00 AM
512,[RA4-2026 - PRIORITY AREA I: Refugee Response] Urgent life-saving humanitarian assistance for the most severe intersectoral needs in Uganda,CBPF-UGA-26-R-NGO-NSFT-41838,,,2026,1,Youth Social Advocacy Team Uganda,1,"Saving Lives through Cash Assistance, equitable access to WASH and protection services for refugees &amp; vulnerable host communities in West Nile",10/1/2026 12:00:00 AM,8/31/2027 12:00:00 AM,11 Months,5023026,4694417,0,9/24/2026 8:23:12 PM,20822##48592##8926##20824,1- Unlikely to contribute to gender equality (no gender equality measure and no age consideration),Submission of Proposal,1,,1075768513.5360,1/1/0001 12:00:00 AM
512,[RA2-2026] Urgent life-saving humanitarian assistance for the most hyper-prioritized Ebola related needs in Uganda,CBPF-UGA-26-R-O-NSFT-40920,,,2026,1,Uganda Red Cross Society,4,Strengthening Bundibugyo Ebola Virus Disease (BVD) Outbreak Preparedness and Response through WASH and IPC in Western Uganda,8/24/2026 12:00:00 AM,2/23/2027 12:00:00 AM,6 Months,499469.2,466793.6,0,8/17/2026 2:14:31 AM,23700##26400##24900##25000,"4- Likely to contribute to gender equality, including across age groups",Implementation,6,PRJ_IMPL_RPT,1074878934.0160,9/2/2026 8:40:03 PM
512,[RA4-2026 - PRIORITY AREA I: Refugee Response] Urgent life-saving humanitarian assistance for the most severe intersectoral needs in Uganda,CBPF-UGA-26-R-O-NSFT-41790,,,2026,1,Uganda Red Cross Society,4,"WATER-SURE: Water Security, Resilience and Essential Needs Assistance for Refugees and Host Communities in Western Uganda(Nakivale &amp;Kiryandongo)",9/23/2026 12:00:00 AM,6/30/2027 12:00:00 AM,9 Months 8 Days,4142592,3871581,0,9/23/2026 9:21:21 PM,105350##105350##109650##109650,,Submission of Proposal,1,,1074878934.0160,1/1/0001 12:00:00 AM
512,[RA4-2026 - PRIORITY AREA II: Karamoja] Urgent life-saving humanitarian assistance for the most severe intersectoral needs in Uganda,CBPF-UGA-26-R-O-NSFT-41823,,,2026,1,Uganda Red Cross Society,4,RESTORE KARAMOJA ,10/1/2026 12:00:00 AM,3/31/2027 12:00:00 AM,6 Months,591394.9,552705.6,0,9/24/2026 8:37:51 PM,818##1717##1048##1985,,Submission of Proposal,1,,1074878934.0160,1/1/0001 12:00:00 AM
512,[RA4-2026 - PRIORITY AREA III a: El Niño AA] Urgent life-saving humanitarian assistance for the most severe intersectoral needs in Uganda,CBPF-UGA-26-R-O-NSFT-41976,,,2026,1,Uganda Red Cross Society,4,Activating Anticipatory Action for El Niño-Induced Hydro-Meteorological Risks in South-Western Uganda,10/5/2026 12:00:00 AM,1/29/2027 12:00:00 AM,3 Months 25 Days,1000972,935488.1,0,10/1/2026 6:58:22 AM,15000##16200##14400##14400,,Submission of Proposal,1,,1074878934.0160,1/1/0001 12:00:00 AM
512,Urgent life-saving humanitarian assistance for the most hyper-prioritized needs in Uganda,CBPF-UGA-26-R-UN-NSFT-39388,,,2026,1,World Food Programme,3,Food security response for refugees and malnutrition treatment for vulnerable populations with acute malnutrition in Karamoja,4/14/2026 12:00:00 AM,10/13/2026 12:00:00 AM,6 Months,2.8569E+07,2.67E+07,0,3/27/2026 9:47:53 AM,159597##201039##194027##225027,2- Unlikely to contribute to gender equality (no gender equality measure but includes age consideration),Implementation,6,PRJ_IMPL_RPT,1056464637.9520,4/20/2026 4:37:56 PM
512,Urgent life-saving humanitarian assistance for the most hyper-prioritized needs in Uganda,CBPF-UGA-26-R-UN-NSFT-39455,,,2026,1,The UN Refugee Agency,3,"Protection and multi-sector assistance for new refugee arrivals and vulnerable caseloads at settlements, in transit/reception centres and Kampala",4/14/2026 12:00:00 AM,10/13/2026 12:00:00 AM,6 Months,2.524816E+07,2.370719E+07,0,3/28/2026 5:31:10 PM,390000##375000##345000##390000,"4- Likely to contribute to gender equality, including across age groups",Implementation,6,PRJ_IMPL_RPT,1055575058.4320,4/21/2026 9:35:41 PM
512,Urgent life-saving humanitarian assistance for the most hyper-prioritized needs in Uganda,CBPF-UGA-26-R-UN-NSFT-39490,,,2026,1,United Nations Children's Fund,3,Lifesaving nutrition response for the severe acute malnourished children in  Karamoja and refugee communities,4/14/2026 12:00:00 AM,10/13/2026 12:00:00 AM,6 Months,5215003,4873835,0,3/27/2026 8:29:14 AM,0##0##73647##76653,"4- Likely to contribute to gender equality, including across age groups",Implementation,6,PRJ_IMPL_RPT,1055486100.4800,4/16/2026 1:37:06 PM
512,[RA2-2026] Urgent life-saving humanitarian assistance for the most hyper-prioritized Ebola related needs in Uganda,CBPF-UGA-26-R-UN-NSFT-40271,,,2026,1,International Organization for Migration,3,"Strengthening Cross Border Surveillance, Referral Pathways and PoE Preparedness in Uganda",9/1/2026 12:00:00 AM,2/28/2027 12:00:00 AM,6 Months,500000,467289.7,0,7/21/2026 8:22:21 AM,27056##17015##10760##10760,"4- Likely to contribute to gender equality, including across age groups",Disbursement,5,PRJ_IP_CNT_SIG,1073989354.4960,1/1/0001 12:00:00 AM
512,[RA3-2026] Urgent life-saving humanitarian assistance for the most hyper-prioritized Food Security and Nutrition in Karamoja,CBPF-UGA-26-R-UN-NSFT-41144,,,2026,1,World Food Programme,3,Food security response and malnutrition treatment for vulnerable populations in prioritised districts of Karamoja affected by El Nino-induced drought,8/27/2026 12:00:00 AM,6/2/2027 12:00:00 AM,9 Months 7 Days,2999877,2803623,0,8/20/2026 8:47:03 PM,11492##20337##19299##20835,2- Unlikely to contribute to gender equality (no gender equality measure but includes age consideration),Disbursement,5,PRJ_IP_CNT_SIG,1056464637.9520,1/1/0001 12:00:00 AM
512,[RA3-2026] Urgent life-saving humanitarian assistance for the most hyper-prioritized Food Security and Nutrition in Karamoja,CBPF-UGA-26-R-UN-NSFT-41183,,,2026,1,United Nations Children's Fund,3,Lifesaving nutrition response for the severe acute malnourished children in critically affected Karamoja communities,9/15/2026 12:00:00 AM,12/14/2026 12:00:00 AM,3 Months,1000000,934579.4,0,8/24/2026 5:54:29 AM,0##0##51450##53550,"4- Likely to contribute to gender equality, including across age groups",HC Final Approval,4,PRJ_HC_APPROVAL,1055486100.4800,1/1/0001 12:00:00 AM
512,[RA4-2026 - PRIORITY AREA I: Refugee Response] Urgent life-saving humanitarian assistance for the most severe intersectoral needs in Uganda,CBPF-UGA-26-R-UN-NSFT-41663,,,2026,1,World Food Programme,3,Emergency Food and Nutrition Assistance for Hyper-Prioritized Refugee Households in Uganda,10/15/2026 12:00:00 AM,8/30/2027 12:00:00 AM,10 Months 16 Days,1.308359E+07,1.228506E+07,0,9/24/2026 2:32:22 PM,54876##73102##84440##95129,2- Unlikely to contribute to gender equality (no gender equality measure but includes age consideration),Submission of Proposal,1,,1056464637.9520,1/1/0001 12:00:00 AM
512,[RA4-2026 - PRIORITY AREA II: Karamoja] Urgent life-saving humanitarian assistance for the most severe intersectoral needs in Uganda,CBPF-UGA-26-R-UN-NSFT-41664,,,2026,1,World Food Programme,3,Area-Based Emergency Food Security and Nutrition Response for the Most Severely Affected Communities in Karamoja,10/15/2026 12:00:00 AM,8/30/2027 12:00:00 AM,10 Months 16 Days,3775852,3545401,0,9/24/2026 2:35:51 PM,13522##23866##23931##27733,2- Unlikely to contribute to gender equality (no gender equality measure but includes age consideration),Submission of Proposal,1,,1056464637.9520,1/1/0001 12:00:00 AM
512,[RA4-2026 - PRIORITY AREA III b: El Niño Early Action] Urgent life-saving humanitarian assistance for the most severe intersectoral needs in Uganda,CBPF-UGA-26-R-UN-NSFT-41665,,,2026,1,World Food Programme,3,Early Response: Multi-Purpose Cash for flood-affected households in Karamoja,9/30/2026 12:00:00 AM,12/31/2026 12:00:00 AM,3 Months 2 Days,990354.4,929910.3,0,9/24/2026 2:35:17 PM,4461##5942##6864##7733,2- Unlikely to contribute to gender equality (no gender equality measure but includes age consideration),Submission of Proposal,1,,1056464637.9520,1/1/0001 12:00:00 AM
512,[RA4-2026 - PRIORITY AREA II: Karamoja] Urgent life-saving humanitarian assistance for the most severe intersectoral needs in Uganda,CBPF-UGA-26-R-UN-NSFT-41687,,,2026,1,The Food and Agriculture Organization of the United Nations,3,"Life-saving assistance for drought-affected IPC Phase 4 households in Karamoja: Cash-for-work, rehabilitation of livestock water facilities and adjacent rangeland for feed",10/12/2026 12:00:00 AM,6/11/2027 12:00:00 AM,8 Months,900000,841121.5,0,9/24/2026 4:33:02 PM,25378##27483##32232##34907,1- Unlikely to contribute to gender equality (no gender equality measure and no age consideration),Submission of Proposal,1,,1077814546.4320,1/1/0001 12:00:00 AM
512,[RA4-2026 - PRIORITY AREA I: Refugee Response] Urgent life-saving humanitarian assistance for the most severe intersectoral needs in Uganda,CBPF-UGA-26-R-UN-NSFT-41706,,,2026,1,The UN Refugee Agency,3,Urgent life-saving protection and multi-sector humanitarian assistance for refugees in settlements and transit/reception centres in Uganda.,10/19/2026 12:00:00 AM,8/31/2027 12:00:00 AM,10 Months 13 Days,1.550331E+07,1.45571E+07,0,9/24/2026 1:31:49 PM,325651##384978##399633##389738,"4- Likely to contribute to gender equality, including across age groups",Submission of Proposal,1,,1055575058.4320,1/1/0001 12:00:00 AM
512,[RA4-2026 - PRIORITY AREA II: Karamoja] Urgent life-saving humanitarian assistance for the most severe intersectoral needs in Uganda,CBPF-UGA-26-R-UN-NSFT-41751,,,2026,1,United Nations Children's Fund,3,Integrated Humanitarian Response for Children and Communities in Karamoja,10/19/2026 12:00:00 AM,8/31/2027 12:00:00 AM,10 Months 13 Days,2360000,2205608,0,9/24/2026 4:30:04 PM,10323##11097##46053##48462,"4- Likely to contribute to gender equality, including across age groups",Submission of Proposal,1,,1055486100.4800,1/1/0001 12:00:00 AM
512,[RA4-2026 - PRIORITY AREA III b: El Niño Early Action] Urgent life-saving humanitarian assistance for the most severe intersectoral needs in Uganda,CBPF-UGA-26-R-UN-NSFT-41797,,,2026,1,International Organization for Migration,3,"Rapid Mobility Intelligence, Early Warning and Humanitarian Decision Support for El Niño, Flood and Multi-Hazard Response in Uganda",11/1/2026 12:00:00 AM,4/30/2027 12:00:00 AM,6 Months,300000,280373.8,0,9/24/2026 10:23:39 AM,676##1014##0##0,,Submission of Proposal,1,,1073989354.4960,1/1/0001 12:00:00 AM
512,[RA4-2026 - PRIORITY AREA III b: El Niño Early Action] Urgent life-saving humanitarian assistance for the most severe intersectoral needs in Uganda,CBPF-UGA-26-R-UN-NSFT-41810,,,2026,1,The Food and Agriculture Organization of the United Nations,3,"Saving lives and protecting the harvest of El Niño flood-affected households in Butaleja, Bududa, Bulambuli, Mbale and Sironko through rapid assessment, multi-purpose cash and post-harvest kits ",10/19/2026 12:00:00 AM,4/18/2027 12:00:00 AM,6 Months,750000,700934.6,0,9/24/2026 8:28:10 PM,6930##9570##8250##8250,,Submission of Proposal,1,,1077814546.4320,1/1/0001 12:00:00 AM
512,[RA4-2026 - PRIORITY AREA I: Refugee Response] Urgent life-saving humanitarian assistance for the most severe intersectoral needs in Uganda,CBPF-UGA-26-R-UN-NSFT-41827,,,2026,1,United Nations Children's Fund,3,Lifesaving nutrition response for the severe acute malnourished children in refugee settlements and host communities,11/1/2026 12:00:00 AM,8/31/2027 12:00:00 AM,10 Months,2360000,2205608,0,9/24/2026 6:55:48 PM,0##0##223930##233070,"4- Likely to contribute to gender equality, including across age groups",Submission of Proposal,1,,1055486100.4800,1/1/0001 12:00:00 AM
512,[RA4-2026 - PRIORITY AREA III a: El Niño AA] Urgent life-saving humanitarian assistance for the most severe intersectoral needs in Uganda,CBPF-UGA-26-R-UN-NSFT-41926,,,2026,1,World Food Programme,3,Protecting El Niño-Affected Communities Through Multipurpose Cash Anticipatory Action,10/7/2026 12:00:00 AM,1/31/2027 12:00:00 AM,3 Months 25 Days,1931581,1813691,0,10/1/2026 6:50:11 AM,13542##18038##20836##23474,2- Unlikely to contribute to gender equality (no gender equality measure but includes age consideration),Submission of Proposal,1,,1056464637.9520,1/1/0001 12:00:00 AM
512,[RA4-2026 - PRIORITY AREA III a: El Niño AA] Urgent life-saving humanitarian assistance for the most severe intersectoral needs in Uganda,CBPF-UGA-26-R-UN-NSFT-41965,,,2026,1,The Food and Agriculture Organization of the United Nations,3,"Turning forecast to action: inclusive flood early warning for flood-prone communities in Bundibugyo, Kasese, Kisoro and Ntoroko to act before El Niño-driven flooding",10/7/2026 12:00:00 AM,4/6/2027 12:00:00 AM,6 Months,600000,560747.7,0,10/1/2026 10:59:24 AM,19942##26299##29883##33753,,Submission of Proposal,1,,1077814546.4320,1/1/0001 12:00:00 AM
