PFId,AllNm,PrjCode,OPSCodeAgg,EmgAgg,AllYr,AllSrc,OrgNm,OrgTypeId,PrjTitle,AStrDt,AEndDt,PrjDur,PrgBdg,BgdDC,BdgSC,PrjSubDt,BenAgg,PrjGM,PrjStsNm,PrjStsId,PrjStsCode,PartCode,ApprDt
15,2026 - SHF First Reserve Allocation (SHF Preposition of funds - 48 Hour Response),CBPF-SUD-26-R-INGO-39065,,,2026,1,International NGO,2,48-hour response WASH and ES/NFI interventions to mitigate morbidity and mortality among children and families affected by crises in Sudan,2/15/2026 12:00:00 AM,2/14/2027 12:00:00 AM,12 Months,6000000,5607477,0,2/4/2026 11:28:07 AM,84135##97787##94473##100324,"4- Likely to contribute to gender equality, including across age groups",Implementation,5361,PRJ_IMPL_RPT,333247.1296,2/24/2026 1:43:17 PM
15,2026 - SHF First Reserve Allocation (SHF Preposition of funds - 48 Hour Response),CBPF-SUD-26-R-INGO-39067,,,2026,1,International NGO,2,2026 48hrs Response Consortium]: 48-hour response - Provision of Immediate and Lifesaving Health and Nutrition Services in Hotspot Areas with Emerging Needs in Sudan.,2/15/2026 12:00:00 AM,2/14/2027 12:00:00 AM,12 Months,6000000,5607477,0,2/4/2026 8:44:02 AM,68990##120507##57651##67928,"4- Likely to contribute to gender equality, including across age groups",Implementation,5361,PRJ_IMPL_RPT,327426.5984,2/24/2026 1:45:21 PM
15,2026 - SHF Third Reserve Allocation (Rapid Response and Emergency Medical Capacity),CBPF-SUD-26-R-INGO-39784,,,2026,1,International NGO,2,48-hour response Consortium - Provision of Immediate and Lifesaving Health and Nutrition Services in Hotspot Areas with emerging needs in Sudan.,6/10/2026 12:00:00 AM,6/9/2027 12:00:00 AM,12 Months,3000000,2803738,0,5/31/2026 9:47:32 AM,21500##70650##30830##34270,"4- Likely to contribute to gender equality, including across age groups",Implementation,5361,PRJ_IMPL_RPT,327426.5984,6/23/2026 12:18:25 PM
15,2026 - SHF Third Reserve Allocation (Rapid Response and Emergency Medical Capacity),CBPF-SUD-26-R-INGO-39785,,,2026,1,International NGO,2,"UK-Med Medical Emergency Response Unit (MERU) for UN staff, Tawila (Proposal 1/2)",7/1/2026 12:00:00 AM,6/30/2027 12:00:00 AM,12 Months,1500000,1401869,0,5/31/2026 3:13:04 PM,113##112##0##0,2- Unlikely to contribute to gender equality (no gender equality measure but includes age consideration),Implementation,5361,PRJ_IMPL_RPT,1040832.6016,7/2/2026 1:14:38 PM
15,2026 - SHF Third Reserve Allocation (Rapid Response and Emergency Medical Capacity),CBPF-SUD-26-R-INGO-39790,,,2026,1,International NGO,2,"UK-Med Medical Emergency Response Unit (MERU) for UN staff, Tawila (Proposal  2/2)",7/1/2026 12:00:00 AM,3/31/2027 12:00:00 AM,9 Months,499997.2,467287.1,0,5/31/2026 3:13:53 PM,37##38##0##0,2- Unlikely to contribute to gender equality (no gender equality measure but includes age consideration),Implementation,5361,PRJ_IMPL_RPT,1040832.6016,7/2/2026 1:15:07 PM
15,2026 - SHF Third Reserve Allocation (Rapid Response and Emergency Medical Capacity),CBPF-SUD-26-R-INGO-39791,,,2026,1,International NGO,2,"48-Hour Rapid Response WASH, Shelter/NFI and Protection Interventions to mitigate morbidity and mortality among children and families in response to sudden-onset emergencies and new access scenarios.",6/15/2026 12:00:00 AM,6/14/2027 12:00:00 AM,12 Months,5000000,4672897,0,6/1/2026 1:23:27 PM,40642##45247##70088##79102,"4- Likely to contribute to gender equality, including across age groups",Implementation,5361,PRJ_IMPL_RPT,333247.1296,6/17/2026 8:29:48 PM
15,2026 - SHF Second Reserve Allocation (Scale up and expand multisectoral assistance in hyper-prioritized locations),CBPF-SUD-26-R-INGO-NSFT-39201,,,2026,1,International NGO,2,"Life-saving multi-purpose cash assistance in 9 hyper-prioritized IPC 4/5 localities in North Darfur, White Nile, North Kordofan and South Kordofan",3/20/2026 12:00:00 AM,9/19/2026 12:00:00 AM,6 Months,5000000,4672897,0,3/5/2026 12:53:25 PM,8602##28752##16569##28805,"4- Likely to contribute to gender equality, including across age groups",Implementation,5546,PRJ_UND_FINAL_RPT,340544.5120,3/23/2026 9:23:15 PM
15,2026 - SHF Second Reserve Allocation (Scale up and expand multisectoral assistance in hyper-prioritized locations),CBPF-SUD-26-R-INGO-NSFT-39202,,,2026,1,International NGO,2,"Integrated Multi-Sectoral Emergency Response for IDPs and Host Communities in Tawila, Al Twisha, and Al Lait, North Darfur",3/22/2026 12:00:00 AM,9/21/2026 12:00:00 AM,6 Months,2500000,2336449,0,3/5/2026 1:11:50 PM,5990##6810##9350##7850,"4- Likely to contribute to gender equality, including across age groups",Implementation,5546,PRJ_UND_FINAL_RPT,344366.9504,3/24/2026 2:32:48 PM
15,2026 - SHF Second Reserve Allocation (Scale up and expand multisectoral assistance in hyper-prioritized locations),CBPF-SUD-26-R-INGO-NSFT-39204,,,2026,1,International NGO,2,Scale-Up of Multi-Purpose Cash Assistance and Group Cash Transfers to Address Acute Multisectoral Needs in Hyper-Prioritized Locations of Sudan ,4/1/2026 12:00:00 AM,9/30/2026 12:00:00 AM,6 Months,3000000,2803738,0,3/5/2026 2:41:45 PM,12966##15870##14910##15375,"4- Likely to contribute to gender equality, including across age groups",Reporting,5546,PRJ_UND_FINAL_RPT,343932.5824,3/24/2026 5:50:42 PM
15,2026 - SHF Second Reserve Allocation (Scale up and expand multisectoral assistance in hyper-prioritized locations),CBPF-SUD-26-R-INGO-NSFT-39206,,,2026,1,International NGO,2,"MPCA assistance in hyper-prioritised localities  inter-sectoral severity localities in North Darfur, Northern State, and AJ Jazirah in Sudan. ",3/30/2026 12:00:00 AM,9/29/2026 12:00:00 AM,6 Months,7000000,6542056,0,3/5/2026 1:28:03 PM,19890##18330##20670##19110,"4- Likely to contribute to gender equality, including across age groups",Implementation,5546,PRJ_UND_FINAL_RPT,333073.3824,3/26/2026 10:27:17 PM
15,2026 - SHF Second Reserve Allocation (Scale up and expand multisectoral assistance in hyper-prioritized locations),CBPF-SUD-26-R-INGO-NSFT-39209,,,2026,1,International NGO,2,Scaleup  &amp; expansion of Multi sectoral life saving assistance in hyper-prioritized locations of Sudan,3/29/2026 12:00:00 AM,9/28/2026 12:00:00 AM,6 Months,6000000,5607477,0,3/5/2026 12:32:38 PM,20692##27342##12562##13312,"4- Likely to contribute to gender equality, including across age groups",Implementation,5546,PRJ_UND_FINAL_RPT,328208.4608,3/25/2026 3:21:09 PM
15,2026 - SHF Second Reserve Allocation (Scale up and expand multisectoral assistance in hyper-prioritized locations),CBPF-SUD-26-R-INGO-NSFT-39210,,,2026,1,International NGO,2,Safe and Dignified Cash-Based Assistance to Crisis-Affected Populations in Sudan's Darfur and Kordofan  ,4/1/2026 12:00:00 AM,9/30/2026 12:00:00 AM,6 Months,3000000,2803738,0,3/5/2026 1:19:57 PM,8480##9893##5088##4805,2- Unlikely to contribute to gender equality (no gender equality measure but includes age consideration),Implementation,5546,PRJ_UND_FINAL_RPT,328729.7024,3/23/2026 8:38:32 PM
15,2026 - SHF Second Reserve Allocation (Scale up and expand multisectoral assistance in hyper-prioritized locations),CBPF-SUD-26-R-INGO-NSFT-39211,,,2026,1,International NGO,2,SHF Scale up  - DRC: Integrated Mine Action Response in Hyper-Prioritized Conflict-Affected Areas 2026,3/29/2026 12:00:00 AM,9/28/2026 12:00:00 AM,6 Months,2500000,2336449,0,3/5/2026 2:12:44 PM,13494##12375##26778##24469,"4- Likely to contribute to gender equality, including across age groups",Implementation,5546,PRJ_UND_FINAL_RPT,336027.0848,3/26/2026 10:26:27 PM
15,2026 - SHF Second Reserve Allocation (Scale up and expand multisectoral assistance in hyper-prioritized locations),CBPF-SUD-26-R-INGO-NSFT-39215,,,2026,1,International NGO,2,Multi-sectoral cash Assistance for conflict affected Populations in Khartoum and Blue Nile (MAP),4/1/2026 12:00:00 AM,9/30/2026 12:00:00 AM,6 Months,3000000,2803738,0,3/5/2026 12:48:59 PM,11728##12706##12218##12218,"4- Likely to contribute to gender equality, including across age groups",Implementation,5546,PRJ_UND_FINAL_RPT,327165.9776,3/23/2026 8:22:01 PM
15,2026 - SHF Second Reserve Allocation (Scale up and expand multisectoral assistance in hyper-prioritized locations),CBPF-SUD-26-R-INGO-NSFT-39216,,,2026,1,International NGO,2,Emergency Pipeline Support in Sudan ,4/1/2026 12:00:00 AM,12/31/2026 12:00:00 AM,9 Months,2.5E+07,2.336449E+07,0,3/5/2026 2:11:27 PM,66875##85991##98552##95817,"4- Likely to contribute to gender equality, including across age groups",Implementation,5361,PRJ_IMPL_RPT,328642.8288,4/2/2026 4:37:38 PM
15,2026 - SHF Second Reserve Allocation (Scale up and expand multisectoral assistance in hyper-prioritized locations),CBPF-SUD-26-R-INGO-NSFT-39219,,,2026,1,International NGO,2,Multisectoral cash-based assistance response in Darfurs and Kordofans,4/1/2026 12:00:00 AM,9/30/2026 12:00:00 AM,6 Months,6000000,5607477,0,3/4/2026 4:02:45 PM,25181##27281##24132##28330,2- Unlikely to contribute to gender equality (no gender equality measure but includes age consideration),Implementation,5546,PRJ_UND_FINAL_RPT,338112.0512,3/25/2026 3:18:02 PM
15,2026 - SHF Second Reserve Allocation (Scale up and expand multisectoral assistance in hyper-prioritized locations),CBPF-SUD-26-R-INGO-NSFT-39222,,,2026,1,International NGO,2,"Integrated lifesaving multipurpose cash assistance to save lives and promote resilience in vulnerable populations in crisis- affected communities in South Darfur, East Darfur and Blue Nile",3/18/2026 12:00:00 AM,9/17/2026 12:00:00 AM,6 Months,4000000,3738318,0,3/5/2026 3:00:04 PM,9416##11367##13034##14708,"4- Likely to contribute to gender equality, including across age groups",Implementation,5546,PRJ_UND_FINAL_RPT,335853.3376,3/23/2026 8:23:03 PM
15,2026 - SHF Second Reserve Allocation (Scale up and expand multisectoral assistance in hyper-prioritized locations),CBPF-SUD-26-R-INGO-NSFT-39234,,,2026,1,International NGO,2,Scaling Up Multisectoral Cash and Protection Assistance in Hyper-Prioritised Locations of Sudan,4/1/2026 12:00:00 AM,9/30/2026 12:00:00 AM,6 Months,5500000,5140187,0,3/5/2026 1:57:25 PM,11684##13413##13050##13722,"4- Likely to contribute to gender equality, including across age groups",Implementation,5546,PRJ_UND_FINAL_RPT,327079.1040,3/24/2026 5:51:19 PM
15,2026 - SHF Second Reserve Allocation (Scale up and expand multisectoral assistance in hyper-prioritized locations),CBPF-SUD-26-R-INGO-NSFT-39280,,,2026,1,International NGO,2,"Multi-sectoral Lifesaving Assistance for the Most Vulnerable People in South Kordofan, North Darfur, West Darfur, Central Darfur and South Darfur, Sud",4/1/2026 12:00:00 AM,9/30/2026 12:00:00 AM,6 Months,8000000,7476636,0,3/5/2026 12:58:30 PM,28610##34403##18460##19287,"4- Likely to contribute to gender equality, including across age groups",Implementation,5546,PRJ_UND_FINAL_RPT,332030.8992,3/26/2026 10:28:02 PM
15,2026 - SHF Fourth Reserve Allocation (Sustaining Core Pipelines and Enabling Services through the Second US Contribution to the Sudan Humanitarian Fund),CBPF-SUD-26-R-INGO-NSFT-40984,,,2026,1,International NGO,2,Strengthening the WASH Core Pipeline to rapidly provide WASH services and supplies to crisis affected populations across Darfur and West Kordofan,10/1/2026 12:00:00 AM,8/30/2027 12:00:00 AM,10 Months 30 Days,6000000,5660378,0,8/17/2026 9:56:55 PM,95001##100000##149999##155000,"4- Likely to contribute to gender equality, including across age groups",Disbursement,5360,PRJ_DISBURSEMENT,357745.4848,10/8/2026 7:15:33 PM
15,2026 - SHF Second Reserve Allocation (Scale up and expand multisectoral assistance in hyper-prioritized locations),CBPF-SUD-26-R-UN-NSFT-39208,,,2026,1,UN Agency,3,"Rapid Life-Saving Shelter/NFI, Cash and Protection Assistance in Sudan",3/16/2026 12:00:00 AM,9/15/2026 12:00:00 AM,6 Months,1.5E+07,1.408451E+07,0,3/5/2026 12:11:33 PM,55509##62006##47321##47842,"4- Likely to contribute to gender equality, including across age groups",Implementation,5546,PRJ_UND_FINAL_RPT,334810.8544,3/27/2026 2:45:08 PM
15,2026 - SHF Second Reserve Allocation (Scale up and expand multisectoral assistance in hyper-prioritized locations),CBPF-SUD-26-R-UN-NSFT-39213,,,2026,1,UN Agency,3,"Procurement and distribution of health, nutrition and WASH supplies to reach the most vulnerable children and families in 84 hyper-prioritized localities in Sudan with lifesaving assistance. ",4/1/2026 12:00:00 AM,9/30/2026 12:00:00 AM,6 Months,3E+07,2.803738E+07,0,3/5/2026 2:37:39 PM,674450##786910##697976##760767,"3- Likely to contribute to gender equality, but without attention to age groups",Implementation,5546,PRJ_UND_FINAL_RPT,334897.7280,3/23/2026 8:24:08 PM
15,2026 - SHF Second Reserve Allocation (Scale up and expand multisectoral assistance in hyper-prioritized locations),CBPF-SUD-26-R-UN-NSFT-39218,,,2026,1,UN Agency,3,Emergency Multisectoral Assistance for Newly Displaced and Vulnerable Populations in Hyper-Prioritized High-Risk Conflict Areas,3/31/2026 12:00:00 AM,12/30/2026 12:00:00 AM,9 Months,1.7E+07,1.588785E+07,0,3/4/2026 2:54:31 PM,108039##124601##84068##78864,"4- Likely to contribute to gender equality, including across age groups",Implementation,5361,PRJ_IMPL_RPT,330293.4272,4/1/2026 3:11:23 PM
15,2026 - SHF Second Reserve Allocation (Scale up and expand multisectoral assistance in hyper-prioritized locations),CBPF-SUD-26-R-UN-NSFT-39225,,,2026,1,UN Agency,3,Scaling up security support to enable essential UN programme delivery and protection activities in North Darfur and the Kordofans,4/1/2026 12:00:00 AM,9/30/2026 12:00:00 AM,6 Months,500000,467289.8,0,3/5/2026 12:42:37 PM,496##504##0##0,1- Unlikely to contribute to gender equality (no gender equality measure and no age consideration),Implementation,5546,PRJ_UND_FINAL_RPT,334550.2336,4/2/2026 4:38:20 PM
15,2026 - SHF Second Reserve Allocation (Scale up and expand multisectoral assistance in hyper-prioritized locations),CBPF-SUD-26-R-UN-NSFT-39284,,,2026,1,UN Agency,3,Emergency Food Assistance and Common Logistics Services for Highly Food-Insecure Communities in Hyper-Prioritized Inter-Cluster Priority Localities,4/1/2026 12:00:00 AM,9/30/2026 12:00:00 AM,6 Months,5.15E+07,4.835681E+07,0,3/5/2026 1:43:28 PM,317210##475818##396513##396513,"4- Likely to contribute to gender equality, including across age groups",Implementation,5546,PRJ_UND_FINAL_RPT,335505.8432,4/1/2026 3:10:40 PM
15,"2026 - SHF First Standard Allocation (Reducing Preventable Morbidity and Mortality through Integrated, Life-Saving Services and Protection-Centred Response in Sudan)",CBPF-SUD-26-S-INGO-39817,,,2026,2,International NGO,2,Integrated WASH in Health Response to Reduce Morbidity and Mortality in Khartoum and North Darfur States,8/6/2026 12:00:00 AM,8/5/2027 12:00:00 AM,12 Months,1500000,1401869,0,6/22/2026 4:57:55 PM,14870##14872##21566##23052,"4- Likely to contribute to gender equality, including across age groups",Implementation,5331,PRJ_IMPL_RPT,357745.4848,8/11/2026 9:02:34 PM
15,"2026 - SHF First Standard Allocation (Reducing Preventable Morbidity and Mortality through Integrated, Life-Saving Services and Protection-Centred Response in Sudan)",CBPF-SUD-26-S-INGO-39818,,,2026,2,International NGO,2,"Relief International Reducing Preventable Morbidity and Mortality through Integrated Life-Saving Health and Nutrition Services &amp; Localized Humanitarian Action in North Darfur and Northern state, Sudan",8/15/2026 12:00:00 AM,8/14/2027 12:00:00 AM,12 Months,5234001,4891589,0,6/24/2026 8:09:15 PM,13171##35147##29523##31353,"4- Likely to contribute to gender equality, including across age groups",Implementation,5331,PRJ_IMPL_RPT,333073.3824,8/17/2026 11:02:18 PM
15,"2026 - SHF First Standard Allocation (Reducing Preventable Morbidity and Mortality through Integrated, Life-Saving Services and Protection-Centred Response in Sudan)",CBPF-SUD-26-S-INGO-39819,,,2026,2,International NGO,2,"Integrated Health, Nutrition, and Protection-Centered  Response to Reduce Preventable Morbidity and Mortality among Crisis-Affected Populations",8/6/2026 12:00:00 AM,8/5/2027 12:00:00 AM,12 Months,1250000,1168224,0,6/24/2026 8:42:00 PM,6808##48293##24974##38573,"4- Likely to contribute to gender equality, including across age groups",Implementation,5331,PRJ_IMPL_RPT,373643.3536,8/11/2026 8:56:21 PM
15,"2026 - SHF First Standard Allocation (Reducing Preventable Morbidity and Mortality through Integrated, Life-Saving Services and Protection-Centred Response in Sudan)",CBPF-SUD-26-S-INGO-39820,,,2026,2,International NGO,2,Strengthening Integrated Primary and Secondary Paediatric Health and Nutrition Services in South Darfur,9/1/2026 12:00:00 AM,8/31/2027 12:00:00 AM,12 Months,920000,859813.1,0,6/24/2026 4:49:30 PM,1915##22150##23520##19680,2- Unlikely to contribute to gender equality (no gender equality measure but includes age consideration),Implementation,5331,PRJ_IMPL_RPT,336113.9584,9/16/2026 10:26:49 PM
15,"2026 - SHF First Standard Allocation (Reducing Preventable Morbidity and Mortality through Integrated, Life-Saving Services and Protection-Centred Response in Sudan)",CBPF-SUD-26-S-INGO-39837,,,2026,2,International NGO,2,"Reducing Preventable Morbidity &amp; Mortality through Integrated, Life-Saving Services Nutrition and Protection-Response in North Kordofan (Sheikan,Um Dam Haj) and South Kordofan(Dilling)  ",8/10/2026 12:00:00 AM,6/9/2027 12:00:00 AM,10 Months,750000,700934.6,0,6/24/2026 7:59:07 PM,2642##12924##10581##11544,"4- Likely to contribute to gender equality, including across age groups",Implementation,5331,PRJ_IMPL_RPT,340544.5120,8/11/2026 8:48:50 PM
15,"2026 - SHF First Standard Allocation (Reducing Preventable Morbidity and Mortality through Integrated, Life-Saving Services and Protection-Centred Response in Sudan)",CBPF-SUD-26-S-INGO-39840,,,2026,2,International NGO,2,"Enhancing Health Outcomes through an Integrated Lifesaving WASH and Protection-Centered Response in White Nile and South Kordofan States, Sudan",8/15/2026 12:00:00 AM,8/14/2027 12:00:00 AM,12 Months,1000000,934579.4,0,6/24/2026 5:20:45 PM,13942##16680##7142##9685,"4- Likely to contribute to gender equality, including across age groups",Implementation,5331,PRJ_IMPL_RPT,332030.8992,8/11/2026 9:10:33 PM
15,"2026 - SHF First Standard Allocation (Reducing Preventable Morbidity and Mortality through Integrated, Life-Saving Services and Protection-Centred Response in Sudan)",CBPF-SUD-26-S-INGO-39844,,,2026,2,International NGO,2,Provision of medical logistics support to health responders and equitable physical and functional rehabilitation services to conflict-affected populations in Sudan ,8/23/2026 12:00:00 AM,8/22/2027 12:00:00 AM,12 Months,1000000,934579.4,0,6/24/2026 9:14:36 PM,735##602##71##61,"4- Likely to contribute to gender equality, including across age groups",Implementation,5331,PRJ_IMPL_RPT,997482.6752,8/19/2026 8:00:08 PM
15,"2026 - SHF First Standard Allocation (Reducing Preventable Morbidity and Mortality through Integrated, Life-Saving Services and Protection-Centred Response in Sudan)",CBPF-SUD-26-S-INGO-39847,,,2026,2,International NGO,2,"Integrated Health and WASH support for Crisis-effected population to reduce Morbidity and Mortality in East Darfur, South Darfur and South Kordofan. ",8/15/2026 12:00:00 AM,8/14/2027 12:00:00 AM,12 Months,2200000,2056075,0,6/24/2026 3:56:24 PM,86273##121423##54319##57516,"3- Likely to contribute to gender equality, but without attention to age groups",Implementation,5331,PRJ_IMPL_RPT,328208.4608,8/19/2026 8:04:03 PM
15,"2026 - SHF First Standard Allocation (Reducing Preventable Morbidity and Mortality through Integrated, Life-Saving Services and Protection-Centred Response in Sudan)",CBPF-SUD-26-S-INGO-39860,,,2026,2,International NGO,2,"Integrated Lifesaving Health, Nutrition, and WASH Services with a Protection-Centered Approach in North Darfur, Blue Nile, South Kordofan, and North Kordofan",8/17/2026 12:00:00 AM,8/16/2027 12:00:00 AM,12 Months,4100000,3831776,0,6/24/2026 6:34:42 PM,36289##42704##43132##44603,"4- Likely to contribute to gender equality, including across age groups",Implementation,5331,PRJ_IMPL_RPT,333247.1296,8/11/2026 9:05:39 PM
15,"2026 - SHF First Standard Allocation (Reducing Preventable Morbidity and Mortality through Integrated, Life-Saving Services and Protection-Centred Response in Sudan)",CBPF-SUD-26-S-INGO-39874,,,2026,2,International NGO,2,Integrated life saving intervention in priority areas in Kordofan,8/15/2026 12:00:00 AM,8/14/2027 12:00:00 AM,12 Months,1999297,1868502,0,6/24/2026 9:25:28 PM,27440##31928##40847##43336,"4- Likely to contribute to gender equality, including across age groups",Implementation,5331,PRJ_IMPL_RPT,329598.4384,8/11/2026 8:59:34 PM
15,"2026 - SHF First Standard Allocation (Reducing Preventable Morbidity and Mortality through Integrated, Life-Saving Services and Protection-Centred Response in Sudan)",CBPF-SUD-26-S-INGO-39884,,,2026,2,International NGO,2,"Emergency Nutrition response in North Darfur, Sudan",8/6/2026 12:00:00 AM,8/5/2027 12:00:00 AM,12 Months,911081.4,851477.9,0,6/24/2026 9:38:55 PM,16540##27462##3289##18484,"4- Likely to contribute to gender equality, including across age groups",Implementation,5331,PRJ_IMPL_RPT,344366.9504,8/11/2026 9:01:10 PM
15,"2026 - SHF First Standard Allocation (Reducing Preventable Morbidity and Mortality through Integrated, Life-Saving Services and Protection-Centred Response in Sudan)",CBPF-SUD-26-S-INGO-39893,,,2026,2,International NGO,2,"LIFELINE-Sudan: Life-Saving Integrated Health, Nutrition and WASH Emergency Response in North Darfur, Blue Nile and Khartoum",8/10/2026 12:00:00 AM,8/9/2027 12:00:00 AM,12 Months,2900000,2710280,0,6/24/2026 6:49:57 PM,31717##38155##40586##39858,"4- Likely to contribute to gender equality, including across age groups",Implementation,5331,PRJ_IMPL_RPT,335679.5904,8/7/2026 3:20:42 PM
15,"2026 - SHF First Standard Allocation (Reducing Preventable Morbidity and Mortality through Integrated, Life-Saving Services and Protection-Centred Response in Sudan)",CBPF-SUD-26-S-INGO-39901,,,2026,2,International NGO,2,"Provision of Integrated Life-Saving Health Services Continuity, Nutrition, WASH, and Cholera Response Services with Embedded Protection Mainstreaming in South, East Darfur and West Kordofan",8/10/2026 12:00:00 AM,8/9/2027 12:00:00 AM,12 Months,5124500,4789253,0,6/24/2026 8:11:19 PM,270592##450409##262512##262775,"4- Likely to contribute to gender equality, including across age groups",Implementation,5331,PRJ_IMPL_RPT,327426.5984,8/11/2026 8:52:42 PM
15,"2026 - SHF First Standard Allocation (Reducing Preventable Morbidity and Mortality through Integrated, Life-Saving Services and Protection-Centred Response in Sudan)",CBPF-SUD-26-S-INGO-39913,,,2026,2,International NGO,2,Lifesaving Health and WASH Support for Vulnerable Conflict‑Affected People in North Kordofan,8/15/2026 12:00:00 AM,8/14/2027 12:00:00 AM,12 Months,724968.3,677540.5,0,6/24/2026 4:51:17 PM,15900##18550##7950##10600,"4- Likely to contribute to gender equality, including across age groups",Implementation,5331,PRJ_IMPL_RPT,330554.0480,8/11/2026 9:04:02 PM
15,"2026 - SHF First Standard Allocation (Reducing Preventable Morbidity and Mortality through Integrated, Life-Saving Services and Protection-Centred Response in Sudan)",CBPF-SUD-26-S-INGO-39964,,,2026,2,International NGO,2,"Integrated Primary Health Care, Nutrition, GBV, WASH, and Cholera Response in South and North Darfur",8/16/2026 12:00:00 AM,8/15/2027 12:00:00 AM,12 Months,1000000,934579.4,0,6/24/2026 3:19:15 PM,53763##60786##17676##18419,"4- Likely to contribute to gender equality, including across age groups",Implementation,5331,PRJ_IMPL_RPT,330119.6800,8/17/2026 10:29:11 PM
15,"2026 - SHF First Standard Allocation (Reducing Preventable Morbidity and Mortality through Integrated, Life-Saving Services and Protection-Centred Response in Sudan)",CBPF-SUD-26-S-INGO-39986,,,2026,2,International NGO,2,"Life-saving integrated health, nutrition and community-based protection response for conflict-affected, displaced and at-risk populations in Jebel Awlia and Karari localities, Khartoum State",8/9/2026 12:00:00 AM,8/8/2027 12:00:00 AM,12 Months,1000000,934579.4,0,6/24/2026 4:58:11 PM,4928##4741##4519##4335,"4- Likely to contribute to gender equality, including across age groups",Implementation,5331,PRJ_IMPL_RPT,356963.6224,8/11/2026 9:09:22 PM
15,"2026 - SHF First Standard Allocation (Reducing Preventable Morbidity and Mortality through Integrated, Life-Saving Services and Protection-Centred Response in Sudan)",CBPF-SUD-26-S-INGO-39993,,,2026,2,International NGO,2,"Integrated, life-saving Health, Nutrition and WASH services for conflict-affected populations in Lagawa and Alodyia localities in West Kordofan",8/15/2026 12:00:00 AM,8/14/2027 12:00:00 AM,12 Months,965000,901869.2,0,6/24/2026 9:24:36 PM,29319##36763##10269##10687,"4- Likely to contribute to gender equality, including across age groups",Implementation,5331,PRJ_IMPL_RPT,328729.7024,8/24/2026 1:42:38 PM
15,"2026 - SHF First Standard Allocation (Reducing Preventable Morbidity and Mortality through Integrated, Life-Saving Services and Protection-Centred Response in Sudan)",CBPF-SUD-26-S-INGO-39994,,,2026,2,International NGO,2,"Provision of Integrated Lifesaving Health, Nutrition and WASH Services for Internally Displaced Persons and Vulnerable Host Communities in Sudan",8/10/2026 12:00:00 AM,8/9/2027 12:00:00 AM,12 Months,1500000,1401869,0,6/24/2026 9:31:41 PM,47632##51601##55915##60575,"3- Likely to contribute to gender equality, but without attention to age groups",Implementation,5331,PRJ_IMPL_RPT,333160.2560,8/17/2026 10:50:10 PM
15,"2026 - SHF First Standard Allocation (Reducing Preventable Morbidity and Mortality through Integrated, Life-Saving Services and Protection-Centred Response in Sudan)",CBPF-SUD-26-S-NGO-39856,,,2026,2,National NGO,1,"Emergency WASH and Cholera Response for Conflict-Affected Populations in Kass (incl. Kalo Kitting) and As Salam localities, South Darfur",8/1/2026 12:00:00 AM,7/31/2027 12:00:00 AM,12 Months,1500000,1401869,0,6/24/2026 2:59:19 PM,22000##27400##20800##29800,"4- Likely to contribute to gender equality, including across age groups",Implementation,5331,PRJ_IMPL_RPT,344019.4560,8/7/2026 3:17:28 PM
15,"2026 - SHF First Standard Allocation (Reducing Preventable Morbidity and Mortality through Integrated, Life-Saving Services and Protection-Centred Response in Sudan)",CBPF-SUD-26-S-NGO-39892,,,2026,2,National NGO,1,"Integrated Life-Saving Health and WASH Response for Conflict-Affected and Displaced Populations in Tawila Locality, North Darfur",8/5/2026 12:00:00 AM,8/4/2027 12:00:00 AM,12 Months,1000000,934579.4,0,6/24/2026 2:46:26 AM,9300##13300##26700##40700,"4- Likely to contribute to gender equality, including across age groups",Implementation,5331,PRJ_IMPL_RPT,990098.4192,8/12/2026 1:27:00 PM
15,"2026 - SHF First Standard Allocation (Reducing Preventable Morbidity and Mortality through Integrated, Life-Saving Services and Protection-Centred Response in Sudan)",CBPF-SUD-26-S-NGO-39941,,,2026,2,National NGO,1,Provision of Integrated Life-Saving Primary Health Care and Nutrition Services to Conflict-Affected and Vulnerable Populations in Khartoum State.,8/1/2026 12:00:00 AM,7/31/2027 12:00:00 AM,12 Months,1000000,934579.4,0,6/24/2026 8:48:13 PM,24500##26500##27930##29070,2- Unlikely to contribute to gender equality (no gender equality measure but includes age consideration),Implementation,5331,PRJ_IMPL_RPT,327339.7248,8/19/2026 8:08:39 PM
15,"2026 - SHF First Standard Allocation (Reducing Preventable Morbidity and Mortality through Integrated, Life-Saving Services and Protection-Centred Response in Sudan)",CBPF-SUD-26-S-NGO-39945,,,2026,2,National NGO,1,Reducing morbidity and mortality among IDPs and host communities in Ad Dabah locality by providing lifesaving health services and preventing and controlling epidemics.,8/9/2026 12:00:00 AM,8/8/2027 12:00:00 AM,12 Months,879999.9,822429.8,0,6/24/2026 9:44:11 PM,14113##14688##9407##9792,"4- Likely to contribute to gender equality, including across age groups",Implementation,5331,PRJ_IMPL_RPT,393103.0400,8/15/2026 4:54:46 PM
15,"2026 - SHF First Standard Allocation (Reducing Preventable Morbidity and Mortality through Integrated, Life-Saving Services and Protection-Centred Response in Sudan)",CBPF-SUD-26-S-NGO-39962,,,2026,2,National NGO,1,Sustaining Life-Saving Health Services and Controlling Disease Outbreaks for the Affected Communities in Al Managil and Um Alqura  Localities in Al Jazira State.,8/10/2026 12:00:00 AM,8/9/2027 12:00:00 AM,12 Months,700100,654299.1,0,6/24/2026 8:11:00 PM,15548##17746##14881##15540,0- Does not systematically link programming actions,Implementation,5331,PRJ_IMPL_RPT,343671.9616,8/20/2026 12:47:39 PM
15,"2026 - SHF First Standard Allocation (Reducing Preventable Morbidity and Mortality through Integrated, Life-Saving Services and Protection-Centred Response in Sudan)",CBPF-SUD-26-S-NGO-39984,,,2026,2,National NGO,1,"Provide comprehensive Life-Saving WASH Intervention for affected people by conflict and Cholera in Localities of Jabel Awlia （Khartoum stat, Kosti, and Rabak (White Nile state）",8/1/2026 12:00:00 AM,7/31/2027 12:00:00 AM,12 Months,998693.6,951136.7,0,6/24/2026 6:38:53 PM,83850##72150##94510##74490,1- Unlikely to contribute to gender equality (no gender equality measure and no age consideration),Implementation,5331,PRJ_IMPL_RPT,343411.3408,8/7/2026 3:13:40 PM
15,"2026 - SHF First Standard Allocation (Reducing Preventable Morbidity and Mortality through Integrated, Life-Saving Services and Protection-Centred Response in Sudan)",CBPF-SUD-26-S-NGO-39987,,,2026,2,National NGO,1,Provision of Lifesaving Integrated Health and WASH Response for Vulnerable Populations in South and East Darfur States.,8/10/2026 12:00:00 AM,8/9/2027 12:00:00 AM,12 Months,669614.5,625807.9,0,6/24/2026 5:48:47 PM,88905##96020##85348##85348,"4- Likely to contribute to gender equality, including across age groups",Implementation,5331,PRJ_IMPL_RPT,990272.1664,8/11/2026 9:07:17 PM
15,"2026 - SHF First Standard Allocation (Reducing Preventable Morbidity and Mortality through Integrated, Life-Saving Services and Protection-Centred Response in Sudan)",CBPF-SUD-26-S-UN-39852,,,2026,2,UN Agency,3,Provision of Integrated Life-Saving Reproductive Health Supplies in Sudan's highest severity localities,8/15/2026 12:00:00 AM,8/14/2027 12:00:00 AM,12 Months,1799997,1682241,0,6/24/2026 8:34:58 PM,4938##59259##4940##29628,"4- Likely to contribute to gender equality, including across age groups",Implementation,5331,PRJ_IMPL_RPT,334723.9808,8/11/2026 8:57:40 PM
15,2026 - SHF Second Standard Allocation (Sustaining Core Pipelines and Enabling Services under the Sudan Humanitarian Fund),CBPF-SUD-26-S-UN-40958,,,2026,2,UN Agency,3,Strengthening Evidence-Based Humanitarian Response through the Displacement Tracking Matrix in Sudan,9/15/2026 12:00:00 AM,9/14/2027 12:00:00 AM,12 Months,3000000,2803738,0,8/21/2026 4:52:43 PM,1207##1159##0##0,"4- Likely to contribute to gender equality, including across age groups",Disbursement,5330,PRJ_DISBURSEMENT,330293.4272,10/5/2026 6:26:43 PM
15,2026 - SHF Second Standard Allocation (Sustaining Core Pipelines and Enabling Services under the Sudan Humanitarian Fund),CBPF-SUD-26-S-UN-40967,,,2026,2,UN Agency,3,Enabling safe humanitarian access: security services for front-line actors in hotspot locations,10/15/2026 12:00:00 AM,10/14/2027 12:00:00 AM,12 Months,999999.6,934579.1,0,8/22/2026 2:10:18 PM,2400##1600##0##0,1- Unlikely to contribute to gender equality (no gender equality measure and no age consideration),Implementation,5331,PRJ_IMPL_RPT,334550.2336,9/22/2026 6:27:10 PM
15,2026 - SHF Second Standard Allocation (Sustaining Core Pipelines and Enabling Services under the Sudan Humanitarian Fund),CBPF-SUD-26-S-UN-41008,,,2026,2,UN Agency,3,"Comprehensive Humanitarian Mine Action to Enable Humanitarian Operations, Safe Mobility, and Future Recovery",10/1/2026 12:00:00 AM,9/30/2027 12:00:00 AM,12 Months,2999998,2803736,0,8/21/2026 12:21:28 PM,54432##42372##26456##23040,"4- Likely to contribute to gender equality, including across age groups",Disbursement,5330,PRJ_DISBURSEMENT,335158.3488,10/2/2026 1:19:10 PM
15,2026 - SHF Second Standard Allocation (Sustaining Core Pipelines and Enabling Services under the Sudan Humanitarian Fund),CBPF-SUD-26-S-UN-41067,,,2026,2,UN Agency,3,Sustaining common enabling logistics and emergency telecommunications services,10/1/2026 12:00:00 AM,9/30/2027 12:00:00 AM,12 Months,2250000,2112676,0,8/23/2026 3:35:09 PM,0##1##0##0,"4- Likely to contribute to gender equality, including across age groups",Disbursement,5330,PRJ_DISBURSEMENT,335505.8432,10/2/2026 1:35:43 PM
17,2026 First Reserve Allocation,CBPF-CAR-26-R-INGO-39572,,,2026,1,INTERSOS,2,Suivi de la situation de protection et réponse  aux cas de violences basées sur le genre pour la population de Yalinga et de Markounda affectée par les conflits ,5/25/2026 12:00:00 AM,2/24/2027 12:00:00 AM,9 Months,500000,467289.7,0,4/19/2026 3:12:07 PM,2169##2349##1281##1661,"4- Likely to contribute to gender equality, including across age groups",Implementation,5667,PRJ_IMPL_RPT,335455.6194,5/26/2026 7:44:03 PM
17,2026 First Reserve Allocation,CBPF-CAR-26-R-INGO-39577,,,2026,1,Alliance for International Medical Action,2,Contribuer à apporter une assistance médicale et nutritionnelle d'urgence en faveur des populations déplacées et hôtes dans la zone sanitaire de Obo,6/1/2026 12:00:00 AM,1/31/2027 12:00:00 AM,8 Months,650000,607476.6,0,4/17/2026 3:12:54 PM,1055##4500##2929##3602,"4- Likely to contribute to gender equality, including across age groups",Implementation,5667,PRJ_IMPL_RPT,333806.3784,5/26/2026 7:40:01 PM
17,2026 First Reserve Allocation,CBPF-CAR-26-R-INGO-39580,,,2026,1,DanChurchAid,2,"Réponse intégrée en protection, action antimines et sécurité alimentaire pour les populations vulnérables en RCA",6/1/2026 12:00:00 AM,5/31/2027 12:00:00 AM,12 Months,781440,730317.8,0,4/19/2026 2:39:31 PM,5171##8168##5105##7116,"4- Likely to contribute to gender equality, including across age groups",Implementation,5667,PRJ_IMPL_RPT,343811.7738,5/26/2026 7:53:53 PM
17,2026 First Reserve Allocation,CBPF-CAR-26-R-INGO-39587,,,2026,1,OXFAM Intermón,2,Projet de Réponse d’Urgence en Sécurité Alimentaire (PRUSA),5/20/2026 12:00:00 AM,5/19/2027 12:00:00 AM,12 Months,800000,747663.6,0,4/18/2026 5:53:12 PM,3827##4146##3313##3589,"4- Likely to contribute to gender equality, including across age groups",Implementation,5667,PRJ_IMPL_RPT,338864.0508,5/18/2026 6:22:10 PM
17,2026 First Reserve Allocation,CBPF-CAR-26-R-INGO-39591,,,2026,1,Concern,2,Assistance alimentaire d’urgence pour les ménages vulnérables dans la sous-préfecture d'Alindao,6/15/2026 12:00:00 AM,3/14/2027 12:00:00 AM,9 Months,1000000,934579.4,0,4/19/2026 12:04:34 PM,1815##1370##1890##1425,"4- Likely to contribute to gender equality, including across age groups",Implementation,5667,PRJ_IMPL_RPT,339083.9496,6/10/2026 9:40:02 PM
17,2026 First Reserve Allocation,CBPF-CAR-26-R-INGO-39600,,,2026,1,Action de l'Homme pour la Vie,2,Assistance alimentaire aux populations vulnérables en phase d'urgence dans la sous-préfecture d’Alindao,5/25/2026 12:00:00 AM,1/24/2027 12:00:00 AM,8 Months,250000,233644.9,0,4/19/2026 12:44:14 PM,338##352##397##413,"4- Likely to contribute to gender equality, including across age groups",Implementation,5667,PRJ_IMPL_RPT,1225935.8100,5/21/2026 1:54:37 PM
17,2026 First Reserve Allocation,CBPF-CAR-26-R-INGO-39606,,,2026,1,Solidarités International,2,Réponse d’urgence à l’insécurité alimentaire et à la relance agricole des ménages à Markounda,5/25/2026 12:00:00 AM,5/24/2027 12:00:00 AM,12 Months,800000.4,747664,0,4/18/2026 1:36:42 PM,713##807##1567##1663,"3- Likely to contribute to gender equality, but without attention to age groups",Implementation,5667,PRJ_IMPL_RPT,335345.6700,5/21/2026 1:59:21 PM
17,2026 First Reserve Allocation,CBPF-CAR-26-R-INGO-39611,,,2026,1,World Vision International,2,Assistance alimentaire d’urgence pour les ménages en insécurité alimentaire sévère à Alindao,5/25/2026 12:00:00 AM,3/24/2027 12:00:00 AM,10 Months,750000,700934.6,0,4/17/2026 10:35:50 PM,1940##2185##428##447,"4- Likely to contribute to gender equality, including across age groups",Implementation,5667,PRJ_IMPL_RPT,333476.5302,5/26/2026 7:28:04 PM
17,2026 First Reserve Allocation,CBPF-CAR-26-R-NGO-39573,,,2026,1,JUPEDEC (United Youth for the Protection of the Environment and Community Development),1,"Réponse humanitaire intégrée en abris, NFI et protection pour les populations affectées à Mboki et Alindao",5/25/2026 12:00:00 AM,5/24/2027 12:00:00 AM,12 Months,329280,307738.3,0,4/17/2026 1:25:48 PM,1345##1455##1290##1410,"3- Likely to contribute to gender equality, but without attention to age groups",Implementation,5667,PRJ_IMPL_RPT,332377.0362,5/21/2026 1:56:52 PM
17,2026 First Reserve Allocation,CBPF-CAR-26-R-NGO-39590,,,2026,1,Association des Femmes pour la Promotion de l'Entreprenariat,1,Mécanisme d'appui intégré à l'amélioration de réponse aux besoins sévères de Violences Basées sur le genre (VBG) à Bocaranga.,5/25/2026 12:00:00 AM,5/24/2027 12:00:00 AM,12 Months,539280,504000,0,4/18/2026 10:04:52 PM,3439##5017##387##2867,"4- Likely to contribute to gender equality, including across age groups",Implementation,5667,PRJ_IMPL_RPT,333146.6820,5/21/2026 1:52:35 PM
17,2026 First Reserve Allocation,CBPF-CAR-26-R-NGO-39598,,,2026,1,Forces des Nations pour des Œuvres Humanitaires et Développement Durable,1,Assistance en CCCM sur les sites (PK3 et LR GOBOLO) dans la Sous-préfecture de Bria,5/20/2026 12:00:00 AM,11/19/2026 12:00:00 AM,6 Months,75000,70093.46,0,4/19/2026 4:48:31 PM,4823##5155##2993##3659,1- Unlikely to contribute to gender equality (no gender equality measure and no age consideration),Implementation,5667,PRJ_IMPL_RPT,1207904.1084,5/12/2026 8:05:02 PM
17,2026 First Reserve Allocation,CBPF-CAR-26-R-NGO-39599,,,2026,1,Organisation pour la Promotion des Initiatives de developpement Durable,1,Réponse d'urgence en protection générale des populations affectées par les chocs  dans la sous-préfecture de Bouca.,5/20/2026 12:00:00 AM,3/19/2027 12:00:00 AM,10 Months,250000,233644.9,0,4/17/2026 5:39:39 PM,925##1683##1130##1262,"4- Likely to contribute to gender equality, including across age groups",Implementation,5667,PRJ_IMPL_RPT,343591.8750,5/15/2026 3:45:10 PM
19,Reserve Allocation 4,CBPF-SSD-26-R-INGO-39799,,,2026,1,OXFAM GB,2,"Emergency Livelihoods support to food insecure and conflict-affected population in Jonglei, South Sudan.",6/23/2026 12:00:00 AM,3/22/2027 12:00:00 AM,9 Months,700000,654205.6,0,6/15/2026 10:55:50 AM,14492##17715##19623##18172,"4- Likely to contribute to gender equality, including across age groups",Implementation,5973,PRJ_IMPL_RPT,471560.7600,6/30/2026 1:33:36 PM
19,Reserve Allocation 4,CBPF-SSD-26-R-INGO-39815,,,2026,1,Catholic Organisation for Relief and Development Aid,2,"Integrated lifesaving Health, Nutrition. FSL and WASH responses to conflict affected and vulnerable populations in Abiemnhom County of Ruweng Administrative Area, South Sudan",7/1/2026 12:00:00 AM,3/31/2027 12:00:00 AM,9 Months,649993.8,607470.8,0,6/15/2026 4:18:02 PM,9181##9516##6574##7641,"4- Likely to contribute to gender equality, including across age groups",Implementation,5973,PRJ_IMPL_RPT,501695.0400,7/6/2026 4:09:27 PM
19,Reserve Allocation 4,CBPF-SSD-26-R-INGO-39828,,,2026,1,NORWEGIAN CHURCH AID,2,"WASH Response in Nasir, Upper Nile",6/23/2026 12:00:00 AM,3/22/2027 12:00:00 AM,9 Months,384999.9,359813,0,6/15/2026 8:19:54 AM,2910##4500##3590##4000,"4- Likely to contribute to gender equality, including across age groups",Implementation,5973,PRJ_IMPL_RPT,495993.9600,6/30/2026 1:40:38 PM
19,Provision of life-saving humanitarian assistance to people with urgent needs,CBPF-SSD-26-R-INGO-NSFT-39251,,,2026,1,NORWEGIAN CHURCH AID,2,Integrated response to Humanitarian crisis in South Sudan,4/1/2026 12:00:00 AM,9/30/2026 12:00:00 AM,6 Months,2181824,2039088,0,3/12/2026 7:35:16 PM,6084##7143##6615##6615,"4- Likely to contribute to gender equality, including across age groups",Reporting,6158,PRJ_UND_FINAL_RPT,495993.9600,3/26/2026 11:20:12 PM
19,Provision of life-saving humanitarian assistance to people with urgent needs,CBPF-SSD-26-R-INGO-NSFT-39252,,,2026,1,Solidarités International,2,Life-saving WASH assistance targeting vulnerable individuals affected by the crisis - Malakal and Renk,4/1/2026 12:00:00 AM,9/30/2026 12:00:00 AM,6 Months,1203032,1124329,0,3/12/2026 6:46:47 PM,12248##13417##15749##16919,"4- Likely to contribute to gender equality, including across age groups",Reporting,6158,PRJ_UND_FINAL_RPT,474547.0400,3/27/2026 1:34:24 AM
19,Provision of life-saving humanitarian assistance to people with urgent needs,CBPF-SSD-26-R-INGO-NSFT-39254,,,2026,1,International Medical Corps UK,2,"Provision of Integrated Life-Saving Health and Nutrition Services to Highly Vulnerable Populations (IDPs, Returnees, and Host Communities) in Canal Pigi, Fashoda and Malakal Counties, South Sudan. ",4/1/2026 12:00:00 AM,9/30/2026 12:00:00 AM,6 Months,1944647,1817427,0,3/12/2026 12:34:12 PM,11427##21130##23717##24997,"4- Likely to contribute to gender equality, including across age groups",Implementation,6158,PRJ_UND_FINAL_RPT,482284.2200,4/1/2026 10:09:43 PM
19,Provision of life-saving humanitarian assistance to people with urgent needs,CBPF-SSD-26-R-INGO-NSFT-39257,,,2026,1,Save the Children,2,Integrated Emergency Life-Saving Humanitarian Assistance to vulnerable communities in Abyei and Kapoeta East.,4/1/2026 12:00:00 AM,9/30/2026 12:00:00 AM,6 Months,1904305,1779724,0,3/12/2026 1:32:25 PM,5722##6228##8346##8346,"4- Likely to contribute to gender equality, including across age groups",Implementation,6158,PRJ_UND_FINAL_RPT,476447.4000,3/27/2026 1:50:49 AM
19,Provision of life-saving humanitarian assistance to people with urgent needs,CBPF-SSD-26-R-INGO-NSFT-39259,,,2026,1,Danish Refugee Council,2,"Life-Saving Protection and Emergency Shelter Response for Conflict-Affected Populations in Malakal, Fashoda and Abyei",3/23/2026 12:00:00 AM,9/22/2026 12:00:00 AM,6 Months,1786931,1670029,0,3/11/2026 8:29:01 PM,7310##8540##8507##8650,"4- Likely to contribute to gender equality, including across age groups",Implementation,6158,PRJ_UND_FINAL_RPT,472782.4200,3/25/2026 5:45:19 PM
19,Provision of life-saving humanitarian assistance to people with urgent needs,CBPF-SSD-26-R-INGO-NSFT-39260,,,2026,1,Norwegian Refugee Council,2,"Life-Saving WASH and Shelter Humanitarian Assistance for Populations with urgent needs in Aweil East County, NBEG  ",4/1/2026 12:00:00 AM,9/30/2026 12:00:00 AM,6 Months,1795769,1678289,0,3/9/2026 2:15:14 PM,13581##14761##15353##15353,"4- Likely to contribute to gender equality, including across age groups",Implementation,6158,PRJ_UND_FINAL_RPT,475768.7000,3/25/2026 5:48:02 PM
19,Provision of life-saving humanitarian assistance to people with urgent needs,CBPF-SSD-26-R-INGO-NSFT-39261,,,2026,1,World Relief,2,"Provision of Life-Saving Integrated WASH Assistance to Flood and Conflict-Affected Vulnerable Communities in Leer County, Unity State",4/1/2026 12:00:00 AM,9/30/2026 12:00:00 AM,6 Months,1082680,1011851,0,3/12/2026 8:07:55 PM,8630##9415##10199##10984,"4- Likely to contribute to gender equality, including across age groups",Implementation,6158,PRJ_UND_FINAL_RPT,476175.9200,3/26/2026 7:20:38 PM
19,Provision of life-saving humanitarian assistance to people with urgent needs,CBPF-SSD-26-R-INGO-NSFT-39265,,,2026,1,GOAL,2,Provision of life-saving humanitarian assistance to people with urgent needs in Twic County.   ,4/1/2026 12:00:00 AM,9/30/2026 12:00:00 AM,6 Months,2221493,2076162,0,3/12/2026 4:22:35 PM,6365##12165##19270##20875,"4- Likely to contribute to gender equality, including across age groups",Implementation,6158,PRJ_UND_FINAL_RPT,478890.7200,4/1/2026 9:50:09 PM
19,Provision of life-saving humanitarian assistance to people with urgent needs,CBPF-SSD-26-R-INGO-NSFT-39266,,,2026,1,For AFRIKA TO THRIVE,2,Provision of life-saving nutrition and WASH assistance to people with urgent needs in Pibor,4/1/2026 12:00:00 AM,9/30/2026 12:00:00 AM,6 Months,1212378,1133064,0,3/11/2026 5:49:57 PM,6468##11034##15123##15467,"4- Likely to contribute to gender equality, including across age groups",Implementation,6158,PRJ_UND_FINAL_RPT,487849.5600,3/25/2026 4:09:27 PM
19,Provision of life-saving humanitarian assistance to people with urgent needs,CBPF-SSD-26-R-INGO-NSFT-39267,,,2026,1,Relief International,2,"Lifesaving Health, Nutrition, and WASH Assistance for Crisis-Affected Populations in Renk and Maban, South Sudan",4/1/2026 12:00:00 AM,9/30/2026 12:00:00 AM,6 Months,2361715,2207211,0,3/12/2026 7:02:30 PM,17097##18787##5904##6221,"4- Likely to contribute to gender equality, including across age groups",Implementation,6158,PRJ_UND_FINAL_RPT,478212.0200,3/25/2026 5:46:37 PM
19,Provision of life-saving humanitarian assistance to people with urgent needs,CBPF-SSD-26-R-INGO-NSFT-39268,,,2026,1,"International Rescue Committee, Inc.",2,"Provision of life-saving Health, Nutrition, and Protection services to people with urgent needs in Aweil East and Pariang",4/1/2026 12:00:00 AM,9/30/2026 12:00:00 AM,6 Months,1990163,1859966,0,3/12/2026 9:13:37 AM,5618##37996##47230##50966,"4- Likely to contribute to gender equality, including across age groups",Implementation,6158,PRJ_UND_FINAL_RPT,472646.6800,3/30/2026 9:16:13 PM
19,Provision of life-saving humanitarian assistance to people with urgent needs,CBPF-SSD-26-R-INGO-NSFT-39271,,,2026,1,World Vision International,2,"Provision of Lifesaving emergency WASH services in Panyikang County, Upper Nile.",3/23/2026 12:00:00 AM,9/22/2026 12:00:00 AM,6 Months,1402033,1310311,0,3/12/2026 1:25:35 PM,10668##14731##12191##13208,"3- Likely to contribute to gender equality, but without attention to age groups",Implementation,6158,PRJ_UND_FINAL_RPT,544996.1000,3/25/2026 4:04:01 PM
19,Provision of life-saving humanitarian assistance to people with urgent needs,CBPF-SSD-26-R-INGO-NSFT-39279,,,2026,1,Concern Worldwide,2,"UNITY - Lifesaving Nutrition, Health, and WASH Support to Affected Populations",4/1/2026 12:00:00 AM,9/30/2026 12:00:00 AM,6 Months,1862677,1740820,0,3/12/2026 2:35:00 PM,6321##10676##9230##10873,"4- Likely to contribute to gender equality, including across age groups",Implementation,6158,PRJ_UND_FINAL_RPT,480926.8200,3/27/2026 3:17:28 PM
19,[SSHF US Award Tranche 2 Envelop 2] Sustaining critical services and expanding lifesaving assistance in South Sudan’s highest-severity locations,CBPF-SSD-26-R-INGO-NSFT-40286,,,2026,1,Save the Children,2,Sustaining lifesaving mobile health and Child Protection services for crisis-affected children and families in Abyei,10/1/2026 12:00:00 AM,3/31/2027 12:00:00 AM,6 Months,577500,539719.6,0,7/25/2026 4:00:02 PM,3034##3286##2333##2470,2- Unlikely to contribute to gender equality (no gender equality measure but includes age consideration),Implementation,5973,PRJ_IMPL_RPT,476447.4000,9/17/2026 7:16:04 PM
19,[SSHF US Award Tranche 2 Envelop 2] Sustaining critical services and expanding lifesaving assistance in South Sudan’s highest-severity locations,CBPF-SSD-26-R-INGO-NSFT-40303,,,2026,1,International Medical Corps UK,2,"Provision of Integrated Life-Saving Health and Nutrition Services to Highly Vulnerable Populations affected by current shocks in Canal-Pigi County, Jonglei state, South Sudan.",10/1/2026 12:00:00 AM,5/31/2027 12:00:00 AM,8 Months,900000,841121.5,0,7/24/2026 5:13:10 PM,1583##2340##2476##2600,"4- Likely to contribute to gender equality, including across age groups",Implementation,5973,PRJ_IMPL_RPT,482284.2200,9/9/2026 2:43:06 PM
19,[SSHF US Award Tranche 2 Envelop 2] Sustaining critical services and expanding lifesaving assistance in South Sudan’s highest-severity locations,CBPF-SSD-26-R-INGO-NSFT-40309,,,2026,1,For AFRIKA TO THRIVE,2,"Sustaining critical Nutrition services and expanding lifesaving assistance in Pibor, South Sudan",10/1/2026 12:00:00 AM,5/31/2027 12:00:00 AM,8 Months,450000,420560.8,0,7/24/2026 4:17:01 PM,315##4185##1739##1811,"4- Likely to contribute to gender equality, including across age groups",Implementation,5973,PRJ_IMPL_RPT,487849.5600,9/3/2026 4:15:11 PM
19,[SSHF US Award Tranche 2 Envelop 2] Sustaining critical services and expanding lifesaving assistance in South Sudan’s highest-severity locations,CBPF-SSD-26-R-INGO-NSFT-40314,,,2026,1,Relief International,2,"Continuation of Critical Lifesaving Health Services for Refugees, Returnees, IDPs, and Host Communities in Renk and Maban Counties, Upper Nile State",10/1/2026 12:00:00 AM,3/31/2027 12:00:00 AM,6 Months,1022500,955607.5,0,7/25/2026 5:42:05 PM,19082##20672##4770##5168,"4- Likely to contribute to gender equality, including across age groups",Implementation,5973,PRJ_IMPL_RPT,478212.0200,9/7/2026 2:25:23 PM
19,[SSHF US Award Tranche 2 Envelop 3] Sustaining critical services and expanding lifesaving assistance in South Sudan’s highest-severity locations,CBPF-SSD-26-R-INGO-NSFT-41261,,,2026,1,World Vision International,2,"Provision of Lifesaving emergency Protection, Health, WASH and Refugee Response Services in Renk, Tambura and Nagero",10/1/2026 12:00:00 AM,3/31/2027 12:00:00 AM,6 Months,1670000,1560748,0,9/6/2026 8:20:49 PM,7205##12427##8189##9090,"4- Likely to contribute to gender equality, including across age groups",Implementation,5973,PRJ_IMPL_RPT,544996.1000,10/1/2026 4:56:14 PM
19,[SSHF US Award Tranche 2 Envelop 3] Sustaining critical services and expanding lifesaving assistance in South Sudan’s highest-severity locations,CBPF-SSD-26-R-INGO-NSFT-41266,,,2026,1,Concern Worldwide,2,"Integrated Lifesaving WASH Assistance for Crisis-Affected Populations in Rubkona County, Unity State",10/1/2026 12:00:00 AM,6/30/2027 12:00:00 AM,9 Months,600000,560747.7,0,9/6/2026 1:57:51 PM,23465##26173##18953##21661,"4- Likely to contribute to gender equality, including across age groups",Implementation,5973,PRJ_IMPL_RPT,480926.8200,9/28/2026 2:44:29 PM
19,[SSHF US Award Tranche 2 Envelop 3] Sustaining critical services and expanding lifesaving assistance in South Sudan’s highest-severity locations,CBPF-SSD-26-R-INGO-NSFT-41280,,,2026,1,Agency for Technical Cooperation and Development,2,Integrated Emergency CCCM and Shelter/NFI Response for vulnerable populations in Renk County,10/1/2026 12:00:00 AM,5/31/2027 12:00:00 AM,8 Months,450000,420560.8,0,9/6/2026 6:11:24 AM,2846##3406##4283##4585,"4- Likely to contribute to gender equality, including across age groups",Disbursement,5972,PRJ_DISBURSEMENT,477126.1000,10/8/2026 7:53:56 PM
19,[SSHF US Award Tranche 2 Envelop 3] Sustaining critical services and expanding lifesaving assistance in South Sudan’s highest-severity locations,CBPF-SSD-26-R-INGO-NSFT-41281,,,2026,1,Solidarités International,2,"Providing life-saving WASH assistance to reduce waterborne disease and malnutrition among HCs, returnees, refugees and IDPs in Renk and Ulang Counties",10/1/2026 12:00:00 AM,8/31/2027 12:00:00 AM,11 Months,1450000,1355140,0,9/4/2026 4:53:12 PM,10831##11864##13926##14959,2- Unlikely to contribute to gender equality (no gender equality measure but includes age consideration),Implementation,5973,PRJ_IMPL_RPT,474547.0400,9/30/2026 5:02:14 PM
19,[SSHF US Award Tranche 2 Envelop 3] Sustaining critical services and expanding lifesaving assistance in South Sudan’s highest-severity locations,CBPF-SSD-26-R-INGO-NSFT-41288,,,2026,1,NORWEGIAN CHURCH AID,2,Area Based Integrated response to crisis in Luakpiny/Nasir,10/1/2026 12:00:00 AM,8/31/2027 12:00:00 AM,11 Months,1049994,981302.6,0,9/6/2026 4:51:19 PM,3600##5350##3650##3800,"4- Likely to contribute to gender equality, including across age groups",Implementation,5973,PRJ_IMPL_RPT,495993.9600,9/30/2026 4:57:15 PM
19,[SSHF US Award Tranche 2 Envelop 3] Sustaining critical services and expanding lifesaving assistance in South Sudan’s highest-severity locations,CBPF-SSD-26-R-INGO-NSFT-41302,,,2026,1,Catholic Medical Missons Board,2,"Integrated Rapid Emergency Assistance for Conflict-affected and Displaced Households and Communities in Nagero County, Western Equatoria State, South Sudan (REACH-Nagero)",9/30/2026 12:00:00 AM,3/29/2027 12:00:00 AM,6 Months,1000000,934579.4,0,9/6/2026 2:38:43 PM,15898##17210##3732##4044,1- Unlikely to contribute to gender equality (no gender equality measure and no age consideration),Implementation,5973,PRJ_IMPL_RPT,481877.0000,9/30/2026 5:39:37 PM
19,[SSHF US Award Tranche 2 Envelop 3] Sustaining critical services and expanding lifesaving assistance in South Sudan’s highest-severity locations,CBPF-SSD-26-R-INGO-NSFT-41304,,,2026,1,Norwegian Refugee Council,2,"Provision of life-saving humanitarian assistance to people with urgent needs in Duk, Rubkona, Nyirol, Ulang and Uror Counties.",10/1/2026 12:00:00 AM,3/31/2027 12:00:00 AM,6 Months,2850000,2663552,0,9/5/2026 2:43:11 PM,7287##13425##11763##13690,"4- Likely to contribute to gender equality, including across age groups",Implementation,5973,PRJ_IMPL_RPT,475768.7000,9/30/2026 1:07:49 PM
19,[SSHF US Award Tranche 2 Envelop 3] Sustaining critical services and expanding lifesaving assistance in South Sudan’s highest-severity locations,CBPF-SSD-26-R-INGO-NSFT-41309,,,2026,1,Christian Mission Aid,2,"Increasing access and utilization of integrated emergency health and nutrition response to crisis-affected populations in Nyirol County, Jonglei State",10/1/2026 12:00:00 AM,5/31/2027 12:00:00 AM,8 Months,1240000,1158879,0,9/6/2026 1:32:30 PM,3413##7609##7740##8284,"4- Likely to contribute to gender equality, including across age groups",Implementation,5973,PRJ_IMPL_RPT,476583.1400,9/23/2026 3:23:55 PM
19,[SSHF US Award Tranche 2 Envelop 3] Sustaining critical services and expanding lifesaving assistance in South Sudan’s highest-severity locations,CBPF-SSD-26-R-INGO-NSFT-41316,,,2026,1,GOAL,2,Provision of Integrated Life-Saving Health and Nutrition Services for Crisis-Affected Populations in Renk and Ulang Counties.,10/1/2026 12:00:00 AM,5/31/2027 12:00:00 AM,8 Months,560000,523364.5,0,9/4/2026 5:20:45 PM,2227##5009##6029##6495,"4- Likely to contribute to gender equality, including across age groups",Implementation,5973,PRJ_IMPL_RPT,478890.7200,10/1/2026 4:47:22 PM
19,[SSHF US Award Tranche 2 Envelop 3] Sustaining critical services and expanding lifesaving assistance in South Sudan’s highest-severity locations,CBPF-SSD-26-R-INGO-NSFT-41328,,,2026,1,The Lutheran World Federation,2,"Integrated Life-Saving WASH and Protection Response for Crise-Affected Communities in Duk County, Jonglei State",10/1/2026 12:00:00 AM,3/31/2027 12:00:00 AM,6 Months,689570.1,644458,0,9/1/2026 10:00:46 AM,5002##7944##6767##9708,"4- Likely to contribute to gender equality, including across age groups",Implementation,5973,PRJ_IMPL_RPT,544588.8800,9/28/2026 10:51:37 PM
19,[SSHF US Award Tranche 2 Envelop 3] Sustaining critical services and expanding lifesaving assistance in South Sudan’s highest-severity locations,CBPF-SSD-26-R-INGO-NSFT-41336,,,2026,1,Danish Refugee Council,2,"Life-Saving Protection, Shelter, and Mine Action Assistance for Affected Communities in Ayod and Priority Counties of Jonglei State.",10/1/2026 12:00:00 AM,5/31/2027 12:00:00 AM,8 Months,1850000,1728972,0,9/4/2026 4:53:50 PM,3709##3894##4926##6056,"4- Likely to contribute to gender equality, including across age groups",Implementation,5973,PRJ_IMPL_RPT,472782.4200,9/30/2026 1:06:08 PM
19,Reserve Allocation 1,CBPF-SSD-26-R-NGO-39530,,,2026,1,HealthCare Foundation Organization,1,"Life-Saving Emergency Health Response to conflict affected population of 50,000 people in Uror and Nyirol Counties, Jonglei State",4/7/2026 12:00:00 AM,1/6/2027 12:00:00 AM,9 Months,300000,280373.8,0,3/31/2026 1:12:30 PM,7500##12500##13500##16500,"4- Likely to contribute to gender equality, including across age groups",Implementation,5973,PRJ_IMPL_RPT,507396.1200,4/20/2026 3:03:28 PM
19,Reserve Allocation 1,CBPF-SSD-26-R-NGO-39531,,,2026,1,Christian Mission for Development,1,Integrated Lifesaving WASH and Nutrition Respond to Conflict Affected IDPs and Host Communities in Nyirol and Uror Counties,4/12/2026 12:00:00 AM,10/31/2026 12:00:00 AM,6 Months 20 Days,450000,420560.8,0,3/31/2026 7:25:01 PM,11524##15036##12501##13439,"4- Likely to contribute to gender equality, including across age groups",Implementation,5973,PRJ_IMPL_RPT,483505.8800,4/20/2026 5:37:23 PM
19,Reserve Allocation 1,CBPF-SSD-26-R-NGO-39533,,,2026,1,John Dau Foundation,1,"Emergency Nutrition Response for Vulnerable Populations in Uror County, Jonglei State",4/15/2026 12:00:00 AM,10/14/2026 12:00:00 AM,6 Months,150000,140186.9,0,3/30/2026 7:48:35 PM,500##7127##12335##17538,"4- Likely to contribute to gender equality, including across age groups",Implementation,5973,PRJ_IMPL_RPT,482148.4800,4/20/2026 5:38:32 PM
19,Reserve Allocation 1,CBPF-SSD-26-R-NGO-39534,,,2026,1,Humanitarian and Development Consortium,1,"Integrated life-saving protection assistance to the conflict-displaced population in Akobo, Nyirol, and Uror counties in Jonglei State",4/7/2026 12:00:00 AM,11/6/2026 12:00:00 AM,7 Months,600000,560747.7,0,3/31/2026 1:14:24 PM,2250##8250##2250##2250,"4- Likely to contribute to gender equality, including across age groups",Implementation,5973,PRJ_IMPL_RPT,494093.6000,4/22/2026 6:50:04 PM
19,Reserve Allocation 4,CBPF-SSD-26-R-NGO-39793,,,2026,1,John Dau Foundation,1,Integrated Emergency Nutrition Scale-up Response in Uror County ,6/24/2026 12:00:00 AM,12/23/2026 12:00:00 AM,6 Months,950000,887850.5,0,6/14/2026 3:55:07 PM,810##8940##9780##10870,"4- Likely to contribute to gender equality, including across age groups",Implementation,5973,PRJ_IMPL_RPT,482148.4800,6/30/2026 1:26:23 PM
19,Reserve Allocation 4,CBPF-SSD-26-R-NGO-39794,,,2026,1,John Dau Foundation,1,"Emergency Scale-Up of Integrated Nutrition Services in High-Severity Areas of Thol Payam, Nyirol County",6/25/2026 12:00:00 AM,12/24/2026 12:00:00 AM,6 Months,300000,280373.8,0,6/14/2026 3:56:44 PM,270##2980##3060##3290,"4- Likely to contribute to gender equality, including across age groups",Implementation,5973,PRJ_IMPL_RPT,482148.4800,6/30/2026 1:31:58 PM
19,Reserve Allocation 4,CBPF-SSD-26-R-NGO-39795,,,2026,1,MEDICAIR,1,"Emergency Food Security and Livelihood Recovery Support for Severe Food-Insecure Communities at Risk of Famine in Luakpiny/Nasir County, South Sudan",6/23/2026 12:00:00 AM,3/31/2027 12:00:00 AM,9 Months 9 Days,265000,247663.5,0,6/14/2026 6:15:52 PM,3140##4060##1950##2850,"4- Likely to contribute to gender equality, including across age groups",Implementation,5973,PRJ_IMPL_RPT,546082.0200,6/30/2026 1:35:02 PM
19,Reserve Allocation 4,CBPF-SSD-26-R-NGO-39796,,,2026,1,Christian Mission for Development,1,"Provision of Integrated Lifesaving Health, WASH &amp; Nutrition Interventions in Nyirol County- Jonglei State",7/1/2026 12:00:00 AM,7/14/2027 12:00:00 AM,12 Months 14 Days,1175000,1098131,0,6/15/2026 6:51:21 PM,9387##17915##11404##12364,"4- Likely to contribute to gender equality, including across age groups",Implementation,5973,PRJ_IMPL_RPT,483505.8800,7/2/2026 2:43:11 PM
19,Reserve Allocation 4,CBPF-SSD-26-R-NGO-39797,,,2026,1,HealthCare Foundation Organization,1,"Strengthening Access to Life-Saving Health, Nutrition, and WASH Services for Conflict-Affected and Vulnerable Populations in Ulang and SC support in Akoka Counties.",6/25/2026 12:00:00 AM,7/4/2027 12:00:00 AM,12 Months 10 Days,1390000,1299065,0,6/15/2026 2:57:55 PM,7200##12000##12960##15840,"4- Likely to contribute to gender equality, including across age groups",Implementation,5973,PRJ_IMPL_RPT,507396.1200,7/2/2026 2:40:45 PM
19,Reserve Allocation 4,CBPF-SSD-26-R-NGO-39798,,,2026,1,HealthCare Foundation Organization,1,"Strengthening Access to Life-Saving Health and Nutrition, Services for Conflict-Affected and Vulnerable Populations in Nasir County",6/25/2026 12:00:00 AM,7/4/2027 12:00:00 AM,12 Months 10 Days,1460000,1364486,0,6/15/2026 2:58:48 PM,7800##13000##14040##17160,"4- Likely to contribute to gender equality, including across age groups",Implementation,5973,PRJ_IMPL_RPT,507396.1200,6/30/2026 1:29:51 PM
19,Reserve Allocation 4,CBPF-SSD-26-R-NGO-39926,,,2026,1,Christian Mission for Development,1,Provision of Integrated Lifesaving Health and WASH Interventions in Uror County - Jonglei State,7/1/2026 12:00:00 AM,1/31/2027 12:00:00 AM,7 Months,800000,747663.6,0,6/24/2026 7:41:01 AM,6538##7456##6124##6512,"4- Likely to contribute to gender equality, including across age groups",Implementation,5973,PRJ_IMPL_RPT,483505.8800,7/2/2026 2:42:05 PM
19,Provision of life-saving humanitarian assistance to people with urgent needs,CBPF-SSD-26-R-NGO-NSFT-39246,,,2026,1,Coalition for Humanity,1,"Provision of Rapid Integrated Frontline Health Services in Mayendit, Protection and Shelter/NFI Assistance to Crisis Affected Populations in Leer and Fangak Counties, South Sudan",4/1/2026 12:00:00 AM,9/30/2026 12:00:00 AM,6 Months,2130641,1991253,0,3/11/2026 6:59:05 PM,4273##9946##7093##7093,"4- Likely to contribute to gender equality, including across age groups",Implementation,6158,PRJ_UND_FINAL_RPT,506038.7200,3/25/2026 4:02:45 PM
19,Provision of life-saving humanitarian assistance to people with urgent needs,CBPF-SSD-26-R-NGO-NSFT-39262,,,2026,1,HealthCare Foundation Organization,1,"Provision of life saving with Health, Nutrition, S/NFI and WASH services to people with urgent needs in Fangak County Jonglei state &amp; Fashoda County Upper Nile State South Sudan.",4/1/2026 12:00:00 AM,9/30/2026 12:00:00 AM,6 Months,2534404,2368602,0,3/11/2026 8:07:15 PM,11250##18750##20250##24749,2- Unlikely to contribute to gender equality (no gender equality measure but includes age consideration),Implementation,6158,PRJ_UND_FINAL_RPT,507396.1200,3/25/2026 5:44:03 PM
19,Provision of life-saving humanitarian assistance to people with urgent needs,CBPF-SSD-26-R-NGO-NSFT-39292,,,2026,1,WOMEN AGENCY FOR RESILENCE &TRANSFORMATION,1,"Provision of live saving protection and WASH services to vulnerable and affected population in Canal Pigi, Mayardit, Panyikang and Panyijiar Counties.",4/1/2026 12:00:00 AM,9/30/2026 12:00:00 AM,6 Months,1365448,1276120,0,3/11/2026 7:54:12 PM,7346##9230##7642##8081,"4- Likely to contribute to gender equality, including across age groups",Implementation,6158,PRJ_UND_FINAL_RPT,1508342.8800,3/25/2026 4:05:27 PM
19,[SSHF US Award Tranche 2 Envelop 2] Sustaining critical services and expanding lifesaving assistance in South Sudan’s highest-severity locations,CBPF-SSD-26-R-NGO-NSFT-40279,,,2026,1,HealthCare Foundation Organization,1,"Sustaining Integrated Life-Saving Health and Nutrition Services through Static Health Facilities and Mobile Clinics for Vulnerable Communities in Fangak County, Jonglei State, South Sudan",10/1/2026 12:00:00 AM,5/31/2027 12:00:00 AM,8 Months,650000,607476.6,0,7/25/2026 7:02:11 PM,975##1625##1755##2145,"4- Likely to contribute to gender equality, including across age groups",Implementation,5973,PRJ_IMPL_RPT,507396.1200,9/1/2026 1:41:37 PM
19,[SSHF US Award Tranche 2 Envelop 2] Sustaining critical services and expanding lifesaving assistance in South Sudan’s highest-severity locations,CBPF-SSD-26-R-NGO-NSFT-40280,,,2026,1,WOMEN AGENCY FOR RESILENCE &TRANSFORMATION,1,Provision of lifesaving protection services to vulnerable and affected populations in Canal Pigi County,10/1/2026 12:00:00 AM,3/31/2027 12:00:00 AM,6 Months,749998.9,700933.6,0,7/24/2026 9:27:38 AM,1125##2475##1650##2250,"4- Likely to contribute to gender equality, including across age groups",Implementation,5973,PRJ_IMPL_RPT,1508342.8800,9/1/2026 1:40:26 PM
19,[SSHF US Award Tranche 2 Envelop 2] Sustaining critical services and expanding lifesaving assistance in South Sudan’s highest-severity locations,CBPF-SSD-26-R-NGO-NSFT-40289,,,2026,1,Coalition for Humanity,1,"Sustaining Provision of Life-Saving Gender-Based Violence and Child Protection Services for Conflict-, Flood-, and Displacement-Affected Populations in Fangak County, Jonglei State, South Sudan",10/1/2026 12:00:00 AM,5/31/2027 12:00:00 AM,8 Months,649999.9,607476.6,0,7/24/2026 8:42:05 PM,0##3000##800##2700,"4- Likely to contribute to gender equality, including across age groups",Implementation,5973,PRJ_IMPL_RPT,506038.7200,9/1/2026 1:38:57 PM
19,[SSHF US Award Tranche 2 Envelop 3] Sustaining critical services and expanding lifesaving assistance in South Sudan’s highest-severity locations,CBPF-SSD-26-R-NGO-NSFT-40908,,,2026,1,Christian Mission for Development,1,Provision of Expanded Lifesaving Nutrition Services to Vulnerable Communities in Ayod County- Jonglei State,10/1/2026 12:00:00 AM,6/30/2027 12:00:00 AM,9 Months,790000,738317.8,0,9/2/2026 2:39:06 PM,562##5565##3891##4065,1- Unlikely to contribute to gender equality (no gender equality measure and no age consideration),Implementation,5973,PRJ_IMPL_RPT,483505.8800,9/22/2026 3:08:56 PM
19,[SSHF US Award Tranche 2 Envelop 3] Sustaining critical services and expanding lifesaving assistance in South Sudan’s highest-severity locations,CBPF-SSD-26-R-NGO-NSFT-41265,,,2026,1,Community Aid for Relief and Developemnt,1,"Sustaining and Scaling Up Life-saving WASH Assistance for 4,875 Conflict-Affected and Displaced Populations in Tambura County-Western Equatoria State",10/1/2026 12:00:00 AM,5/31/2027 12:00:00 AM,8 Months,400000,373831.8,0,9/5/2026 8:58:37 AM,828##927##1560##1560,"4- Likely to contribute to gender equality, including across age groups",Implementation,5973,PRJ_IMPL_RPT,493550.6400,9/22/2026 3:07:37 PM
19,[SSHF US Award Tranche 2 Envelop 3] Sustaining critical services and expanding lifesaving assistance in South Sudan’s highest-severity locations,CBPF-SSD-26-R-NGO-NSFT-41300,,,2026,1,REACH AFRICA ORGANIZATION,1,"Sustaining Lifesaving Protection Services and Providing Emergency Shelter/NFI Assistance to Conflict-Displaced and Vulnerable Populations in Duk and Uror Counties, Jonglei State",10/1/2026 12:00:00 AM,3/31/2027 12:00:00 AM,6 Months,1100000,1028037,0,9/4/2026 3:15:42 PM,6293##11008##4717##9439,"4- Likely to contribute to gender equality, including across age groups",Implementation,5973,PRJ_IMPL_RPT,1540106.0400,9/22/2026 3:03:04 PM
19,[SSHF US Award Tranche 2 Envelop 3] Sustaining critical services and expanding lifesaving assistance in South Sudan’s highest-severity locations,CBPF-SSD-26-R-NGO-NSFT-41310,,,2026,1,Coalition for Humanity,1,"Provision of Lifesaving Shelter and Non-Food Items (SNFI) Assistance to Vulnerable Communities in Rubkona County, Unity State, South Sudan",10/1/2026 12:00:00 AM,3/31/2027 12:00:00 AM,6 Months,549999.9,514018.6,0,9/1/2026 6:42:07 PM,2100##2100##4200##4200,"4- Likely to contribute to gender equality, including across age groups",Implementation,5973,PRJ_IMPL_RPT,506038.7200,9/23/2026 3:22:55 PM
19,[SSHF US Award Tranche 2 Envelop 3] Sustaining critical services and expanding lifesaving assistance in South Sudan’s highest-severity locations,CBPF-SSD-26-R-NGO-NSFT-41311,,,2026,1,John Dau Foundation,1,Sustaining Critical Services and Expanding Lifesaving Health and Nutrition Assistance in High-Severity Areas of Uror and Duk Counties,10/1/2026 12:00:00 AM,8/31/2027 12:00:00 AM,11 Months,2020000,1887851,0,9/5/2026 6:35:41 PM,4557##17416##11749##14526,"4- Likely to contribute to gender equality, including across age groups",Implementation,5973,PRJ_IMPL_RPT,482148.4800,9/24/2026 5:07:24 PM
19,[SSHF US Award Tranche 2 Envelop 3] Sustaining critical services and expanding lifesaving assistance in South Sudan’s highest-severity locations,CBPF-SSD-26-R-NGO-NSFT-41314,,,2026,1,WOMEN AGENCY FOR RESILENCE &TRANSFORMATION,1,"Provision of integrated Health, WASH and Protection services to affected populations in Ayod, Nyirol and Ulang Counties, South Sudan",10/1/2026 12:00:00 AM,3/31/2027 12:00:00 AM,6 Months,1779999,1663551,0,9/5/2026 1:31:16 PM,5788##7550##5537##6291,"4- Likely to contribute to gender equality, including across age groups",Implementation,5973,PRJ_IMPL_RPT,1508342.8800,9/28/2026 10:50:19 PM
19,[SSHF US Award Tranche 2 Envelop 3] Sustaining critical services and expanding lifesaving assistance in South Sudan’s highest-severity locations,CBPF-SSD-26-R-NGO-NSFT-41385,,,2026,1,MEDICAIR,1,Integrated lifesaving and sustained critical health and nutrition services in Rubkona County,10/1/2026 12:00:00 AM,8/31/2027 12:00:00 AM,11 Months,990000,925233.6,0,9/6/2026 6:44:47 PM,3585##6324##5480##5691,"4- Likely to contribute to gender equality, including across age groups",Implementation,5973,PRJ_IMPL_RPT,546082.0200,9/22/2026 3:05:26 PM
19,Reserve Allocation 3,CBPF-SSD-26-R-UN-39544,,,2026,1,World Health Organization,3,Provision of life-saving humanitarian assistance to people with urgent needs,4/15/2026 12:00:00 AM,10/14/2026 12:00:00 AM,6 Months,2999957,2803698,0,3/31/2026 9:44:54 AM,54465##57283##53620##59815,2- Unlikely to contribute to gender equality (no gender equality measure but includes age consideration),Implementation,5973,PRJ_IMPL_RPT,469796.1400,4/22/2026 6:47:56 PM
19,Reserve Allocation 3,CBPF-SSD-26-R-UN-39547,,,2026,1,United Nations Population Fund,3,"Ensuring Continuity of Life-saving Maternal, Sexual and Reproductive Health Services through Core Pipeline Support in Priority Counties of South Sudan",4/16/2026 12:00:00 AM,10/15/2026 12:00:00 AM,6 Months,1000000,934579.4,0,3/31/2026 8:13:33 PM,9973##31164##4986##16205,"4- Likely to contribute to gender equality, including across age groups",Implementation,5973,PRJ_IMPL_RPT,470610.5800,4/22/2026 6:44:34 PM
19,Provision of life-saving humanitarian assistance to people with urgent needs,CBPF-SSD-26-R-UN-NSFT-39248,,,2026,1,World Food Programme,3,"Life-Saving Food, Nutrition, and Logistics Assistance for Conflict-Affected Communities in Upper Nile, Jonglei, and Unity",4/1/2026 12:00:00 AM,9/30/2026 12:00:00 AM,6 Months,3.270294E+07,3.070699E+07,0,3/12/2026 6:31:53 PM,47886##76462##134729##153687,"4- Likely to contribute to gender equality, including across age groups",Implementation,6158,PRJ_UND_FINAL_RPT,470339.1000,3/26/2026 6:48:56 PM
19,Provision of life-saving humanitarian assistance to people with urgent needs,CBPF-SSD-26-R-UN-NSFT-39255,,,2026,1,United Nations Children's Fund,3,Provision of life-saving humanitarian assistance to people with urgent needs,4/1/2026 12:00:00 AM,9/30/2026 12:00:00 AM,6 Months,1.098355E+07,1.0265E+07,0,3/12/2026 5:17:29 PM,15067##36354##342031##374374,"4- Likely to contribute to gender equality, including across age groups",Implementation,6158,PRJ_UND_FINAL_RPT,470067.6200,4/9/2026 9:44:52 AM
19,Provision of life-saving humanitarian assistance to people with urgent needs,CBPF-SSD-26-R-UN-NSFT-39256,,,2026,1,International Organization for Migration,3,Integrated Multisectoral Humanitarian Response for Vulnerable Populations,4/1/2026 12:00:00 AM,9/30/2026 12:00:00 AM,6 Months,1.150175E+07,1.07493E+07,0,3/12/2026 1:43:59 PM,127537##138848##144977##157608,0- Does not systematically link programming actions,Reporting,6158,PRJ_UND_FINAL_RPT,470203.3600,4/2/2026 4:12:36 PM
19,Provision of life-saving humanitarian assistance to people with urgent needs,CBPF-SSD-26-R-UN-NSFT-39300,,,2026,1,United Nations High Commissioner for Refugees,3,Provision of life saving assistance to forcibly displaced persons in South Sudan,4/1/2026 12:00:00 AM,9/30/2026 12:00:00 AM,6 Months,1.20595E+07,1.132348E+07,0,3/12/2026 9:27:19 PM,32629##56774##32875##39930,"4- Likely to contribute to gender equality, including across age groups",Implementation,6158,PRJ_UND_FINAL_RPT,469660.4000,3/31/2026 12:27:58 PM
19,Provision of life-saving humanitarian assistance to people with urgent needs,CBPF-SSD-26-R-UN-NSFT-39320,,,2026,1,United Nations Office for Project Services,3,Emergency Mine Action Response in Jonglei and Adjacent States,4/1/2026 12:00:00 AM,9/30/2026 12:00:00 AM,6 Months,972000,908411.2,0,3/12/2026 4:07:03 PM,3940##4127##6378##5306,"4- Likely to contribute to gender equality, including across age groups",Implementation,6158,PRJ_UND_FINAL_RPT,475225.7400,4/4/2026 3:31:17 PM
19,[SSHF US Award Tranche 2 Envelop 1] Sustaining critical services and expanding lifesaving assistance in South Sudan’s highest-severity locations,CBPF-SSD-26-R-UN-NSFT-40299,,,2026,1,World Food Programme,3,"Life-Saving Food, Nutrition, and Logistics Assistance for Conflict-Affected Communities in Upper Nile, Jonglei, and Unity",9/1/2026 12:00:00 AM,5/31/2027 12:00:00 AM,9 Months,1.135E+07,1.060748E+07,0,7/23/2026 9:03:21 AM,30712##58566##85459##97578,"4- Likely to contribute to gender equality, including across age groups",Implementation,5973,PRJ_IMPL_RPT,470339.1000,9/21/2026 4:06:35 PM
21,Famine Prevention in Burhakaba,CBPF-SOM-26-R-INGO-39803,,,2026,1,SOS Children’s Villages Somalia,2,"Scaling Up Integrated Lifesaving Health, Nutrition, and Protection Assistance for Famine Response in Hard-to-Reach Rural Communities of Burhakaba District, Bay Region, Somalia",6/22/2026 12:00:00 AM,1/21/2027 12:00:00 AM,7 Months,400000,373831.8,0,6/7/2026 7:49:53 PM,30960##33150##21266##28890,"4- Likely to contribute to gender equality, including across age groups",Implementation,156,PRJ_IMPL_RPT,68127.7464,6/25/2026 3:48:58 PM
21,Famine Prevention in Burhakaba,CBPF-SOM-26-R-INGO-39812,,,2026,1,Medair,2,"Scaling Up Life-Saving Health, Nutrition, and Protection Services for Famine Prevention Among Drought-Affected Rural Communities in Burhakaba",6/23/2026 12:00:00 AM,12/22/2026 12:00:00 AM,6 Months,380000,355140.2,0,6/7/2026 3:23:39 PM,648##2376##1005##1138,"4- Likely to contribute to gender equality, including across age groups",Implementation,156,PRJ_IMPL_RPT,66105.6900,6/29/2026 4:54:10 PM
21,Famine Prevention in Burhakaba,CBPF-SOM-26-R-NGO-39804,,,2026,1,Somali Relief and Development Society,1,"Provision of Life-Saving Food Assistance for at risk of famine affected populations in Burhakaba District, Bay Region",7/1/2026 12:00:00 AM,12/31/2026 12:00:00 AM,6 Months,398810.4,372720,0,6/6/2026 9:30:37 AM,1320##1650##1782##1848,"4- Likely to contribute to gender equality, including across age groups",Implementation,156,PRJ_IMPL_RPT,15865.3656,6/25/2026 3:47:18 PM
21,Famine Prevention in Burhakaba,CBPF-SOM-26-R-NGO-39806,,,2026,1,WARDI Relief and Development Initiatives,1,Emergency Food Distribution to Address Acute Food Insecurity among Vulnerable Households in Burhakaba District,6/21/2026 12:00:00 AM,12/20/2026 12:00:00 AM,6 Months,319920.8,298991.4,0,6/7/2026 3:32:40 PM,650##896##1816##1816,"4- Likely to contribute to gender equality, including across age groups",Implementation,156,PRJ_IMPL_RPT,8321.5398,6/23/2026 6:36:41 PM
21,Famine Prevention in Burhakaba,CBPF-SOM-26-R-NGO-39810,,,2026,1,Golweyne Relief and Rehabilitation NGO,1,Life-Saving WASH Response to Combat Drought-Related Famine in Burhakaba,6/20/2026 12:00:00 AM,6/19/2027 12:00:00 AM,12 Months,500000,467289.7,0,6/6/2026 8:00:22 PM,3750##4500##3380##3370,1- Unlikely to contribute to gender equality (no gender equality measure and no age consideration),Implementation,156,PRJ_IMPL_RPT,27064.4472,6/23/2026 6:40:17 PM
21,Standard Allocation 1 2026,CBPF-SOM-26-S-INGO-40369,,,2026,2,Danish Refugee Council,2,Integrated WASH and Protection Response for Drought- and Conflict-Affected Communities in Ceel Buur District.,10/11/2026 12:00:00 AM,10/10/2027 12:00:00 AM,12 Months,750000,700934.6,0,7/30/2026 5:02:17 AM,9100##11200##7000##7700,"4- Likely to contribute to gender equality, including across age groups",Disbursement,125,PRJ_DISBURSEMENT,388.8570,10/9/2026 4:00:27 PM
21,Standard Allocation 1 2026,CBPF-SOM-26-S-INGO-40407,,,2026,2,Agency for Technical Cooperation and Development,2,Integrated Emergency WASH Response for Flood-Affected Populations in Qansax Dheere District,9/15/2026 12:00:00 AM,5/14/2027 12:00:00 AM,8 Months,636801,595141.1,0,7/30/2026 8:01:00 AM,4560##4940##3800##5700,"4- Likely to contribute to gender equality, including across age groups",Disbursement,125,PRJ_DISBURSEMENT,11743.4814,10/8/2026 3:47:10 PM
21,Standard Allocation 1 2026,CBPF-SOM-26-S-INGO-40585,,,2026,2,Danish Refugee Council,2,Integrated Protection and MPCA Response for Drought- and Conflict-Affected Communities in Qansax Dheere District,9/15/2026 12:00:00 AM,3/14/2027 12:00:00 AM,6 Months,407300,380654.2,0,7/30/2026 8:11:40 AM,7605##9360##5850##6435,"4- Likely to contribute to gender equality, including across age groups",Disbursement,125,PRJ_DISBURSEMENT,388.8570,9/30/2026 3:59:24 PM
21,Standard Allocation 1 2026,CBPF-SOM-26-S-NGO-40354,,,2026,2,Action Sustainability Improvement Programs,1,"Immediate Life-Saving Assistance Through UCT and Agricultural-Inputs for the Most Vulneralbe Affected and Displaced Communities in Sablaale District, Lower Shabelle Region",9/15/2026 12:00:00 AM,3/14/2027 12:00:00 AM,6 Months,250000,233644.9,0,7/30/2026 6:59:26 AM,950##1300##750##600,"4- Likely to contribute to gender equality, including across age groups",Implementation,126,PRJ_IMPL_RPT,69916.4886,9/24/2026 2:20:37 PM
21,Standard Allocation 1 2026,CBPF-SOM-26-S-NGO-40358,,,2026,2,Wadajir Rural Development Organization,1,"Integrated Life-Saving Food Security Response through Unconditional Cash Transfers and Cash+ Agricultural Support for Vulnerable Households in Jowhar District, Middle Shabelle Region",10/1/2026 12:00:00 AM,7/31/2027 12:00:00 AM,10 Months,566972.4,529880.8,0,7/29/2026 12:36:33 PM,4558##5250##2559##2633,0- Does not systematically link programming actions,Disbursement,125,PRJ_DISBURSEMENT,69760.9458,9/30/2026 3:53:52 PM
21,Standard Allocation 1 2026,CBPF-SOM-26-S-NGO-40364,,,2026,2,Solutions for Humanity International,1,"Integrated Lifesaving WASH, Health, and Nutrition Response to Support Climate-Shocked, Flood-Affected, and Protection-Vulnerable Communities in Jowhar District, Middle Shabelle, Somalia.",10/1/2026 12:00:00 AM,9/30/2027 12:00:00 AM,12 Months,1100008,1028045,0,7/30/2026 1:41:55 AM,8386##29534##20724##35896,"4- Likely to contribute to gender equality, including across age groups",Disbursement,125,PRJ_DISBURSEMENT,67816.6608,10/8/2026 3:31:41 PM
21,Standard Allocation 1 2026,CBPF-SOM-26-S-NGO-40365,,,2026,2,Agency for Minority Rights and Development,1,"Integrated Emergency WASH Assistance for Crisis-Affected Communities in Qansax Dheere District, Bay Region",9/15/2026 12:00:00 AM,4/14/2027 12:00:00 AM,7 Months,700000,654205.6,0,7/30/2026 6:42:56 AM,8350##9200##8350##9100,"4- Likely to contribute to gender equality, including across age groups",Disbursement,125,PRJ_DISBURSEMENT,70305.3456,10/8/2026 3:21:44 PM
21,Standard Allocation 1 2026,CBPF-SOM-26-S-NGO-40366,,,2026,2,Mandhere Relief and Development Organization,1,Provision of integrated lifesaving health assistance to support underserved communities impacted by climatic shocks with heightened protection and flood risk in Qansaxdhere District,9/15/2026 12:00:00 AM,9/14/2027 12:00:00 AM,12 Months,319999.4,299064.9,0,7/29/2026 2:55:32 PM,7750##8250##9500##9500,"3- Likely to contribute to gender equality, but without attention to age groups",Disbursement,125,PRJ_DISBURSEMENT,66027.9186,9/30/2026 3:05:51 PM
21,Standard Allocation 1 2026,CBPF-SOM-26-S-NGO-40368,,,2026,2,Himilo Organization for Development,1,"Integrated livestock support and multi-purpose cash Assistance for drought affected households in crisis and emergency phases in Ceelbur district, Galgaduud, Somalia",9/20/2026 12:00:00 AM,3/19/2027 12:00:00 AM,6 Months,462800,432523.4,0,7/29/2026 5:28:00 PM,300##800##1500##1600,"4- Likely to contribute to gender equality, including across age groups",Implementation,126,PRJ_IMPL_RPT,62994.8340,9/24/2026 2:43:50 PM
21,Standard Allocation 1 2026,CBPF-SOM-26-S-NGO-40377,,,2026,2,WARDI Relief and Development Initiatives,1,"Provision of Integrated Life-Saving Nutrition Assistance to Underserved Communities Affected by Climatic Shocks, Heightened Protection Risks, and Flooding in Beledweyne District, Hiran Region",10/1/2026 12:00:00 AM,9/30/2027 12:00:00 AM,12 Months,399989.6,373822.1,0,7/30/2026 8:07:47 AM,2728##4228##3137##3546,"4- Likely to contribute to gender equality, including across age groups",Disbursement,125,PRJ_DISBURSEMENT,8321.5398,10/8/2026 3:26:48 PM
21,Standard Allocation 1 2026,CBPF-SOM-26-S-NGO-40384,,,2026,2,Towfiiq Umbrella Organization,1,"Provision of integrated lifesaving assistance to support underserved communities impacted by climatic shocks with heightened protection and flood risk in Jowhar-Middle Shabelle, Region",10/1/2026 12:00:00 AM,6/30/2027 12:00:00 AM,9 Months,800000,747663.6,0,7/29/2026 7:50:22 AM,2824##8470##3670##5090,"4- Likely to contribute to gender equality, including across age groups",Disbursement,125,PRJ_DISBURSEMENT,67738.8894,9/30/2026 4:44:56 PM
21,Standard Allocation 1 2026,CBPF-SOM-26-S-NGO-40385,,,2026,2,Humanitarian Africa Relief Development Organization,1,Provision of integrated lifesaving WASH assistance to support underserved communities impacted by climatic shocks with heightened protection and flood risk in Sakow District,9/21/2026 12:00:00 AM,9/20/2027 12:00:00 AM,12 Months,557349.4,520887.3,0,7/30/2026 8:31:05 AM,5100##6400##5500##5500,"4- Likely to contribute to gender equality, including across age groups",Implementation,126,PRJ_IMPL_RPT,13609.9950,9/24/2026 2:26:56 PM
21,Standard Allocation 1 2026,CBPF-SOM-26-S-NGO-40392,,,2026,2,Agency for Minority Rights and Development,1,Lifesaving Multi-Purpose Cash Assistance and Emergency Agricultural Inputs for Food-Insecure Households in Jowhar District,9/21/2026 12:00:00 AM,4/20/2027 12:00:00 AM,7 Months,600000,560747.7,0,7/29/2026 8:54:05 PM,1358##1594##1476##1476,"4- Likely to contribute to gender equality, including across age groups",Disbursement,125,PRJ_DISBURSEMENT,70305.3456,9/30/2026 3:16:11 PM
21,Standard Allocation 1 2026,CBPF-SOM-26-S-NGO-40401,,,2026,2,Tadamun Social Society,1,"Provision of lifesaving Food Security assistance with integrated Protection for hard-to-reach rural communities in Galdogob District, Mudug Region, Somalia.",9/15/2026 12:00:00 AM,3/14/2027 12:00:00 AM,6 Months,692140.2,646860,0,7/30/2026 7:34:59 AM,1942##2934##1733##1731,"4- Likely to contribute to gender equality, including across age groups",Disbursement,125,PRJ_DISBURSEMENT,64083.6336,9/30/2026 2:42:35 PM
21,Standard Allocation 1 2026,CBPF-SOM-26-S-NGO-40406,,,2026,2,New Ways Organization,1,"Provision of integrated life-saving WASH, Health and Nutrition services to underserved communities impacted by climatic shocks in hard-to-reach areas in Ceel buur district.",10/1/2026 12:00:00 AM,9/30/2027 12:00:00 AM,12 Months,937200,875887.9,0,7/29/2026 2:13:12 PM,4900##19500##10400##12000,"4- Likely to contribute to gender equality, including across age groups",Disbursement,125,PRJ_DISBURSEMENT,65250.2046,9/30/2026 2:37:31 PM
21,Standard Allocation 1 2026,CBPF-SOM-26-S-NGO-40408,,,2026,2,Humanitarian Integrity for Women Action,1,Strengthening Access to Lifesaving WASH services for Vulnerable and Underserved Communities in Beledweyne,9/21/2026 12:00:00 AM,9/20/2027 12:00:00 AM,12 Months,697535.6,651902.4,0,7/30/2026 4:28:07 AM,4881##5980##4665##4940,"3- Likely to contribute to gender equality, but without attention to age groups",Disbursement,125,PRJ_DISBURSEMENT,27919.9326,9/30/2026 4:23:51 PM
21,Standard Allocation 1 2026,CBPF-SOM-26-S-NGO-40413,,,2026,2,Puntland Minority Women Development Organization,1,"Enhancing Access to Safe Water, Sanitation and Hygiene Services for Drought-Affected Vulnerable Communities in Galdogob District, Somalia",9/16/2026 12:00:00 AM,7/15/2027 12:00:00 AM,10 Months,599999.8,560747.5,0,7/30/2026 5:24:25 AM,4000##6000##4000##6000,1- Unlikely to contribute to gender equality (no gender equality measure and no age consideration),Disbursement,125,PRJ_DISBURSEMENT,67272.2610,9/30/2026 3:07:50 PM
21,Standard Allocation 1 2026,CBPF-SOM-26-S-NGO-40414,,,2026,2,KULMIYE RELIEF AND DEVELOPMENT ORGANIZATION,1,"Provision of life-saving preventive and curative nutrition services for drought-affected populations in Qansax Dheere District, Bay Region.",10/1/2026 12:00:00 AM,9/30/2027 12:00:00 AM,12 Months,502499.9,469626.1,0,7/30/2026 8:43:12 AM,1300##3300##2100##2300,"4- Likely to contribute to gender equality, including across age groups",Disbursement,125,PRJ_DISBURSEMENT,72560.7162,9/30/2026 4:04:25 PM
21,Standard Allocation 1 2026,CBPF-SOM-26-S-NGO-40415,,,2026,2,Peace Action Society Organisation for Somalia,1,"Provision of Lifesaving Water, Sanitation and Hygiene (WASH) Services to 15,000 Drought-Affected Vulnerable Communities in Sablaale District, Lower Shabelle Region, Somalia",8/21/2026 12:00:00 AM,2/20/2027 12:00:00 AM,6 Months,300000,280373.8,0,7/29/2026 7:30:13 AM,1800##2400##3800##7000,"4- Likely to contribute to gender equality, including across age groups",Disbursement,125,PRJ_DISBURSEMENT,6843.8832,9/30/2026 4:01:14 PM
21,Standard Allocation 1 2026,CBPF-SOM-26-S-NGO-40424,,,2026,2,Rural Development Support Agency,1,"Provision of lifesaving Multipurpose Cash Transfer - MPCA and agricultural inputs (cash+ approach) to underserved HHs in Beletweyne impacted by climatic shocks, with protection and flood risks.",9/20/2026 12:00:00 AM,9/19/2027 12:00:00 AM,12 Months,478979,447643.9,0,7/29/2026 7:54:28 AM,1130##2980##1000##1982,"4- Likely to contribute to gender equality, including across age groups",Disbursement,125,PRJ_DISBURSEMENT,72094.0878,9/30/2026 3:47:24 PM
21,Standard Allocation 1 2026,CBPF-SOM-26-S-NGO-40425,,,2026,2,Dignity First Somalia,1,Integrated Life-Saving GBV and Child Protection Services for Crisis-Affected Communities in Qansax Dheere District,9/15/2026 12:00:00 AM,3/14/2027 12:00:00 AM,6 Months,365300,341401.9,0,7/29/2026 6:29:52 PM,194##1711##584##1596,"4- Likely to contribute to gender equality, including across age groups",Disbursement,125,PRJ_DISBURSEMENT,70227.5742,9/30/2026 2:35:03 PM
21,Standard Allocation 1 2026,CBPF-SOM-26-S-NGO-40427,,,2026,2,Dignity First Somalia,1,Integrated Multipurpose Cash Assistance (MPCA) and Emergency Livelihood Support for Climate-Shock-Affected Communities in Beletweyne District,9/15/2026 12:00:00 AM,3/14/2027 12:00:00 AM,6 Months,650000,607476.6,0,7/29/2026 6:29:13 PM,1058##1102##1588##1652,"4- Likely to contribute to gender equality, including across age groups",Disbursement,125,PRJ_DISBURSEMENT,70227.5742,9/30/2026 4:14:22 PM
21,Standard Allocation 1 2026,CBPF-SOM-26-S-NGO-40439,,,2026,2,Jubba Youth Association,1,Integrated Health and Nutrition Assistance for Underserved Communities Affected by Climatic Shocks in Sakow District Jubbaland State of Somalia,10/1/2026 12:00:00 AM,9/30/2027 12:00:00 AM,12 Months,329101,307571,0,7/28/2026 10:24:21 AM,1520##3800##6860##9360,2- Unlikely to contribute to gender equality (no gender equality measure but includes age consideration),Disbursement,125,PRJ_DISBURSEMENT,73493.9730,9/30/2026 3:25:09 PM
21,Standard Allocation 1 2026,CBPF-SOM-26-S-NGO-40444,,,2026,2,Somali Community Concern,1,"Improving Gender-Based Violence (GBV) Support and Access for Rural Communities in Jowhar District, Hirshabelle State, Somalia",9/10/2026 12:00:00 AM,9/9/2027 12:00:00 AM,12 Months,299999.6,280373.4,0,7/30/2026 6:58:46 AM,273##7892##282##2945,"4- Likely to contribute to gender equality, including across age groups",Disbursement,125,PRJ_DISBURSEMENT,63928.0908,9/30/2026 3:18:05 PM
21,Standard Allocation 1 2026,CBPF-SOM-26-S-NGO-40453,,,2026,2,New Ways Organization,1,Provision of integrated life-saving Health services to underserved communities impacted by climatic shocks in Sablale district,10/1/2026 12:00:00 AM,9/30/2027 12:00:00 AM,12 Months,300000,280373.8,0,7/29/2026 2:14:47 PM,2700##7100##4500##5700,"4- Likely to contribute to gender equality, including across age groups",Disbursement,125,PRJ_DISBURSEMENT,65250.2046,9/30/2026 3:10:37 PM
21,Standard Allocation 1 2026,CBPF-SOM-26-S-NGO-40455,,,2026,2,Agro-pastoral Charity Organization,1,"Lifesaving Nutrition response for underserved communities impacted by climatic shocks in Sablaale District, Lower Shabelle Region, Somalia",10/1/2026 12:00:00 AM,3/31/2027 12:00:00 AM,6 Months,229999.2,214952.5,0,7/29/2026 7:06:12 PM,370##2300##2250##2250,2- Unlikely to contribute to gender equality (no gender equality measure but includes age consideration),Disbursement,125,PRJ_DISBURSEMENT,68283.2892,10/9/2026 3:58:35 PM
21,Standard Allocation 1 2026,CBPF-SOM-26-S-NGO-40458,,,2026,2,Peace Action Society Organisation for Somalia,1,Provision of life-saving  Food Security Support to Underserved Communities affected by climatic Shocks in Qansax Dhere District,9/25/2026 12:00:00 AM,3/24/2027 12:00:00 AM,6 Months,304500.3,284579.7,0,7/29/2026 7:51:06 AM,447##485##405##422,2- Unlikely to contribute to gender equality (no gender equality measure but includes age consideration),Disbursement,125,PRJ_DISBURSEMENT,6843.8832,9/30/2026 4:16:22 PM
21,Standard Allocation 1 2026,CBPF-SOM-26-S-NGO-40463,,,2026,2,ACTION AGAINST POVERTY AND PEACE DEVELOPMENT,1,"Provision of integrated lifesaving assistance to support underserved communities impacted by climatic shocks with heightened protection and flood risk in Beledweyne district Hiran region, Somalia.",10/15/2026 12:00:00 AM,10/14/2027 12:00:00 AM,12 Months,599991.6,560739.8,0,7/29/2026 4:44:26 PM,10458##10885##2615##2721,"4- Likely to contribute to gender equality, including across age groups",Disbursement,125,PRJ_DISBURSEMENT,72405.1734,9/30/2026 4:28:08 PM
21,Standard Allocation 1 2026,CBPF-SOM-26-S-NGO-40465,,,2026,2,Soma Action,1,"Integrated life-saving Multipurpose Cash Assiststance for vulnerable drought-affected households in Saakow District,Somalia.",9/15/2026 12:00:00 AM,3/14/2027 12:00:00 AM,6 Months,313500,292990.7,0,7/30/2026 8:35:44 AM,500##1200##920##800,"4- Likely to contribute to gender equality, including across age groups",Disbursement,125,PRJ_DISBURSEMENT,19365.0786,9/30/2026 3:42:17 PM
21,Standard Allocation 1 2026,CBPF-SOM-26-S-NGO-40472,,,2026,2,Somali Helping Hands Association,1,Integrated lifesaving nutrition response for climate-vulnerable and flood-affected communities in Belet Weyne District,10/1/2026 12:00:00 AM,9/30/2027 12:00:00 AM,12 Months,511524.3,478060.1,0,7/30/2026 5:04:47 AM,750##5700##6450##6450,"3- Likely to contribute to gender equality, but without attention to age groups",Disbursement,125,PRJ_DISBURSEMENT,72327.4020,9/30/2026 4:40:09 PM
21,Standard Allocation 1 2026,CBPF-SOM-26-S-NGO-40475,,,2026,2,Volunteers for Relief and Development,1,Strengthening Access to Quality Primary Healthcare Services for Vulnerable Households Affected by Climate-Related Risks in Beledweyne District.,9/22/2026 12:00:00 AM,9/21/2027 12:00:00 AM,12 Months,300000,280373.8,0,7/30/2026 8:30:45 AM,2548##2745##4215##5197,"4- Likely to contribute to gender equality, including across age groups",Disbursement,125,PRJ_DISBURSEMENT,70849.7454,9/30/2026 4:18:33 PM
21,Standard Allocation 1 2026,CBPF-SOM-26-S-NGO-40491,,,2026,2,Skills Active Forward,1,Provision of lifesaving WASH assistance to support underserved communities impacted by climatic shocks with heightened protection and flood risk in Beled Weyne district,9/20/2026 12:00:00 AM,9/19/2027 12:00:00 AM,12 Months,757955,708369.1,0,7/30/2026 8:44:59 AM,5030##7208##5408##6354,"4- Likely to contribute to gender equality, including across age groups",Disbursement,125,PRJ_DISBURSEMENT,20065.0212,9/30/2026 3:51:56 PM
21,Standard Allocation 1 2026,CBPF-SOM-26-S-NGO-40534,,,2026,2,Somali Lifeline Organization ,1,"Integrated Lifesaving Health and Nutrition Response for Climate-Affected Communities in Beletweyne District, Somalia",10/1/2026 12:00:00 AM,7/31/2027 12:00:00 AM,10 Months,500000.5,467290.2,0,7/30/2026 8:35:18 AM,3000##9500##6000##7000,"4- Likely to contribute to gender equality, including across age groups",Disbursement,125,PRJ_DISBURSEMENT,69449.8602,10/8/2026 3:40:58 PM
21,Standard Allocation 1 2026,CBPF-SOM-26-S-NGO-40536,,,2026,2,Wamo Relief and Rehabilitation Services,1,"Provision of integrated emergency health and nutrition services for drought and conflict affected communities in Qansax Dheere District, Bay Region.",10/1/2026 12:00:00 AM,9/30/2027 12:00:00 AM,12 Months,363599.4,339812.5,0,7/29/2026 4:49:31 PM,1874##3497##3998##3995,"4- Likely to contribute to gender equality, including across age groups",Disbursement,125,PRJ_DISBURSEMENT,23331.4200,10/8/2026 3:42:43 PM
21,Standard Allocation 1 2026,CBPF-SOM-26-S-NGO-40544,,,2026,2,Somali Women and Child Care Association,1,"Lifesaving Multipurpose Cash Assistance and Emergency Agricultural Support for Vulnerable Households in Jowhar District, Middle Shabelle Region.",9/16/2026 12:00:00 AM,3/15/2027 12:00:00 AM,6 Months,444174,415115.9,0,7/30/2026 4:17:54 AM,1072##1121##1315##1364,"4- Likely to contribute to gender equality, including across age groups",Disbursement,125,PRJ_DISBURSEMENT,70694.2026,9/30/2026 4:30:31 PM
21,Standard Allocation 1 2026,CBPF-SOM-26-S-NGO-40560,,,2026,2,INTERSOM Relief and Development Organization,1,Provision of Integrated Lifesaving Protection Response for Flood-and-Climate Affected Vulnerable Communities in Beletweyne District,9/12/2026 12:00:00 AM,9/11/2027 12:00:00 AM,12 Months,399998.1,373830,0,7/30/2026 7:25:10 AM,0##5826##3976##8714,"4- Likely to contribute to gender equality, including across age groups",Implementation,126,PRJ_IMPL_RPT,71783.0022,9/24/2026 2:52:12 PM
21,Standard Allocation 1 2026,CBPF-SOM-26-S-NGO-40596,,,2026,2,Himilo Relief and Development Association,1,"Provision of life-saving assistance to communities affected by climatic shocks, particularly those with heightened protection and flood risks in Baletweyne ",9/15/2026 12:00:00 AM,9/14/2027 12:00:00 AM,12 Months,512581.2,479047.8,0,7/30/2026 7:58:25 AM,4840##4840##1588##1590,2- Unlikely to contribute to gender equality (no gender equality measure but includes age consideration),Disbursement,125,PRJ_DISBURSEMENT,66416.7756,9/30/2026 3:32:12 PM
21,Standard Allocation 1 2026,CBPF-SOM-26-S-NGO-40613,,,2026,2,INTERSOM Relief and Development Organization,1,Provision of Emergency Child Protection Response for Flood- and Drought-Affected Communities in Jowhar District.,9/10/2026 12:00:00 AM,9/9/2027 12:00:00 AM,12 Months,200000,186915.8,0,7/30/2026 7:36:52 AM,0##0##2000##2000,"4- Likely to contribute to gender equality, including across age groups",Disbursement,125,PRJ_DISBURSEMENT,71783.0022,9/30/2026 4:35:34 PM
23,1st Reserve Allocation - Anticipatory Action,CBPF-AFG-26-R-INGO-39203,,,2026,1,International Rescue Commitee,2,Cash based lifesaving support for Afghan returnees in Herat province,4/5/2026 12:00:00 AM,12/4/2026 12:00:00 AM,8 Months,700000,654205.6,0,3/11/2026 7:53:51 AM,2787##3783##6570##6769,"4- Likely to contribute to gender equality, including across age groups",Implementation,119,PRJ_IMPL_RPT,1070.8800,4/9/2026 4:50:02 PM
23,1st Reserve Allocation - Anticipatory Action,CBPF-AFG-26-R-INGO-39226,,,2026,1,ActionAid,2,Multi-Purpose Cash assistance (MPCA) to vulnerable households in Nangarhar &amp; Laghman province,4/1/2026 12:00:00 AM,11/15/2026 12:00:00 AM,"7 Months, 15 Days",996645.4,931444.3,0,3/11/2026 10:47:13 AM,7863##7463##8917##8517,2- Unlikely to contribute to gender equality (no gender equality measure but includes age consideration),Implementation,119,PRJ_IMPL_RPT,1035.0000,4/7/2026 1:13:22 PM
23,1st Reserve Allocation - Anticipatory Action,CBPF-AFG-26-R-INGO-39229,,,2026,1,Deutsche Welthungerhilfe e. V.,2,Provision of Multi-Purpose Cash Assistance for Returnees in Jawzjan and Balkh Provinces,4/1/2026 12:00:00 AM,1/31/2027 12:00:00 AM,10 Months,999641.5,934244.4,0,3/11/2026 8:33:53 AM,4493##4194##10185##11083,"3- Likely to contribute to gender equality, but without attention to age groups",Implementation,119,PRJ_IMPL_RPT,1059.8400,4/7/2026 1:07:37 PM
23,1st Reserve Allocation - Anticipatory Action,CBPF-AFG-26-R-INGO-39235,,,2026,1,World Vision International,2," Life-Saving Response to Protect Food Security and Livelihood Assets through Agriculture, Livestock, and MPCA ",4/15/2026 12:00:00 AM,2/14/2027 12:00:00 AM,10 Months,988887.6,924194.1,0,3/10/2026 11:31:03 AM,7994##8324##6643##6708,"3- Likely to contribute to gender equality, but without attention to age groups",Implementation,119,PRJ_IMPL_RPT,977.0400,4/17/2026 2:52:53 PM
23,1st Reserve Allocation - Anticipatory Action,CBPF-AFG-26-R-INGO-39253,,,2026,1,World Vision International,2,Basic Emergency WASH Support for Multi-Hazard Affected Populations in Faryab,4/15/2026 12:00:00 AM,6/14/2027 12:00:00 AM,14 Months,492485.8,460267.1,0,3/11/2026 10:34:54 AM,4715##4911##3917##3957,"3- Likely to contribute to gender equality, but without attention to age groups",Implementation,119,PRJ_IMPL_RPT,977.0400,4/17/2026 2:51:37 PM
23,1st Reserve Allocation - Anticipatory Action,CBPF-AFG-26-R-INGO-39281,,,2026,1,ActionAid,2,Water Sanitation &amp; Hygiene (100%) for Vulnerable Households in Nangarhar &amp; Laghman Province ,4/1/2026 12:00:00 AM,11/15/2026 12:00:00 AM,"7 Months, 15 Days",330134.5,308536.9,0,3/11/2026 10:48:01 AM,2184##2073##2477##2366,2- Unlikely to contribute to gender equality (no gender equality measure but includes age consideration),Implementation,119,PRJ_IMPL_RPT,1035.0000,4/7/2026 1:14:10 PM
23,1st Reserve Allocation - Anticipatory Action,CBPF-AFG-26-R-INGO-39325,,,2026,1,Agency for Technical Cooperation and Development,2,Emergency assistance to flood-affected households through integrated MPCA and assisted referral support in Northern Afghanistan,4/19/2026 12:00:00 AM,12/31/2026 12:00:00 AM,"8 Months, 13 Days",700000,654205.6,0,3/11/2026 1:07:05 PM,3213##3213##3773##3773,2- Unlikely to contribute to gender equality (no gender equality measure but includes age consideration),Implementation,119,PRJ_IMPL_RPT,954.9600,4/20/2026 7:06:48 PM
23,2026 RA2 Reserve Allocation - Mine Action,CBPF-AFG-26-R-INGO-39629,,,2026,1,HALO TRUST,2,Explosive Ordnance Disposal and Risk Reduction in Southern Afghanistan,7/1/2026 12:00:00 AM,6/30/2027 12:00:00 AM,12 Months,453921.1,424225.3,0,4/29/2026 1:17:27 PM,2924##3869##8560##7574,"4- Likely to contribute to gender equality, including across age groups",Implementation,119,PRJ_IMPL_RPT,999.1200,7/14/2026 1:49:49 PM
23,1st Reserve Allocation - Anticipatory Action,CBPF-AFG-26-R-NGO-39214,,,2026,1,Afghan Women Rights Organization,1,"Emergency Health and Nutrition Services to Flood-Affected, Returnees, and Internally Displaced Populations in Nangarhar Province",4/11/2026 12:00:00 AM,3/10/2027 12:00:00 AM,11 Months,848476.3,792968.4,0,3/11/2026 9:01:47 AM,3000##20000##17800##19200,"4- Likely to contribute to gender equality, including across age groups",Implementation,119,PRJ_IMPL_RPT,1250.2800,4/10/2026 1:40:48 PM
23,1st Reserve Allocation - Anticipatory Action,CBPF-AFG-26-R-NGO-39230,,,2026,1,Organization for Coordination of Humanitarian Relief,1,"Emergency Water, Sanitation, and Hygiene (WASH) Response for Communities at Risk of Drought in Sar-e-Pul Province.",4/1/2026 12:00:00 AM,11/30/2026 12:00:00 AM,8 Months,609778,569886,0,3/11/2026 8:04:46 AM,7700##8050##9100##10150,2- Unlikely to contribute to gender equality (no gender equality measure but includes age consideration),Implementation,119,PRJ_IMPL_RPT,1294.4400,4/7/2026 1:12:35 PM
23,1st Reserve Allocation - Anticipatory Action,CBPF-AFG-26-R-NGO-39231,,,2026,1,Organization for Coordination of Humanitarian Relief,1,Emergency Livestock Support for Communities at Risk of Drought in the Faryab Province.,4/1/2026 12:00:00 AM,9/30/2026 12:00:00 AM,6 Months,439293.3,410554.5,0,3/11/2026 9:42:08 AM,5015##5336##6083##6722,2- Unlikely to contribute to gender equality (no gender equality measure but includes age consideration),Implementation,308,PRJ_UND_FINAL_RPT,1294.4400,4/7/2026 1:11:07 PM
23,1st Reserve Allocation - Anticipatory Action,CBPF-AFG-26-R-NGO-39245,,,2026,1,ORGANIZATION OF HUMAN WELFARE,1,48-Hour Response: MPCA and FSA Livelihoods Assistance for Vulnerable Flood- and Conflict-Affected Households in Nangarhar and Kunar Provinces.,4/5/2026 12:00:00 AM,12/15/2026 12:00:00 AM,"8 Months, 11 Days",966231.3,903019.9,0,3/11/2026 11:00:13 AM,7963##8324##9770##10133,2- Unlikely to contribute to gender equality (no gender equality measure but includes age consideration),Implementation,119,PRJ_IMPL_RPT,1128.8400,4/7/2026 1:10:04 PM
23,1st Reserve Allocation - Anticipatory Action,CBPF-AFG-26-R-NGO-39250,,,2026,1,ORGANIZATION OF HUMAN WELFARE,1,Integrated Emergency Health and Nutrition Response for Returnee and Host Communities in Herat and Nangarhar Provinces,4/4/2026 12:00:00 AM,4/15/2027 12:00:00 AM,"12 Months, 12 Days",502364.9,469499.9,0,3/11/2026 11:28:35 AM,7293##11145##12093##12136,2- Unlikely to contribute to gender equality (no gender equality measure but includes age consideration),Implementation,119,PRJ_IMPL_RPT,1128.8400,4/7/2026 1:08:50 PM
23,1st Reserve Allocation - Anticipatory Action,CBPF-AFG-26-R-NGO-39318,,,2026,1,Bakhtar Development Network,1,Provision of Health and Nutrition services in eight districts of Faryab province through Health and Nutrition teams.,4/6/2026 12:00:00 AM,7/5/2027 12:00:00 AM,15 Months,613129.8,573018.5,0,3/11/2026 12:47:26 PM,7762##7461##9116##8759,2- Unlikely to contribute to gender equality (no gender equality measure but includes age consideration),Implementation,119,PRJ_IMPL_RPT,1208.8800,4/9/2026 4:51:49 PM
23,2026 RA2 Reserve Allocation - Mine Action,CBPF-AFG-26-R-NGO-39617,,,2026,1,Organization for Mine clearance & Afghan Rehabilitation,1,"Humanitarian Mine Action to Support Conflict-, Displaced and Explosive Ordnance-Affected   Populations in Southeast Provinces",6/1/2026 12:00:00 AM,5/31/2027 12:00:00 AM,12 Months,456866.2,426977.8,0,4/29/2026 10:02:56 AM,155020##155020##189464##189464,"4- Likely to contribute to gender equality, including across age groups",Implementation,119,PRJ_IMPL_RPT,1029.4800,6/4/2026 1:34:54 PM
23,2026 RA2 Reserve Allocation - Mine Action,CBPF-AFG-26-R-NGO-39618,,,2026,1,Agency for Rehabilitation and Energy conservation in Afghanistan,1,"Emergency Mine Action and Explosive Ordnance Risk Education (EORE) in Priority Conflict- and Displacement-Affected Areas along the Durand Line in Eastern Afghanistan (Nangarhar, Kunar and Nuristan)",6/1/2026 12:00:00 AM,5/31/2027 12:00:00 AM,12 Months,563250.3,526402.2,0,4/29/2026 12:53:52 PM,30435##45654##22690##22690,"4- Likely to contribute to gender equality, including across age groups",Implementation,119,PRJ_IMPL_RPT,1104.0000,6/16/2026 1:38:54 PM
23,2026-1st Standard Allocation,CBPF-AFG-26-S-INGO-40136,,,2026,2,INTERSOS,2,Life-Saving Protection Response in Underserved Areas of Helmand and Zabul,10/1/2026 12:00:00 AM,12/31/2027 12:00:00 AM,15 Months,782000,730841.1,0,7/19/2026 7:26:17 AM,3225##3786##4850##5324,"4- Likely to contribute to gender equality, including across age groups",Disbursement,29,PRJ_DISBURSEMENT,971.5200,10/8/2026 7:05:47 PM
23,2026-1st Standard Allocation,CBPF-AFG-26-S-INGO-40161,,,2026,2,Norwegian Refugee Council,2,Safeguarding Rights and Supporting Access to Essential Services for Displacement and Shock-Affected households in Kandahar ,10/1/2026 12:00:00 AM,9/30/2027 12:00:00 AM,12 Months,649732.6,607226.7,0,7/21/2026 11:05:36 AM,3014##3266##950##950,"4- Likely to contribute to gender equality, including across age groups",Disbursement,29,PRJ_DISBURSEMENT,253.9200,10/6/2026 5:29:33 PM
23,2026-1st Standard Allocation,CBPF-AFG-26-S-NGO-40085,,,2026,2,Organization for Afghan Women Capacity & Knowledge,1,"Improving Access to Safe Water, Sanitation Facilities, and Essential WASH Supplies for the Most Vulnerable Communities in Balkh and Jawzjan Provinces",10/1/2026 12:00:00 AM,7/31/2027 12:00:00 AM,10 Months,994713.8,929639,0,7/18/2026 5:01:45 PM,18564##18564##12376##12376,"4- Likely to contribute to gender equality, including across age groups",Disbursement,29,PRJ_DISBURSEMENT,1195.0800,10/6/2026 4:33:07 PM
23,2026-1st Standard Allocation,CBPF-AFG-26-S-NGO-40105,,,2026,2,Today's Afghanistan Conciliation Trust Organization,1,"Provision of Child Protection, Essential Psycho-social, and Well-being Services for vulnerable children and Women in 2 Districts (Mandol and Nurgram) of Nuristan Province.  ",10/1/2026 12:00:00 AM,9/30/2027 12:00:00 AM,12 Months,668564.9,624827,0,7/21/2026 12:45:56 PM,6160##17400##11500##17940,"4- Likely to contribute to gender equality, including across age groups",Disbursement,29,PRJ_DISBURSEMENT,1150.9200,10/8/2026 7:04:03 PM
23,2026-1st Standard Allocation,CBPF-AFG-26-S-NGO-40129,,,2026,2,Human Rights Research and Advocacy Consortium,1,Enhancing Access to Life-Saving Child Protection Services for Vulnerable Populations in Zabul Province,10/1/2026 12:00:00 AM,9/30/2027 12:00:00 AM,12 Months,402631.2,376290.8,0,7/20/2026 12:19:05 PM,350##850##1750##2250,"4- Likely to contribute to gender equality, including across age groups",Disbursement,29,PRJ_DISBURSEMENT,1322.0400,10/6/2026 4:39:35 PM
23,2026-1st Standard Allocation,CBPF-AFG-26-S-NGO-40135,,,2026,2,Organization for Afghan Women Capacity & Knowledge,1,Integrated Gender-Based Violence (GBV) and Child Protection in Emergencies (CPiE) Response in Faryab and Sar-e-Pul Provinces,10/1/2026 12:00:00 AM,7/31/2027 12:00:00 AM,10 Months,505147,472100,0,7/19/2026 7:28:53 AM,2385##3315##1200##2100,"4- Likely to contribute to gender equality, including across age groups",Disbursement,29,PRJ_DISBURSEMENT,1195.0800,10/6/2026 4:33:56 PM
23,2026-1st Standard Allocation,CBPF-AFG-26-S-NGO-40206,,,2026,2,Ansari Rehabilitation Association for Afghanistan,1,Provision of GP support services for returnees and IDPs and Host community in 4 targeted districts w Kandahar with Inter-Sector Severity 4 and Sector,10/15/2026 12:00:00 AM,10/14/2027 12:00:00 AM,12 Months,582097.2,544016.1,0,7/21/2026 12:37:28 PM,5880##6085##1926##1929,"4- Likely to contribute to gender equality, including across age groups",Disbursement,29,PRJ_DISBURSEMENT,1620.1200,10/8/2026 7:08:23 PM
23,2026-1st Standard Allocation,CBPF-AFG-26-S-NGO-40208,,,2026,2,Agency for Rehabilitation and Energy conservation in Afghanistan,1,Protecting Communities and Restoring Safe Access through Humanitarian Mine Action in High-Severity Districts of Pachir Agam (Nangarhar) and Du Ab (Nuristan),9/27/2026 12:00:00 AM,3/26/2028 12:00:00 AM,18 Months,690000,644859.8,0,7/21/2026 1:16:54 PM,8323##4694##11002##5940,"4- Likely to contribute to gender equality, including across age groups",Disbursement,29,PRJ_DISBURSEMENT,1104.0000,10/6/2026 4:35:06 PM
23,2026-1st Standard Allocation,CBPF-AFG-26-S-NGO-40216,,,2026,2,Organization for Mine clearance & Afghan Rehabilitation,1,Humanitarian Mine Action to Support Conflict-Displaced and Explosive Ordnance-Affected Populations in North Region Provinces,10/5/2026 12:00:00 AM,2/4/2028 12:00:00 AM,16 Months,530001.8,495328.8,0,7/21/2026 12:09:03 PM,14365##14365##17556##17555,"4- Likely to contribute to gender equality, including across age groups",Disbursement,29,PRJ_DISBURSEMENT,1029.4800,10/8/2026 7:07:14 PM
24,[RA1-Janvier -2026] Réponse humanitaire d’urgence aux personnes déplacées internes (PDI) et communautés hôtes les plus vulnérables affectées par la crise d’Uvira,CBPF-DRC-26-R-INGO-38996,,,2026,1,Norwegian Church Aid,2,Réponse aux lacunes critiques EHA via l’approche CATI pour les PDI et communautés hôtes dans la zone de santé de Fizi.,3/15/2026 12:00:00 AM,11/14/2026 12:00:00 AM,8 Months,390000,364486,0,2/3/2026 6:28:52 PM,6600##8250##8250##9900,2- Unlikely to contribute to gender equality (no gender equality measure but includes age consideration),Implementation,6279,PRJ_IMPL_RPT,705631.7475,3/27/2026 5:17:13 PM
24,[RA1-Janvier -2026] Réponse humanitaire d’urgence aux personnes déplacées internes (PDI) et communautés hôtes les plus vulnérables affectées par la crise d’Uvira,CBPF-DRC-26-R-INGO-38998,,,2026,1,Entraide Protestante Suisse,2,Assistance intégrée d’urgence dans les Hauts Plateaux d’Uvira au Sud-Kivu et en Ituri (AME/Abris – Cash – EHA),3/16/2026 12:00:00 AM,10/31/2026 12:00:00 AM,"7 Months, 16 Days",859303.3,803087.1,0,2/3/2026 8:54:03 PM,1560##1626##3111##3077,"4- Likely to contribute to gender equality, including across age groups",Implementation,6279,PRJ_IMPL_RPT,989623.6050,3/23/2026 4:23:01 PM
24,[RA1-Janvier -2026] Réponse humanitaire d’urgence aux personnes déplacées internes (PDI) et communautés hôtes les plus vulnérables affectées par la crise d’Uvira,CBPF-DRC-26-R-INGO-39015,,,2026,1,Norwegian Refugee Council,2,"Réponse humanitaire intégrée aux besoins essentiels des populations vulnérables affectées par la crise d’Uvira dans les zones de santé de Kaziba, Nyangezi et Nyantende. ",3/16/2026 12:00:00 AM,10/6/2026 12:00:00 AM,"6 Months, 21 Days",750000,700934.6,0,2/3/2026 5:56:16 PM,2435##4074##3785##5368,"4- Likely to contribute to gender equality, including across age groups",Implementation,6464,PRJ_UND_FINAL_RPT,674454.1500,3/24/2026 9:41:04 PM
24,[RA1-Janvier -2026] Réponse humanitaire d’urgence aux personnes déplacées internes (PDI) et communautés hôtes les plus vulnérables affectées par la crise d’Uvira,CBPF-DRC-26-R-INGO-39019,,,2026,1,Cooperazione Internazionale - COOPI,2,Réponse humanitaire d'urgence en nutrition aux PDI et communautés hôtes affectés par la crise d'Uvira dans les ZS de Uvira et Lemera,3/23/2026 12:00:00 AM,9/22/2026 12:00:00 AM,6 Months,600000,560747.7,0,2/3/2026 2:23:23 PM,5346##12474##1260##1366,"4- Likely to contribute to gender equality, including across age groups",Implementation,6464,PRJ_UND_FINAL_RPT,679120.1850,3/27/2026 5:19:52 PM
24,[RA5-Septembre-2026 non-US] Assistance humanitaire vitale et rapide pour répondre aux besoins les plus critiques dans les zones de santé à forte sévérité intersectorielle,CBPF-DRC-26-R-INGO-41624,,,2026,1,Action Aid International RD Congo,2,"Réponse multisectorielle d’urgence en Santé, Éducation, Protection-VBG et Protection de l’Enfance aux personnes affectées par les conflits et épidémies en Ituri et au Nord-Kivu.",10/15/2026 12:00:00 AM,10/14/2027 12:00:00 AM,12 Months,2500000,2336449,0,9/20/2026 3:41:38 PM,2400##8420##17974##24360,"4- Likely to contribute to gender equality, including across age groups",Disbursement,6278,PRJ_DISBURSEMENT,709873.5975,10/9/2026 4:40:02 PM
24,[RA5-Septembre-2026 non-US] Assistance humanitaire vitale et rapide pour répondre aux besoins les plus critiques dans les zones de santé à forte sévérité intersectorielle,CBPF-DRC-26-R-INGO-41625,,,2026,1,Danish Refugee Council,2,Projet d'assistance humanitaire aux populations confrontées aux besoins les plus sévères et insuffisamment couverts en RDC,10/23/2026 12:00:00 AM,10/22/2027 12:00:00 AM,12 Months,1650000,1542057,0,9/20/2026 4:54:31 PM,4211##6237##7668##9340,"4- Likely to contribute to gender equality, including across age groups",Disbursement,6278,PRJ_DISBURSEMENT,680604.8325,10/9/2026 4:29:30 PM
24,[RA5-Septembre-2026 non-US] Assistance humanitaire vitale et rapide pour répondre aux besoins les plus critiques dans les zones de santé à forte sévérité intersectorielle,CBPF-DRC-26-R-INGO-41626,,,2026,1,Norwegian Church Aid,2,Réponse EHA pour les populations vulnérables de Kibirizi et Miti-Murhesa affectées par les déplacements et les urgences humanitaires au Nord et Sud Kivu RDC.,10/20/2026 12:00:00 AM,9/19/2027 12:00:00 AM,11 Months,1000000,934579.4,0,9/19/2026 8:25:35 PM,20800##20800##20000##18400,"4- Likely to contribute to gender equality, including across age groups",Disbursement,6278,PRJ_DISBURSEMENT,705631.7475,10/9/2026 4:38:34 PM
24,[RA5-Septembre-2026 non-US] Assistance humanitaire vitale et rapide pour répondre aux besoins les plus critiques dans les zones de santé à forte sévérité intersectorielle,CBPF-DRC-26-R-INGO-41628,,,2026,1,Entraide Protestante Suisse,2,"Assistance humanitaire multisectorielle (EHA et Services Communs) en faveur des déplacés, retournés et communautés vulnérables dans le territoire de Fizi au Sud-Kivu -  projet AHME",10/5/2026 12:00:00 AM,10/4/2027 12:00:00 AM,12 Months,1300000,1214953,0,9/20/2026 5:55:39 PM,1337##1389##2639##2637,"4- Likely to contribute to gender equality, including across age groups",Disbursement,6278,PRJ_DISBURSEMENT,989623.6050,10/2/2026 7:16:23 PM
24,[RA5-Septembre-2026 non-US] Assistance humanitaire vitale et rapide pour répondre aux besoins les plus critiques dans les zones de santé à forte sévérité intersectorielle,CBPF-DRC-26-R-INGO-41647,,,2026,1,War Child Holland,2,Amélioration de l’accès à une éducation inclusive de qualité et aux services de protection pour les enfants affectés par les conflits dans les zones de santé de Fizi et Nundu.,10/2/2026 12:00:00 AM,7/1/2027 12:00:00 AM,9 Months,1000000,934579.4,0,9/19/2026 10:47:47 PM,6099##7562##9599##8400,"4- Likely to contribute to gender equality, including across age groups",Disbursement,6278,PRJ_DISBURSEMENT,687179.7000,10/8/2026 5:39:18 PM
24,[RA5-Septembre-2026 non-US] Assistance humanitaire vitale et rapide pour répondre aux besoins les plus critiques dans les zones de santé à forte sévérité intersectorielle,CBPF-DRC-26-R-INGO-41720,,,2026,1,INTERSOS,2,Protection intégrée et appui aux mécanismes communautaires pour les populations affectées par les crises au Sud-Kivu,10/15/2026 12:00:00 AM,10/14/2027 12:00:00 AM,12 Months,960000,897196.3,0,9/20/2026 7:58:04 PM,372##30684##518##14079,"4- Likely to contribute to gender equality, including across age groups",Disbursement,6278,PRJ_DISBURSEMENT,677211.3525,10/9/2026 4:25:44 PM
24,[RA2-Mars-2026 US] Assistance humanitaire vitale et rapide ciblant les zones de santé à forte sévérité des besoins,CBPF-DRC-26-R-INGO-NSFT-39493,,,2026,1,Mercy Corps,2,Strategic Assistance For Emergency Response in DRC (SAFER),4/20/2026 12:00:00 AM,12/31/2026 12:00:00 AM,"8 Months, 12 Days",7000000,6542056,0,4/1/2026 11:09:56 AM,28547##31265##38062##38062,"4- Likely to contribute to gender equality, including across age groups",Implementation,6279,PRJ_IMPL_RPT,678908.0925,4/17/2026 5:25:47 PM
24,[RA2-Mars-2026 US] Assistance humanitaire vitale et rapide ciblant les zones de santé à forte sévérité des besoins,CBPF-DRC-26-R-INGO-NSFT-39495,,,2026,1,Agency for Technical Cooperation and Development,2,Réponse d’urgence vitale et multisectorielle pour les ménages vulnérables affectés par la crise à l’est de la RDC dans les Provinces du Sud-Kivu et du Tanganyika,4/20/2026 12:00:00 AM,11/19/2026 12:00:00 AM,7 Months,1.245E+07,1.163551E+07,0,4/1/2026 8:20:15 PM,37519##44936##60144##70739,"4- Likely to contribute to gender equality, including across age groups",Implementation,6279,PRJ_IMPL_RPT,675302.5200,4/20/2026 2:42:52 PM
24,[RA2-Mars-2026 US] Assistance humanitaire vitale et rapide ciblant les zones de santé à forte sévérité des besoins,CBPF-DRC-26-R-INGO-NSFT-39509,,,2026,1,World Vision International,2,"Assistance humanitaire multisectorielle intégrée aux communautés les plus vulnérables et touchées par les crises dans l'Ituri, le Nord-Kivu, le Sud-Kivu et le Tanganyika",4/20/2026 12:00:00 AM,12/31/2026 12:00:00 AM,"8 Months, 12 Days",1.09E+07,1.018692E+07,0,4/1/2026 6:38:37 PM,54950##42765##48901##53988,"4- Likely to contribute to gender equality, including across age groups",Implementation,6279,PRJ_IMPL_RPT,673393.6875,4/20/2026 2:41:58 PM
24,[RA2-Mars-2026 US] Assistance humanitaire vitale et rapide ciblant les zones de santé à forte sévérité des besoins,CBPF-DRC-26-R-INGO-NSFT-39512,,,2026,1,Solidarités International,2,"SANEPS -  Réponse multisectorielle de Sécurité Alimentaire, Nutrition, EHA, Protection et Santé pour les populations vulnérables dans les provinces de l'Ituri et du Nord-Kivu, RDC.",4/20/2026 12:00:00 AM,12/31/2026 12:00:00 AM,"8 Months, 12 Days",1.1E+07,1.028037E+07,0,4/1/2026 7:03:51 PM,37646##43772##49410##51347,"4- Likely to contribute to gender equality, including across age groups",Implementation,6279,PRJ_IMPL_RPT,676999.2600,4/21/2026 3:03:03 PM
24,[RA2-Mars-2026 US] Assistance humanitaire vitale et rapide ciblant les zones de santé à forte sévérité des besoins,CBPF-DRC-26-R-INGO-NSFT-39514,,,2026,1,Alliance for International Medical Action,2,"Réponse rapide multisectorielle et intégrée en santé, nutrition, EHA, protection et TEUM pour les populations vulnérables d’Ituri, Nord-Kivu, Sud-Kivu",4/20/2026 12:00:00 AM,12/31/2026 12:00:00 AM,"8 Months, 12 Days",7050000,6588785,0,4/1/2026 9:52:04 PM,120454##133135##183851##196533,"4- Likely to contribute to gender equality, including across age groups",Implementation,6279,PRJ_IMPL_RPT,674029.9650,4/20/2026 2:43:43 PM
24,[RA2-Mars-2026 US] Assistance humanitaire vitale et rapide ciblant les zones de santé à forte sévérité des besoins,CBPF-DRC-26-R-INGO-NSFT-39517,,,2026,1,Save the Children,2,Tumaini (Hope): Integrated Life-Saving Assistance for Vulnerable Populations in Eastern DRC,4/20/2026 12:00:00 AM,12/31/2026 12:00:00 AM,"8 Months, 12 Days",7000000,6542056,0,4/1/2026 8:42:02 PM,52234##53922##58719##60628,"4- Likely to contribute to gender equality, including across age groups",Implementation,6279,PRJ_IMPL_RPT,675090.4275,4/22/2026 3:02:13 PM
24,[RA2-Mars-2026 US] Assistance humanitaire vitale et rapide ciblant les zones de santé à forte sévérité des besoins,CBPF-DRC-26-R-INGO-NSFT-39541,,,2026,1,Norwegian Refugee Council,2,Réponse multisectorielle intégrée pour sauver des vies et réduire les vulnérabilités dans l’Est de la RDC,4/20/2026 12:00:00 AM,10/19/2026 12:00:00 AM,6 Months,1E+07,9345794,0,4/1/2026 8:46:26 PM,55696##66430##89752##89950,"4- Likely to contribute to gender equality, including across age groups",Implementation,6279,PRJ_IMPL_RPT,674454.1500,4/17/2026 5:27:36 PM
24,[RA 3-Juin-2026 US] Allocation for the Ebola Virus Disease (EVD) Outbreak,CBPF-DRC-26-R-INGO-NSFT-40015,,,2026,1,Agency for Technical Cooperation and Development,2,"Réponse multisectorielle à l’épidémie MVE en appui aux personnes affectées et à risque dans les zones de santé du Sud Kivu, Miti-Murhesa et Katana, et du Petit Nord Kivu, Mweso et Kibirizi.",7/16/2026 12:00:00 AM,1/15/2027 12:00:00 AM,6 Months,1999991,1869150,0,7/3/2026 10:39:04 AM,52411##78617##0##0,"4- Likely to contribute to gender equality, including across age groups",Implementation,6279,PRJ_IMPL_RPT,675302.5200,7/31/2026 5:40:12 PM
24,[RA 3-Juin-2026 US] Allocation for the Ebola Virus Disease (EVD) Outbreak,CBPF-DRC-26-R-INGO-NSFT-40024,,,2026,1,Alliance for International Medical Action,2,"Réponse rapide et multisectorielle pour la réduction de l’impact de l’épidémie d’Ebola dans les zones touchées des provinces de l’Ituri, du Nord-Kivu, du Sud-Kivu.",7/15/2026 12:00:00 AM,1/14/2027 12:00:00 AM,6 Months,5000000,4672897,0,7/3/2026 2:51:05 PM,0##5##0##0,"4- Likely to contribute to gender equality, including across age groups",Implementation,6279,PRJ_IMPL_RPT,674029.9650,7/28/2026 4:04:15 PM
24,[RA 3-Juin-2026 US] Allocation for the Ebola Virus Disease (EVD) Outbreak,CBPF-DRC-26-R-INGO-NSFT-40028,,,2026,1,Mercy Corps,2,Integrated Ebola Response Driven by Communities (IERDC),7/21/2026 12:00:00 AM,1/20/2027 12:00:00 AM,6 Months,5000000,4672897,0,7/6/2026 6:59:33 PM,6000##10500##10500##10500,"4- Likely to contribute to gender equality, including across age groups",Implementation,6279,PRJ_IMPL_RPT,678908.0925,8/4/2026 8:10:20 PM
24,[RA 3-Juin-2026 US] Allocation for the Ebola Virus Disease (EVD) Outbreak,CBPF-DRC-26-R-INGO-NSFT-40031,,,2026,1,Solidarités International,2,"Réponse multisectorielle de riposte à la MVE afin de réduire les risques de transmission, couvrir les besoins essentiels et renforcer la résilience des populations vulnérables en Ituri et au Nord-Kivu",8/1/2026 12:00:00 AM,1/31/2027 12:00:00 AM,6 Months,3500000,3271028,0,7/2/2026 5:06:18 PM,30495##37411##46465##48337,"4- Likely to contribute to gender equality, including across age groups",Implementation,6279,PRJ_IMPL_RPT,676999.2600,8/7/2026 3:04:33 PM
24,[RA 3-Juin-2026 US] Allocation for the Ebola Virus Disease (EVD) Outbreak,CBPF-DRC-26-R-INGO-NSFT-40038,,,2026,1,Save the Children,2,"Tumaini 3: Strengthening Ebola Preparedness and Response and maintaining essential, health, nutrition and wash services in Ituri",7/16/2026 12:00:00 AM,1/15/2027 12:00:00 AM,6 Months,5000000,4672897,0,7/3/2026 3:06:40 PM,400##400##400##400,"3- Likely to contribute to gender equality, but without attention to age groups",Implementation,6279,PRJ_IMPL_RPT,675090.4275,8/10/2026 11:21:39 PM
24,[RA 3-Juin-2026 US] Allocation for the Ebola Virus Disease (EVD) Outbreak,CBPF-DRC-26-R-INGO-NSFT-40068,,,2026,1,Norwegian Refugee Council,2,“WASH UP” - Integrated Multisectoral response to Populations Affected by the Bundibugyo disease outbreak in the Ituri and North Kivu provinces in DRC.,7/16/2026 12:00:00 AM,1/15/2027 12:00:00 AM,6 Months,5000000,4672897,0,7/9/2026 8:01:21 AM,3##3##3##3,"4- Likely to contribute to gender equality, including across age groups",Implementation,6279,PRJ_IMPL_RPT,674454.1500,7/24/2026 2:21:22 PM
24,[RA 3-Juin-2026 US] Allocation for the Ebola Virus Disease (EVD) Outbreak,CBPF-DRC-26-R-INGO-NSFT-40074,,,2026,1,World Vision International,2,Ebola Virus Disease (EVD) Preparedness and Response,7/20/2026 12:00:00 AM,1/19/2027 12:00:00 AM,6 Months,2300500,2150000,0,7/6/2026 7:43:08 AM,1##1##1##1,"4- Likely to contribute to gender equality, including across age groups",Implementation,6279,PRJ_IMPL_RPT,673393.6875,7/28/2026 4:10:15 PM
24,[RA 4-Aout-2026 US] Assistance humanitaire vitale et rapide ciblant les zones de santé à forte sévérité des besoins,CBPF-DRC-26-R-INGO-NSFT-41015,,,2026,1,Solidarités International,2,"REMUSANE : Réponse multisectorielle d'urgence en Santé, Sécurité Alimentaire, Nutrition et EHA pour les populations vulnérables affectées par les crises, y compris MVE, en Ituri, Nord-Kivu et Sud-Kivu",9/19/2026 12:00:00 AM,6/18/2027 12:00:00 AM,9 Months,1.56E+07,1.457944E+07,0,8/24/2026 9:36:31 PM,47599##56958##64222##66725,"4- Likely to contribute to gender equality, including across age groups",Disbursement,6278,PRJ_DISBURSEMENT,676999.2600,10/5/2026 6:26:05 PM
24,[RA 4-Aout-2026 US] Assistance humanitaire vitale et rapide ciblant les zones de santé à forte sévérité des besoins,CBPF-DRC-26-R-INGO-NSFT-41024,,,2026,1,Danish Refugee Council,2,Assistance monétaire à usage multiple pour la couverture des besoins essentiels et urgents des ménages vulnérables en RDC,9/15/2026 12:00:00 AM,7/31/2027 12:00:00 AM,10 Months 17 Days,5000000,4672897,0,8/24/2026 3:34:22 PM,8225##9275##8400##9100,"4- Likely to contribute to gender equality, including across age groups",Implementation,6279,PRJ_IMPL_RPT,680604.8325,9/25/2026 2:12:42 PM
24,[RA 4-Aout-2026 US] Assistance humanitaire vitale et rapide ciblant les zones de santé à forte sévérité des besoins,CBPF-DRC-26-R-INGO-NSFT-41029,,,2026,1,Agency for Technical Cooperation and Development,2,"Réponse d’urgence en santé et sécurité alimentaire pour les ménages vulnérables affectés par la crise au Haut-Katanga, au Nord-Kivu et au Sud-Kivu",10/1/2026 12:00:00 AM,6/30/2027 12:00:00 AM,9 Months,9000000,8411215,0,8/24/2026 5:41:09 PM,60027##73979##95357##104674,"4- Likely to contribute to gender equality, including across age groups",Implementation,6279,PRJ_IMPL_RPT,675302.5200,9/25/2026 8:19:40 PM
24,[RA 4-Aout-2026 US] Assistance humanitaire vitale et rapide ciblant les zones de santé à forte sévérité des besoins,CBPF-DRC-26-R-INGO-NSFT-41128,,,2026,1,Norwegian Refugee Council,2,“CASH SANTÉ” - Direct Life-Saving response through MPCA and Emergency Health Services to Populations with high severity needs.,10/1/2026 12:00:00 AM,7/31/2027 12:00:00 AM,10 Months,6000015,5607490,0,8/24/2026 6:39:10 PM,47745##49693##36017##37487,"4- Likely to contribute to gender equality, including across age groups",Implementation,6279,PRJ_IMPL_RPT,674454.1500,9/25/2026 8:27:01 PM
24,[RA 4-Aout-2026 US] Assistance humanitaire vitale et rapide ciblant les zones de santé à forte sévérité des besoins,CBPF-DRC-26-R-INGO-NSFT-41151,,,2026,1,Save the Children,2,Tumaini 4 : Maintien des services essentiels de santé et de nutrition et renforcement de la préparation et de la réponse à Ebola dans l’est de la RDC,9/23/2026 12:00:00 AM,7/24/2027 12:00:00 AM,10 Months 2 Days,9000000,8411215,0,8/24/2026 8:22:33 PM,117617##130780##134182##141076,"3- Likely to contribute to gender equality, but without attention to age groups",Implementation,6279,PRJ_IMPL_RPT,675090.4275,10/1/2026 2:57:58 PM
24,[RA5-Septembre-2026 US] Assistance humanitaire vitale et rapide pour répondre aux besoins les plus critiques dans les zones de santé à forte sévérité intersectorielle,CBPF-DRC-26-R-INGO-NSFT-41615,,,2026,1,Concern,2,"Réponse humanitaire intégrée en Protection et Eau, Assainissement et Hygiène pour les populations affectées par les crises de déplacement à Nyemba et Beni, RDC.",10/15/2026 12:00:00 AM,8/14/2027 12:00:00 AM,10 Months,1050001,981309.4,0,9/19/2026 6:56:12 PM,3520##3520##4320##4640,"4- Likely to contribute to gender equality, including across age groups",Disbursement,6278,PRJ_DISBURSEMENT,684210.4050,10/8/2026 8:50:11 PM
24,[RA5-Septembre-2026 US] Assistance humanitaire vitale et rapide pour répondre aux besoins les plus critiques dans les zones de santé à forte sévérité intersectorielle,CBPF-DRC-26-R-INGO-NSFT-41629,,,2026,1,Alliance for International Medical Action,2,"Réponse rapide en santé et protection pour les populations vulnérables des provinces de l'Ituri, du Nord-Kivu, du Sud-Kivu.",10/15/2026 12:00:00 AM,7/31/2027 12:00:00 AM,9 Months 17 Days,2450000,2289720,0,9/20/2026 3:52:50 PM,60577##66955##92459##98837,"4- Likely to contribute to gender equality, including across age groups",Disbursement,6278,PRJ_DISBURSEMENT,674029.9650,10/9/2026 4:27:07 PM
24,[RA1-Janvier -2026] Réponse humanitaire d’urgence aux personnes déplacées internes (PDI) et communautés hôtes les plus vulnérables affectées par la crise d’Uvira,CBPF-DRC-26-R-NGO-39012,,,2026,1,"Unir pour la Cohabitation, l'Autopromotion et le Développement Intégré",1,Appui à la réponse EHA par les activités CATI au profit des populations des entités affectées  par la crise de cholera dans la zone de santé de Ruzizi,3/26/2026 12:00:00 AM,9/25/2026 12:00:00 AM,6 Months,149976.5,140165,0,2/1/2026 10:27:49 PM,3470##6250##1260##4020,"4- Likely to contribute to gender equality, including across age groups",Disbursement,6278,PRJ_DISBURSEMENT,1007015.1900,3/27/2026 5:13:49 PM
24,[RA1-Janvier -2026] Réponse humanitaire d’urgence aux personnes déplacées internes (PDI) et communautés hôtes les plus vulnérables affectées par la crise d’Uvira,CBPF-DRC-26-R-NGO-39032,,,2026,1,CONSEIL SUR LA SANTE ET L'ACADEMIE DE MEDECINE,1,Réponse d'urgence en Santé Nutrition aux déplacés et communautés hôtes vulnérables dans la zone de santé de Walungu au Sud-Kivu et réponse Ebola dans la zone de Bunia en Ituri  à l'est de la RDC,3/10/2026 12:00:00 AM,10/31/2026 12:00:00 AM,"7 Months, 22 Days",540000,504672.9,0,2/3/2026 3:47:12 PM,13328##14247##8731##9652,"4- Likely to contribute to gender equality, including across age groups",Implementation,6279,PRJ_IMPL_RPT,976473.8700,3/27/2026 5:08:17 PM
24,[RA1-Janvier -2026] Réponse humanitaire d’urgence aux personnes déplacées internes (PDI) et communautés hôtes les plus vulnérables affectées par la crise d’Uvira,CBPF-DRC-26-R-NGO-39038,,,2026,1,Groupe des Hommes Voués au Développement Intercommunautaire,1,ESPOIR 1 - Réponse multisectorielle en Protection VBG et Nutrition pour les populations déplacées et hôtes dans les zones de santé de Nyangezi et Kaziba (Sud-Kivu),3/16/2026 12:00:00 AM,11/30/2026 12:00:00 AM,"8 Months, 15 Days",325000,303738.3,0,2/3/2026 2:05:06 PM,2554##4080##2444##2960,"4- Likely to contribute to gender equality, including across age groups",Implementation,6279,PRJ_IMPL_RPT,984109.2000,3/31/2026 1:48:44 PM
24,[RA5-Septembre-2026 non-US] Assistance humanitaire vitale et rapide pour répondre aux besoins les plus critiques dans les zones de santé à forte sévérité intersectorielle,CBPF-DRC-26-R-NGO-41627,,,2026,1,Caritas Congo asbl,1,"Réponse intégrée Santé–Protection aux besoins vitaux des populations affectées par les conflits et les déplacements dans les ZS de Nyemba, Punia et Kabambare ",10/25/2026 12:00:00 AM,10/24/2027 12:00:00 AM,12 Months,1000000,934579.4,0,9/20/2026 1:01:15 PM,4900##5800##4400##4400,"4- Likely to contribute to gender equality, including across age groups",Disbursement,6278,PRJ_DISBURSEMENT,694390.8450,10/9/2026 4:34:21 PM
24,[RA5-Septembre-2026 non-US] Assistance humanitaire vitale et rapide pour répondre aux besoins les plus critiques dans les zones de santé à forte sévérité intersectorielle,CBPF-DRC-26-R-NGO-41632,,,2026,1,Observatoire des Droits Humains,1,"Assistance humanitaire intégrée en nutrition, SECAL, protection et éducation pour les enfants, femmes et ménages vulnérables de six ZS prioritaires du Tanganyika, Haut-Katanga, Sud-Kivu et Ituri.",10/21/2026 12:00:00 AM,10/20/2027 12:00:00 AM,12 Months,2000000,1869159,0,9/20/2026 9:38:59 PM,1700##4200##15700##16740,"4- Likely to contribute to gender equality, including across age groups",Disbursement,6278,PRJ_DISBURSEMENT,720690.3150,10/9/2026 4:31:53 PM
24,[RA5-Septembre-2026 non-US] Assistance humanitaire vitale et rapide pour répondre aux besoins les plus critiques dans les zones de santé à forte sévérité intersectorielle,CBPF-DRC-26-R-NGO-41633,,,2026,1,"Mouvement International des Droits de l’Enfant, de la Femme, de l’Homme veuf et de leur Promotion Sociale",1,"Assistance d’urgence pour la restauration des moyens d’existence agricoles des ménages déplacés, retournés et hôtes vulnérables affectés par l’insécurité alimentaire dans la zone de santé de Kabambare",10/18/2026 12:00:00 AM,10/17/2027 12:00:00 AM,12 Months,500000,467289.7,0,9/20/2026 9:26:04 PM,1152##649##1760##2439,"4- Likely to contribute to gender equality, including across age groups",Disbursement,6278,PRJ_DISBURSEMENT,728961.9225,10/8/2026 5:37:15 PM
24,[RA5-Septembre-2026 non-US] Assistance humanitaire vitale et rapide pour répondre aux besoins les plus critiques dans les zones de santé à forte sévérité intersectorielle,CBPF-DRC-26-R-NGO-41653,,,2026,1,JEUNESSE POUR LA SOLIDARITE ET LE DEVELOPPEMENT DANS LES PAYS DES GRANDS LACS,1,"Réponse vitale et rapide aux besoins les plus critiques en SECAL-Logistique et Education des populations les plus vulnérables des ZS de Mangala (Ituri), Nyemba (Tanganyika) et Uvira-Fizi (Sud-Kivu)",10/12/2026 12:00:00 AM,10/11/2027 12:00:00 AM,12 Months,1000000,934579.4,0,9/20/2026 5:22:05 PM,1983##3152##1325##1500,"4- Likely to contribute to gender equality, including across age groups",Disbursement,6278,PRJ_DISBURSEMENT,1003621.7100,10/6/2026 1:48:53 PM
24,[RA5-Septembre-2026 non-US] Assistance humanitaire vitale et rapide pour répondre aux besoins les plus critiques dans les zones de santé à forte sévérité intersectorielle,CBPF-DRC-26-R-NGO-41661,,,2026,1,YMES Grand Lac,1,Renforcement de l’accès aux services WASH en faveur des personnes affectées par des crises humanitaires dans les ZS de NIZI et Katoyi en Ituri et NK,10/12/2026 12:00:00 AM,7/11/2027 12:00:00 AM,9 Months,700000,654205.6,0,9/20/2026 7:47:31 AM,15194##24133##21451##28601,2- Unlikely to contribute to gender equality (no gender equality measure but includes age consideration),Disbursement,6278,PRJ_DISBURSEMENT,701389.8975,10/6/2026 1:47:55 PM
24,[RA 4-Aout-2026 US] Assistance humanitaire vitale et rapide ciblant les zones de santé à forte sévérité des besoins,CBPF-DRC-26-R-NGO-NSFT-41030,,,2026,1,Réseau des associations congolaises des jeunes du Nord-Kivu,1,"Assistance monétaire à usage multiple aux personnes les plus vulnérables dans les zones de santé de Goma, Karisimbi et Kirotshe situées dans la province du Nord-Kivu",9/21/2026 12:00:00 AM,3/20/2027 12:00:00 AM,6 Months,1000000,934579.4,0,8/23/2026 5:40:39 AM,3621##3625##5000##5004,"4- Likely to contribute to gender equality, including across age groups",Implementation,6279,PRJ_IMPL_RPT,728537.7375,9/22/2026 8:40:17 PM
24,[RA 4-Aout-2026 US] Assistance humanitaire vitale et rapide ciblant les zones de santé à forte sévérité des besoins,CBPF-DRC-26-R-NGO-NSFT-41033,,,2026,1,Programme de Promotion des Soins de santé primaires,1,"Réponse humanitaire en santé aux  déplacés, retournés et communautés hôtes se trouvant dans les zones de santé de Damas et Kilo, territoire de Djugu, province de l'Ituri",9/21/2026 12:00:00 AM,7/20/2027 12:00:00 AM,10 Months,1500000,1401869,0,8/24/2026 11:14:56 AM,17876##27285##19759##29166,"4- Likely to contribute to gender equality, including across age groups",Implementation,6279,PRJ_IMPL_RPT,689088.5325,9/22/2026 7:43:26 PM
24,[RA 4-Aout-2026 US] Assistance humanitaire vitale et rapide ciblant les zones de santé à forte sévérité des besoins,CBPF-DRC-26-R-NGO-NSFT-41044,,,2026,1,Caritas Bunia,1,"Assistance humanitaire d’urgence en SECAL en faveur des populations vulnérables affectées par des multiple crises dans le Territoire de Djugu (ZS de Drodro, Bambu et Kilo), Province de l’Ituri, en RDC",9/28/2026 12:00:00 AM,8/27/2027 12:00:00 AM,11 Months,2000000,1869159,0,8/24/2026 7:08:12 PM,1685##1965##2714##2996,"4- Likely to contribute to gender equality, including across age groups",Implementation,6279,PRJ_IMPL_RPT,690997.3650,9/21/2026 7:36:11 PM
24,[RA 4-Aout-2026 US] Assistance humanitaire vitale et rapide ciblant les zones de santé à forte sévérité des besoins,CBPF-DRC-26-R-NGO-NSFT-41108,,,2026,1,Caritas Congo asbl,1,"Assistance humanitaire vitale intégrée dans les zones de santé de Kibirizi, Masisi, Kalehe et Kwamouth (Nord-Kivu, Sud-Kivu et Maï-Ndombe)",9/25/2026 12:00:00 AM,6/24/2027 12:00:00 AM,9 Months,1000000,934579.4,0,8/21/2026 9:43:19 AM,2350##2938##1860##2644,1- Unlikely to contribute to gender equality (no gender equality measure and no age consideration),Implementation,6279,PRJ_IMPL_RPT,694390.8450,9/28/2026 10:08:10 PM
24,[RA 4-Aout-2026 US] Assistance humanitaire vitale et rapide ciblant les zones de santé à forte sévérité des besoins,CBPF-DRC-26-R-NGO-NSFT-41146,,,2026,1,RESEAU DES MEDIAS POUR LE DEVELOPPEMENT,1,"Assistance alimentaire vitale et relance agricole d'urgence en faveur des populations affectées par les conflits dans les zones de santé de BINZA, BAMBO et KATOYI au Nord-Kivu",10/1/2026 12:00:00 AM,3/31/2027 12:00:00 AM,6 Months,1000000,934579.4,0,8/24/2026 10:00:50 PM,2380##2490##3045##3155,"3- Likely to contribute to gender equality, but without attention to age groups",Implementation,6279,PRJ_IMPL_RPT,987290.5875,9/21/2026 7:37:23 PM
24,[RA5-Septembre-2026 US] Assistance humanitaire vitale et rapide pour répondre aux besoins les plus critiques dans les zones de santé à forte sévérité intersectorielle,CBPF-DRC-26-R-NGO-NSFT-41581,,,2026,1,FEMME CONGOLAISE POUR LE DEVELOPPEMENT,1,"Assistance Multisectorielle en Santé, Wash et Nutrition pour les populations plus affectées en Zones de Santé de Damas, Mangala,(Ituri) et Kimbi-Lulenge (Sud kivu)",10/15/2026 12:00:00 AM,8/14/2027 12:00:00 AM,10 Months,2125000,1985981,0,9/19/2026 8:26:29 PM,11000##40000##11000##30000,"4- Likely to contribute to gender equality, including across age groups",Disbursement,6278,PRJ_DISBURSEMENT,995350.1025,10/9/2026 4:24:18 PM
24,[RA5-Septembre-2026 US] Assistance humanitaire vitale et rapide pour répondre aux besoins les plus critiques dans les zones de santé à forte sévérité intersectorielle,CBPF-DRC-26-R-NGO-NSFT-41583,,,2026,1,Association pour le Developpement Social et la Sauvegarde de l'Environnement,1,"Réponse Multisectorielle en Sante, Nutrition, et EHA en faveur des populations affectées par la crise humanitaire dans les ZS  Bambu, Isiro, Rungu et Wamba / Provinces de l'Ituri et du Haut Uele",10/15/2026 12:00:00 AM,8/31/2027 12:00:00 AM,10 Months 17 Days,2600000,2429907,0,9/20/2026 9:58:44 PM,28328##30198##14162##14036,"4- Likely to contribute to gender equality, including across age groups",Disbursement,6278,PRJ_DISBURSEMENT,691633.6425,10/8/2026 8:54:12 PM
24,[RA5-Septembre-2026 US] Assistance humanitaire vitale et rapide pour répondre aux besoins les plus critiques dans les zones de santé à forte sévérité intersectorielle,CBPF-DRC-26-R-NGO-NSFT-41602,,,2026,1,Programme de Promotion des Soins de santé primaires,1,"Réponse intégrée en nutrition et appui logistique au déploiement des EIR pour la riposte contre la MVE dans les ZS d'Adja, Bambu, Damas, Fataki, Kilo, Mangala, Nia-Nia (Ituri) et Buta (Bas-Uélé)",10/5/2026 12:00:00 AM,7/4/2027 12:00:00 AM,9 Months,1900000,1775701,0,9/20/2026 7:10:44 PM,6##9084##1881##1957,"4- Likely to contribute to gender equality, including across age groups",Disbursement,6278,PRJ_DISBURSEMENT,689088.5325,10/8/2026 8:52:16 PM
24,[RA5-Septembre-2026 US] Assistance humanitaire vitale et rapide pour répondre aux besoins les plus critiques dans les zones de santé à forte sévérité intersectorielle,CBPF-DRC-26-R-NGO-NSFT-41608,,,2026,1,CONSEIL SUR LA SANTE ET L'ACADEMIE DE MEDECINE,1,"Réponse multisectorielle aux déplacés internes et populations hôtes des zones de Aungba, Itebero, Kalehe, Kibirizi et Mweso dans les prionvince du Nord-Kivu, Sud-Kivu et Ituri à l’Est de la RDC",10/12/2026 12:00:00 AM,8/11/2027 12:00:00 AM,10 Months,1850000,1728972,0,9/20/2026 6:34:32 PM,55230##59040##36185##39995,"4- Likely to contribute to gender equality, including across age groups",Disbursement,6278,PRJ_DISBURSEMENT,976473.8700,10/2/2026 7:14:10 PM
24,[RA5-Septembre-2026 US] Assistance humanitaire vitale et rapide pour répondre aux besoins les plus critiques dans les zones de santé à forte sévérité intersectorielle,CBPF-DRC-26-R-NGO-NSFT-41619,,,2026,1,Rebuild Hope for Africa,1,"Réponse intégrée Nutrition-EHA en faveur des enfants, FEFA et ménages vulnérables dans les zones de santé de Kabambare et Punia,  Province du Maniema",10/12/2026 12:00:00 AM,7/11/2027 12:00:00 AM,9 Months,1175000,1098131,0,9/20/2026 9:06:56 AM,8223##8559##8909##9272,"4- Likely to contribute to gender equality, including across age groups",Disbursement,6278,PRJ_DISBURSEMENT,686967.6075,10/8/2026 2:48:44 PM
24,[RA1-Janvier -2026] Réponse humanitaire d’urgence aux personnes déplacées internes (PDI) et communautés hôtes les plus vulnérables affectées par la crise d’Uvira,CBPF-DRC-26-R-O-38990,,,2026,1,Croix Rouge RDC /Tanganyika,4,Appui au renforcement des mécanismes communautaires de prévention et de lutte contre le choléra aux personnes affectées par la crise d'Uvira dans les zones de santé de Kalemie et Nyemba,3/15/2026 12:00:00 AM,9/14/2026 12:00:00 AM,6 Months,350000,327102.8,0,1/29/2026 2:19:11 PM,5840##8760##8760##13140,"4- Likely to contribute to gender equality, including across age groups",Implementation,6464,PRJ_UND_FINAL_RPT,733203.7725,3/27/2026 5:11:50 PM
24,[RA 4-Aout-2026 US] Assistance humanitaire vitale et rapide ciblant les zones de santé à forte sévérité des besoins,CBPF-DRC-26-R-O-NSFT-41002,,,2026,1,Croix-Rouge de la République Démocratique du Congo,4,"Approvisionnement et distribution d’intrants EDS et PCI-WASH dans les zones affectées par la Maladie à Virus Ebola en Ituri, Haut-Uélé et Tshopo",9/28/2026 12:00:00 AM,6/28/2027 12:00:00 AM,9 Months 1 Days,799958.8,747625,0,8/24/2026 1:49:17 PM,6000##6000##4000##4000,"4- Likely to contribute to gender equality, including across age groups",Disbursement,6278,PRJ_DISBURSEMENT,973928.7600,9/25/2026 8:21:39 PM
24,[RA1-Janvier -2026] Réponse humanitaire d’urgence aux personnes déplacées internes (PDI) et communautés hôtes les plus vulnérables affectées par la crise d’Uvira,CBPF-DRC-26-R-UN-39028,,,2026,1,International Organization for Migration,3,Support to vulnerable displaced populations in Kalemie and Nyemba  through the provision of Camp Coordination and Camp Management services,3/16/2026 12:00:00 AM,9/15/2026 12:00:00 AM,6 Months,500000,467289.7,0,2/3/2026 8:11:03 PM,6406##6713##8537##8844,"4- Likely to contribute to gender equality, including across age groups",Implementation,6464,PRJ_UND_FINAL_RPT,675938.7975,4/8/2026 9:04:09 PM
24,[RA2-Mars-2026 US] Assistance humanitaire vitale et rapide ciblant les zones de santé à forte sévérité des besoins,CBPF-DRC-26-R-UN-NSFT-39497,,,2026,1,World Food Programme,3,Projet de renforcement de la sécurité alimentaire pour les personnes affectées par les crises à l’est de la RDC.,4/15/2026 12:00:00 AM,10/14/2026 12:00:00 AM,6 Months,4E+07,3.738318E+07,0,4/1/2026 7:02:39 PM,91465##113008##156074##177592,"3- Likely to contribute to gender equality, but without attention to age groups",Implementation,6279,PRJ_IMPL_RPT,676362.9825,4/17/2026 5:24:48 PM
24,[RA2-Mars-2026 US] Assistance humanitaire vitale et rapide ciblant les zones de santé à forte sévérité des besoins,CBPF-DRC-26-R-UN-NSFT-39513,,,2026,1,International Organization for Migration,3,"Direct lifesaving Shelter/NFI, CCCM, WASH and Protection assistance for conflict-affected populations in Eastern Democratic Republic of the Congo",4/20/2026 12:00:00 AM,10/19/2026 12:00:00 AM,6 Months,7000000,6542056,0,4/1/2026 2:49:11 PM,51144##52873##64279##71527,"4- Likely to contribute to gender equality, including across age groups",Implementation,6279,PRJ_IMPL_RPT,675938.7975,4/28/2026 3:11:25 PM
24,[RA2-Mars-2026 US] Assistance humanitaire vitale et rapide ciblant les zones de santé à forte sévérité des besoins,CBPF-DRC-26-R-UN-NSFT-39528,,,2026,1,United Nations High Commissioner for Refugees,3,"Safer Communities: Strengthening Protection Monitoring, Access to Services, and Durable Solutions in Eastern DRC",4/20/2026 12:00:00 AM,12/31/2026 12:00:00 AM,"8 Months, 12 Days",1.35E+07,1.267606E+07,0,4/1/2026 9:44:47 PM,52268##62658##17343##23264,"4- Likely to contribute to gender equality, including across age groups",Implementation,6279,PRJ_IMPL_RPT,683362.0350,4/28/2026 3:10:25 PM
24,[RA2-Mars-2026 US] Assistance humanitaire vitale et rapide ciblant les zones de santé à forte sévérité des besoins,CBPF-DRC-26-R-UN-NSFT-39545,,,2026,1,United Nations Children's Fund,3,UNICEF Emergency Rapid Response (UniRR) and Nutrition continuity responses for treatment of acute malnutrition in Eastern DRC,4/20/2026 12:00:00 AM,12/31/2026 12:00:00 AM,"8 Months, 12 Days",1E+07,9345794,0,4/1/2026 5:54:10 PM,20025##25620##561868##574944,"4- Likely to contribute to gender equality, including across age groups",Implementation,6279,PRJ_IMPL_RPT,675726.7050,4/17/2026 5:26:35 PM
24,[RA2-Mars-2026 US] Assistance humanitaire vitale et rapide ciblant les zones de santé à forte sévérité des besoins,CBPF-DRC-26-R-UN-NSFT-39546,,,2026,1,Food and Agriculture Organization of the United Nations,3,Assistance vitale à la production alimentaire d’urgence en faveur des ménages vulnérables dans les zones de santé prioritaires de l’Est de la RDC,4/22/2026 12:00:00 AM,10/21/2026 12:00:00 AM,6 Months,1E+07,9345794,0,4/1/2026 5:28:14 PM,64739##89406##123079##145442,"4- Likely to contribute to gender equality, including across age groups",Implementation,6279,PRJ_IMPL_RPT,692482.0125,4/18/2026 4:52:12 PM
24,[RA 3-Juin-2026 US] Allocation for the Ebola Virus Disease (EVD) Outbreak,CBPF-DRC-26-R-UN-NSFT-40047,,,2026,1,Food and Agriculture Organization of the United Nations,3,Appui One Health à la riposte Ebola et à la sécurité alimentaire des communautés affectées,7/16/2026 12:00:00 AM,1/15/2027 12:00:00 AM,6 Months,3000000,2803738,0,7/2/2026 7:50:14 PM,10##10##10##10,"4- Likely to contribute to gender equality, including across age groups",Implementation,6279,PRJ_IMPL_RPT,692482.0125,8/17/2026 7:18:15 PM
24,[RA 3-Juin-2026 US] Allocation for the Ebola Virus Disease (EVD) Outbreak,CBPF-DRC-26-R-UN-NSFT-40060,,,2026,1,United Nations Children's Fund,3,UNICEF Emergency Rapid Response (UniRR) and Nutrition continuity responses for treatment of acute malnutrition in Eastern DRC in the context of EVD,7/16/2026 12:00:00 AM,1/15/2027 12:00:00 AM,6 Months,3000000,2803738,0,7/8/2026 8:53:06 AM,0##12##0##0,"4- Likely to contribute to gender equality, including across age groups",Implementation,6279,PRJ_IMPL_RPT,675726.7050,7/23/2026 4:47:10 PM
24,[RA 3-Juin-2026 US] Allocation for the Ebola Virus Disease (EVD) Outbreak,CBPF-DRC-26-R-UN-NSFT-40062,,,2026,1,United Nations High Commissioner for Refugees,3,"Strengthening Ebola Preparedness and Rapid Response Capacities for Internally Displaced Persons, Refugees, and Host Communities in Eastern Democratic Republic of the Congo",7/22/2026 12:00:00 AM,1/21/2027 12:00:00 AM,6 Months,2500007,2347424,0,7/6/2026 5:14:18 PM,72848##80181##27849##35406,"4- Likely to contribute to gender equality, including across age groups",Implementation,6279,PRJ_IMPL_RPT,683362.0350,8/26/2026 7:16:39 PM
24,[RA 3-Juin-2026 US] Allocation for the Ebola Virus Disease (EVD) Outbreak,CBPF-DRC-26-R-UN-NSFT-40063,,,2026,1,International Organization for Migration,3,"Delivering Rapid, Data-Informed Life-Saving Ebola Virus Disease Response in High-Risk Health Zones of Eastern Democratic Republic of the Congo",7/23/2026 12:00:00 AM,1/22/2027 12:00:00 AM,6 Months,1979352,1849862,0,7/3/2026 12:09:10 PM,32633##40213##39522##42186,"4- Likely to contribute to gender equality, including across age groups",Implementation,6279,PRJ_IMPL_RPT,675938.7975,8/12/2026 7:35:30 PM
53,2026 Third Reserve Allocation,CBPF-ETH-26-R-INGO-40296,,,2026,1,International Medical Corps,2,Strengthening National Preparedness and Readiness for Ebola Outbreak: Capacitating and Revitalizing Addis Ababa EVD Isolation and Treatment Center,8/10/2026 12:00:00 AM,10/9/2026 12:00:00 AM,2 Months,88000,82242.99,0,7/27/2026 10:55:52 AM,162##163##59##61,"4- Likely to contribute to gender equality, including across age groups",Reporting,3514,PRJ_UND_FINAL_RPT,2373533.2380,8/28/2026 7:36:38 PM
53,U.S.-Funded Rapid Life-Saving Response Allocation,CBPF-ETH-26-R-INGO-NSFT-39270,,,2026,1,GOAL,2,"Multi-sectoral Immediate Life-Saving Response to Population Movements, Supporting Refugees with Health and Nutrition Services in Gambella and Amhara regions",3/23/2026 12:00:00 AM,9/22/2026 12:00:00 AM,6 Months,2300000,2149533,0,3/10/2026 2:39:59 PM,130302##151267##129075##148467,"4- Likely to contribute to gender equality, including across age groups",Implementation,3514,PRJ_UND_FINAL_RPT,2362094.5236,3/27/2026 2:00:36 PM
53,U.S.-Funded Rapid Life-Saving Response Allocation,CBPF-ETH-26-R-INGO-NSFT-39273,,,2026,1,Vétérinaires sans Frontières (Germany),2,Action for Lifesaving Emergency Response in Tigray &amp; Afar (ALERT) regions of Ethiopia.,3/23/2026 12:00:00 AM,9/22/2026 12:00:00 AM,6 Months,2400000,2242991,0,3/11/2026 9:07:06 AM,32611##32518##26940##26821,"4- Likely to contribute to gender equality, including across age groups",Implementation,3514,PRJ_UND_FINAL_RPT,192551.6924,3/27/2026 9:49:31 AM
53,U.S.-Funded Rapid Life-Saving Response Allocation,CBPF-ETH-26-R-INGO-NSFT-39276,,,2026,1,World Vision International Ethiopia,2,Integrated Response in Amhara and Somali Regions.,3/23/2026 12:00:00 AM,9/22/2026 12:00:00 AM,6 Months,5250000,4906542,0,3/12/2026 10:08:27 AM,100541##104008##92013##96706,"4- Likely to contribute to gender equality, including across age groups",Implementation,3514,PRJ_UND_FINAL_RPT,612924.4466,3/27/2026 2:19:54 PM
53,U.S.-Funded Rapid Life-Saving Response Allocation,CBPF-ETH-26-R-INGO-NSFT-39278,,,2026,1,Norwegian Refugee Council,2,"Multi-sectoral response for IDPs and Refugees in shock affected priority woredas of Afar, Tigray, Amhara, Oromia, Bennishangul Gumuz, Contested Areas and Somali regions. ",4/1/2026 12:00:00 AM,9/30/2026 12:00:00 AM,6 Months,5100000,4766355,0,3/10/2026 2:49:29 PM,41980##43601##54365##56478,"4- Likely to contribute to gender equality, including across age groups",Implementation,3514,PRJ_UND_FINAL_RPT,2427867.1314,4/2/2026 3:45:17 PM
53,U.S.-Funded Rapid Life-Saving Response Allocation,CBPF-ETH-26-R-INGO-NSFT-39285,,,2026,1,Plan International,2,Emergency WASH and Shelter NFI Response for South Sudanese Refugees and IDPs in Gambella,3/23/2026 12:00:00 AM,9/22/2026 12:00:00 AM,6 Months,2000000,1869159,0,3/11/2026 10:11:08 AM,12423##25275##33031##33551,"4- Likely to contribute to gender equality, including across age groups",Implementation,3514,PRJ_UND_FINAL_RPT,324096.9080,3/27/2026 2:08:22 PM
53,U.S.-Funded Rapid Life-Saving Response Allocation,CBPF-ETH-26-R-INGO-NSFT-39288,,,2026,1,Save the Children Fund,2,"Rapid, life-saving WASH and ESNFI support for vulnerable IDPs and host communities in Tigray, Amhara, Oromia, and Somali regions of Ethiopia.",4/1/2026 12:00:00 AM,9/30/2026 12:00:00 AM,6 Months,5100000,4766355,0,3/10/2026 10:56:02 AM,61870##63791##49664##48596,"4- Likely to contribute to gender equality, including across age groups",Implementation,3514,PRJ_UND_FINAL_RPT,2744338.2298,4/1/2026 2:19:56 PM
53,2026 First Reserve Allocation,CBPF-ETH-26-R-NGO-39130,,,2026,1,Mums for Mums,1,Reinforce the Centrality of Protection in Humanitarian Assistance in Adigrat Town,5/1/2026 12:00:00 AM,4/30/2027 12:00:00 AM,12 Months,599976.4,560725.6,0,3/4/2026 4:22:02 AM,0##10223##0##7100,"4- Likely to contribute to gender equality, including across age groups",Implementation,683,PRJ_IMPL_RPT,10845807.7036,5/4/2026 6:47:38 PM
53,2026 First Reserve Allocation,CBPF-ETH-26-R-NGO-39132,,,2026,1,Nexus of National Humanitarian Actors in Ethiopia (Nexus Ethiopia),1,"Integrated GBV  and Child Protection Case Management and MHPSS Response with Cash and Dignity Kit Support for Crisis Affected Communities in Haro Limu Ibentu Woredas, East Wollega  Oromia Region.",5/1/2026 12:00:00 AM,4/30/2027 12:00:00 AM,12 Months,700000,654205.6,0,3/5/2026 8:05:32 PM,8021##8368##9066##9414,"4- Likely to contribute to gender equality, including across age groups",Implementation,683,PRJ_IMPL_RPT,10861059.3228,4/24/2026 2:04:48 PM
53,2026 First Reserve Allocation,CBPF-ETH-26-R-NGO-39136,,,2026,1,Mothers and Children Multisectoral Development Organization,1,"Reinforcing Protection and GBV response service for people affected by Displacement and Drought in Afar zone 4, Yalo woreda.",5/1/2026 12:00:00 AM,4/30/2027 12:00:00 AM,12 Months,250000,233644.9,0,4/2/2026 10:26:37 AM,1003##4933##2422##3737,"4- Likely to contribute to gender equality, including across age groups",Implementation,683,PRJ_IMPL_RPT,1515629.6580,4/22/2026 8:22:58 PM
53,2026 First Reserve Allocation,CBPF-ETH-26-R-NGO-39137,,,2026,1,Action for the Needy in Ethiopia,1,Emergency protection-centered humanitarian   assistance to strengthen the protection outcomes in conflict affected areas of Ethiopia,5/1/2026 12:00:00 AM,4/30/2027 12:00:00 AM,12 Months,350000,327102.8,0,4/1/2026 7:09:39 PM,0##1980##220##1320,"4- Likely to contribute to gender equality, including across age groups",Implementation,683,PRJ_IMPL_RPT,2823456.0044,4/22/2026 8:24:06 PM
53,2026 First Reserve Allocation,CBPF-ETH-26-R-NGO-39138,,,2026,1,Women and Pastoralist Youth Development Organization (Wa-PYDO),1,"Strengthening Protection and GBV Response for Drought-Affected Women, Girls and Vulnerable Groups in Kelafo Woreda, Shabelle Zone",5/1/2026 12:00:00 AM,4/30/2027 12:00:00 AM,12 Months,299905.6,280285.6,0,3/6/2026 5:51:41 AM,1000##1800##1000##1200,"4- Likely to contribute to gender equality, including across age groups",Implementation,683,PRJ_IMPL_RPT,4214213.0302,5/4/2026 6:58:36 PM
53,2026 First Reserve Allocation,CBPF-ETH-26-R-NGO-39139,,,2026,1,Development Through Adult and Non-Formal Education,1,"Survivor-Centered Protection and GBV Services for Conflict-Affected Women and Girls in East Belesa,  Debat Woreda, Central  and North Gondar Zone.",5/1/2026 12:00:00 AM,4/30/2027 12:00:00 AM,12 Months,399560.5,373421,0,3/6/2026 9:27:51 AM,2661##4517##3867##4140,"4- Likely to contribute to gender equality, including across age groups",Implementation,683,PRJ_IMPL_RPT,10539822.0934,5/11/2026 10:45:42 PM
53,2026 First Reserve Allocation,CBPF-ETH-26-R-NGO-39163,,,2026,1,Women Empowerment-Action,1,"Resilient Pathways: Strengthening GBV Prevention and Response in Dasenech District, South Omo Zone, South Ethiopia Region",5/1/2026 12:00:00 AM,4/30/2027 12:00:00 AM,12 Months,299999.3,280373.2,0,3/5/2026 1:20:53 PM,730##2137##625##1719,"4- Likely to contribute to gender equality, including across age groups",Implementation,683,PRJ_IMPL_RPT,10521710.7956,4/22/2026 3:21:55 PM
53,2026 First Reserve Allocation,CBPF-ETH-26-R-NGO-39165,,,2026,1,Organization for Welfare and Development in Action,1,Reinforcing the Centrality of Protection in Humanitarian Assistance in Areas Affected by Displacement and Drought-related Shocks in the Mayumuluko and Salahad  Woreda of Somali region,5/1/2026 12:00:00 AM,4/30/2027 12:00:00 AM,12 Months,350000.5,327103.3,0,3/6/2026 11:55:44 AM,2398##9293##4097##6674,"4- Likely to contribute to gender equality, including across age groups",Implementation,683,PRJ_IMPL_RPT,1838773.3398,5/4/2026 6:57:33 PM
53,2026 First Reserve Allocation,CBPF-ETH-26-R-NGO-39194,,,2026,1,Ethiopian Kale Hiwot Church Humanitarian Aid and Development Commission,1,Midega-Tolla and Fedis Districts Protection Project,5/1/2026 12:00:00 AM,4/30/2027 12:00:00 AM,12 Months,350000,327102.8,0,3/6/2026 8:39:21 AM,729##1100##1107##2000,"4- Likely to contribute to gender equality, including across age groups",Implementation,683,PRJ_IMPL_RPT,10465470.4498,5/11/2026 10:42:13 PM
53,2026 First Reserve Allocation,CBPF-ETH-26-R-NGO-39195,,,2026,1,Partnership for Pastoralist Development Association,1,"Integrating and Strengthening Community-Based Protection and Resilience for Drought-Affected Communities in Rayitu Woreda, East Bale Zone, Oromia Region.",5/1/2026 12:00:00 AM,4/30/2027 12:00:00 AM,12 Months,200000,186915.9,0,3/6/2026 9:01:27 AM,1615##12174##762##3455,"4- Likely to contribute to gender equality, including across age groups",Implementation,683,PRJ_IMPL_RPT,2824409.2306,4/28/2026 7:12:14 PM
53,2026 First Reserve Allocation,CBPF-ETH-26-R-NGO-39198,,,2026,1,Emmanuel Development Association,1,"Protection- and GBV‑Centered Life‑Saving Support for IDPs and Host Communities in Efratana Gidim &amp; Ataye, North Shewa Zone, Amhara",5/1/2026 12:00:00 AM,3/31/2027 12:00:00 AM,11 Months,550000,514018.7,0,3/5/2026 5:41:24 AM,4095##2527##5060##6515,"4- Likely to contribute to gender equality, including across age groups",Implementation,683,PRJ_IMPL_RPT,3888209.6698,5/4/2026 6:45:50 PM
53,2026 First Reserve Allocation,CBPF-ETH-26-R-NGO-39223,,,2026,1,The Ethiopian Evangelical Church Mekane Yesus Development and Social Service Commission,1,"Reinforcing the Centrality of Protection through Enhanced Protection Package for Conflict-Affected IDP, Returnees and Host Communities in Begi and Kondala Woredas of West Wollega Zone, Ethiopia",5/1/2026 12:00:00 AM,1/31/2027 12:00:00 AM,9 Months,350000,327102.8,0,3/6/2026 7:20:27 AM,2200##5872##3300##4700,"4- Likely to contribute to gender equality, including across age groups",Implementation,683,PRJ_IMPL_RPT,10431154.3066,5/11/2026 10:44:30 PM
53,2026 First Reserve Allocation,CBPF-ETH-26-R-NGO-39232,,,2026,1,Amhara Women Association,1,"Integrated Protection: GBV case management, MHPSS, and cash support for conflict-affected IDP women, girls, children, and vulnerable households in Merhabete Woreda and Shoa Robit, North Shewa, ",5/7/2026 12:00:00 AM,5/6/2027 12:00:00 AM,12 Months,649942.1,607422.5,0,3/5/2026 6:21:02 PM,1900##9544##1540##3300,"4- Likely to contribute to gender equality, including across age groups",Implementation,683,PRJ_IMPL_RPT,10831509.3106,5/29/2026 8:41:46 PM
53,2026 First Reserve Allocation,CBPF-ETH-26-R-NGO-39243,,,2026,1,Afar Pastoralist Development Association,1,"Establishing community driven protection and recovery for vulnerable, displaced people, particularly females in Magaale, Afar Region",5/1/2026 12:00:00 AM,4/30/2027 12:00:00 AM,12 Months,149994.4,142851.8,0,3/6/2026 10:15:38 AM,1559##5785##365##2980,"4- Likely to contribute to gender equality, including across age groups",Implementation,683,PRJ_IMPL_RPT,10850573.8346,5/11/2026 10:43:19 PM
53,2026 Third Reserve Allocation,CBPF-ETH-26-R-NGO-40285,,,2026,1,Mothers and Children Multisectoral Development Organization,1,"Integrated multi-sector assistance to support anticipatory drought response in Afar region, Zone 1, Kori woreda",8/17/2026 12:00:00 AM,2/16/2027 12:00:00 AM,6 Months,175000,163551.4,0,7/27/2026 2:12:06 PM,2078##3711##1848##2222,"4- Likely to contribute to gender equality, including across age groups",Implementation,683,PRJ_IMPL_RPT,1515629.6580,8/24/2026 1:40:09 AM
53,2026 Third Reserve Allocation,CBPF-ETH-26-R-NGO-40302,,,2026,1,Positive Action for Development,1,"Strengthening Community Resilience through Integrated Protection, Health and WASH Services in Drought-Affected Areas of Afar region",8/17/2026 12:00:00 AM,2/16/2027 12:00:00 AM,6 Months,325000,303738.3,0,7/27/2026 11:35:31 AM,4816##5550##2125##2898,"4- Likely to contribute to gender equality, including across age groups",Implementation,683,PRJ_IMPL_RPT,10464517.2236,8/24/2026 1:38:29 AM
53,2026 Third Reserve Allocation,CBPF-ETH-26-R-NGO-40323,,,2026,1,"Organization for Social Services, Health and Development",1,"Anticipatory Protection, WASH, and Health Support for Drought‑Prone Communities in Central Tigray , Egela, Hahayle and Abergele  woredas.",8/20/2026 12:00:00 AM,1/19/2027 12:00:00 AM,5 Months,500000,467289.7,0,7/27/2026 1:39:11 PM,8820##21420##20580##9180,"4- Likely to contribute to gender equality, including across age groups",Implementation,683,PRJ_IMPL_RPT,10484534.9738,8/24/2026 1:41:38 AM
53,U.S.-Funded Rapid Life-Saving Response Allocation,CBPF-ETH-26-R-NGO-NSFT-39275,,,2026,1,"Organization for Social Services, Health and Development",1,"Integrated Camp Coordination and Camp Management (CCCM) Services for Life-Saving Assistance in targeted IDP Sites, Tigray Region, Ethiopia",3/23/2026 12:00:00 AM,9/22/2026 12:00:00 AM,6 Months,1199979,1121476,0,3/11/2026 1:57:16 PM,24273##33682##27732##23087,"4- Likely to contribute to gender equality, including across age groups",Implementation,3514,PRJ_UND_FINAL_RPT,10484534.9738,3/26/2026 8:48:06 PM
53,U.S.-Funded Rapid Life-Saving Response Allocation,CBPF-ETH-26-R-NGO-NSFT-39282,,,2026,1,Fayyaa Integrated Development Organization,1,"Rapid life-saving integrated response to disease outbreaks and acute malnutrition in Oromia Region, Ethiopia. ",4/1/2026 12:00:00 AM,9/30/2026 12:00:00 AM,6 Months,4550000,4252337,0,3/10/2026 1:59:37 PM,43117##56792##96436##99473,"4- Likely to contribute to gender equality, including across age groups",Implementation,3514,PRJ_UND_FINAL_RPT,1842586.2446,3/26/2026 8:33:57 PM
53,U.S.-Funded Rapid Life-Saving Response Allocation,CBPF-ETH-26-R-NGO-NSFT-39287,,,2026,1,Positive Action for Development,1,Rapid Life-Saving Assistance through Camp Coordination and Multi-Purpose Cash Support for Populations in High-Severity Crisis Areas of Ethiopia.,3/23/2026 12:00:00 AM,9/22/2026 12:00:00 AM,6 Months,1550000,1448598,0,3/11/2026 8:05:27 AM,15502##20605##12233##11854,"4- Likely to contribute to gender equality, including across age groups",Implementation,3514,PRJ_UND_FINAL_RPT,10464517.2236,3/25/2026 10:27:01 PM
53,U.S.-Funded Rapid Life-Saving Response Allocation,CBPF-ETH-26-R-NGO-NSFT-39293,,,2026,1,Mothers and Children Multisectoral Development Organization,1,Integrated Multisectoral Rapid Life-Saving Response to Disease Outbreaks and Acute Malnutrition in Seven Woredas of Tigray Region and Two Woredas of Contested Areas 3.,4/1/2026 12:00:00 AM,9/30/2026 12:00:00 AM,6 Months,4550000,4252337,0,3/10/2026 1:16:35 PM,30099##52839##22823##33250,"4- Likely to contribute to gender equality, including across age groups",Implementation,3514,PRJ_UND_FINAL_RPT,1515629.6580,3/26/2026 8:32:36 PM
53,2026 Third Reserve Allocation,CBPF-ETH-26-R-O-40301,,,2026,1,Ethiopian Red Cross Society,4,"Emergency   assistance to   South Sudanese   refugees and   affected host   communities in   Akobo, Gambella.      ",8/24/2026 12:00:00 AM,2/23/2027 12:00:00 AM,6 Months,700000,654205.6,0,7/27/2026 7:14:34 AM,12207##14929##10234##12630,0- Does not systematically link programming actions,Implementation,683,PRJ_IMPL_RPT,973243.9502,9/8/2026 1:40:25 PM
53,U.S.-Funded Rapid Life-Saving Response Allocation,CBPF-ETH-26-R-UN-NSFT-39286,,,2026,1,International Organization for Migration,3,Multi-sectoral response to population movement in Tigray and Contested Area 2 and multi-purpose cash assistance to support food security in Oromia,4/1/2026 12:00:00 AM,9/30/2026 12:00:00 AM,6 Months,1.165E+07,1.088785E+07,0,3/10/2026 2:59:23 PM,27829##28128##41451##45574,"4- Likely to contribute to gender equality, including across age groups",Implementation,3514,PRJ_UND_FINAL_RPT,2386878.4048,4/6/2026 4:20:56 PM
53,U.S.-Funded Rapid Life-Saving Response Allocation,CBPF-ETH-26-R-UN-NSFT-39289,,,2026,1,World Food Programme,3,Ethiopia Life-Saving Food Assistance,3/23/2026 12:00:00 AM,9/22/2026 12:00:00 AM,6 Months,1.6325E+07,1.525701E+07,0,3/11/2026 3:47:14 PM,55536##126102##217189##212555,"4- Likely to contribute to gender equality, including across age groups",Implementation,3514,PRJ_UND_FINAL_RPT,2539394.5968,3/30/2026 2:57:29 PM
53,U.S.-Funded Rapid Life-Saving Response Allocation,CBPF-ETH-26-R-UN-NSFT-39302,,,2026,1,Food and Agriculture Organization of the United Nations,3,"Lifesaving Humanitarian Assistance for Farmers, Pastoral and Agropastoral communities impacted by drought in Ethiopia",3/23/2026 12:00:00 AM,9/22/2026 12:00:00 AM,6 Months,9650000,9018692,0,3/10/2026 12:05:41 PM,114568##116580##135676##135676,1- Unlikely to contribute to gender equality (no gender equality measure and no age consideration),Implementation,3514,PRJ_UND_FINAL_RPT,2668080.1338,3/30/2026 12:20:27 PM
53,U.S.-Funded Rapid Life-Saving Response Allocation,CBPF-ETH-26-R-UN-NSFT-39322,,,2026,1,United Nations Children's Fund,3,"Life-Saving Health, Nutrition and Safe Water Supply for vulnerable people in priority woredas affected by disease outbreaks and Acute malnutrition in Amhara, Oromia, Somali and Tigray Regions",4/1/2026 12:00:00 AM,9/30/2026 12:00:00 AM,6 Months,1.530001E+07,1.429907E+07,0,3/11/2026 5:42:40 AM,228510##226376##793832##758902,"4- Likely to contribute to gender equality, including across age groups",Implementation,3514,PRJ_UND_FINAL_RPT,2516517.1680,3/31/2026 2:07:05 PM
53,U.S.-Funded Rapid Life-Saving Response Allocation,CBPF-ETH-26-R-UN-NSFT-39326,,,2026,1,United Nations High Commissioner for Refugees,3,"Rapid Life-Saving Response in Gambella, Somali, Tigray and Amhara Regions",4/1/2026 12:00:00 AM,9/30/2026 12:00:00 AM,6 Months,1.0075E+07,9460094,0,3/17/2026 5:56:18 AM,187702##203078##181216##151085,"4- Likely to contribute to gender equality, including across age groups",Implementation,3514,PRJ_UND_FINAL_RPT,2506984.9060,4/8/2026 4:08:11 PM
59,Fast-tracked support to hyper-prioritized HNRP 2026 – US funding,CBPF-MM-26-R-INGO-NSFT-39333,,,2026,1,International NGO,2,Myanmar project,4/1/2026 12:00:00 AM,9/30/2026 12:00:00 AM,6 Months,1.1E+07,1.028037E+07,0,3/19/2026 6:55:58 AM,58445##67017##34927##35009,"4- Likely to contribute to gender equality, including across age groups",Implementation,3513,PRJ_UND_FINAL_RPT,3194150.0240,3/31/2026 9:01:31 PM
59,Fast-tracked support to hyper-prioritized HNRP 2026 – US funding,CBPF-MM-26-R-INGO-NSFT-39334,,,2026,1,International NGO,2,Myanmar project,4/1/2026 12:00:00 AM,9/30/2026 12:00:00 AM,6 Months,4516245,4220790,0,3/19/2026 9:07:32 AM,25679##26551##12260##12831,"4- Likely to contribute to gender equality, including across age groups",Reporting,3513,PRJ_UND_FINAL_RPT,640247.5270,3/31/2026 10:00:28 PM
59,Fast-tracked support to hyper-prioritized HNRP 2026 – US funding,CBPF-MM-26-R-INGO-NSFT-39335,,,2026,1,International NGO,2,Myanmar project,4/1/2026 12:00:00 AM,9/30/2026 12:00:00 AM,6 Months,1.05E+07,9813084,0,3/19/2026 2:55:39 AM,83835##112183##45981##55897,"4- Likely to contribute to gender equality, including across age groups",Implementation,3513,PRJ_UND_FINAL_RPT,603628.2035,3/31/2026 10:28:50 PM
59,Fast-tracked support to hyper-prioritized HNRP 2026 – US funding,CBPF-MM-26-R-INGO-NSFT-39337,,,2026,1,International NGO,2,Myanmar project,4/1/2026 12:00:00 AM,9/30/2026 12:00:00 AM,6 Months,7300000,6822430,0,3/19/2026 10:05:16 AM,36780##60087##29629##31623,"4- Likely to contribute to gender equality, including across age groups",Reporting,3513,PRJ_UND_FINAL_RPT,4774687.2770,4/2/2026 12:01:04 AM
59,Fast-tracked support to hyper-prioritized HNRP 2026 – US funding,CBPF-MM-26-R-INGO-NSFT-39343,,,2026,1,International NGO,2,Myanmar project,4/1/2026 12:00:00 AM,9/30/2026 12:00:00 AM,6 Months,1E+07,9345794,0,3/19/2026 8:55:31 AM,49910##64654##40142##45793,"4- Likely to contribute to gender equality, including across age groups",Reporting,3513,PRJ_UND_FINAL_RPT,760736.9140,4/7/2026 3:58:24 PM
59,Fast-tracked support to hyper-prioritized HNRP 2026 – US funding,CBPF-MM-26-R-INGO-NSFT-39350,,,2026,1,International NGO,2,Myanmar project,4/1/2026 12:00:00 AM,9/30/2026 12:00:00 AM,6 Months,4500000,4205608,0,3/19/2026 9:49:14 AM,31429##39893##16073##20174,"4- Likely to contribute to gender equality, including across age groups",Reporting,3513,PRJ_UND_FINAL_RPT,3203600.1720,4/7/2026 5:12:31 PM
59,Fast-tracked support to hyper-prioritized HNRP 2026 – US funding,CBPF-MM-26-R-INGO-NSFT-39351,,,2026,1,International NGO,2,Myanmar project,4/1/2026 12:00:00 AM,9/30/2026 12:00:00 AM,6 Months,4500000,4205608,0,3/19/2026 3:42:38 AM,34443##36682##17530##18961,"4- Likely to contribute to gender equality, including across age groups",Reporting,3513,PRJ_UND_FINAL_RPT,13982675.2345,4/1/2026 11:31:56 PM
59,Fast-tracked support to hyper-prioritized HNRP 2026 – US funding,CBPF-MM-26-R-INGO-NSFT-39430,,,2026,1,International NGO,2,Myanmar project,4/1/2026 12:00:00 AM,9/30/2026 12:00:00 AM,6 Months,4500000,4205608,0,3/18/2026 4:50:11 PM,38531##49112##22601##24503,"4- Likely to contribute to gender equality, including across age groups",Reporting,3513,PRJ_UND_FINAL_RPT,2967346.4720,3/31/2026 9:35:09 PM
59,Fast-tracked support to hyper-prioritized HNRP 2026 – US funding,CBPF-MM-26-R-INGO-NSFT-39476,,,2026,1,International NGO,2,Myanmar project,4/3/2026 12:00:00 AM,10/2/2026 12:00:00 AM,6 Months,5000000,4672897,0,3/19/2026 12:04:52 PM,43058##53798##19515##19003,"4- Likely to contribute to gender equality, including across age groups",Reporting,3513,PRJ_UND_FINAL_RPT,3012234.6750,4/23/2026 1:07:50 PM
59,"Support to coordinated, localized and area-based humanitarian response in Myanmar",CBPF-MM-26-R-NGO-39811,,,2026,1,National NGO,1,Myanmar project,7/1/2026 12:00:00 AM,6/30/2027 12:00:00 AM,12 Months,350000.8,327103.6,0,6/8/2026 9:56:45 AM,275##276##0##0,"4- Likely to contribute to gender equality, including across age groups",Implementation,504,PRJ_IMPL_RPT,507945.4550,6/18/2026 3:16:42 PM
59,"Support to coordinated, localized and area-based humanitarian response in Myanmar",CBPF-MM-26-R-UN-39802,,,2026,1,UN Agency,3,Myanmar project,6/15/2026 12:00:00 AM,6/14/2027 12:00:00 AM,12 Months,50000,48076.92,0,6/8/2026 7:17:37 AM,150##60##0##0,0- Does not systematically link programming actions,Implementation,504,PRJ_IMPL_RPT,3083110.7850,6/22/2026 6:59:08 PM
59,Fast-tracked support to hyper-prioritized HNRP 2026 – US funding,CBPF-MM-26-R-UN-NSFT-39336,,,2026,1,UN Agency,3,Myanmar project,4/1/2026 12:00:00 AM,9/30/2026 12:00:00 AM,6 Months,2.5E+07,2.336449E+07,0,3/19/2026 9:40:57 AM,94640##101920##83720##83720,"4- Likely to contribute to gender equality, including across age groups",Reporting,3513,PRJ_UND_FINAL_RPT,3144536.7470,3/30/2026 12:12:20 PM
59,Fast-tracked support to hyper-prioritized HNRP 2026 – US funding,CBPF-MM-26-R-UN-NSFT-39349,,,2026,1,UN Agency,3,Myanmar project,4/1/2026 12:00:00 AM,9/30/2026 12:00:00 AM,6 Months,1.25E+07,1.168224E+07,0,3/19/2026 8:57:29 AM,143440##173642##57775##60245,"4- Likely to contribute to gender equality, including across age groups",Reporting,3513,PRJ_UND_FINAL_RPT,2955533.7870,4/3/2026 12:57:04 PM
59,Fast-tracked support to hyper-prioritized HNRP 2026 – US funding,CBPF-MM-26-R-UN-NSFT-39357,,,2026,1,UN Agency,3,Myanmar project,4/1/2026 12:00:00 AM,9/30/2026 12:00:00 AM,6 Months,5007001,4679440,0,3/19/2026 9:47:06 AM,56330##63638##29095##28315,0- Does not systematically link programming actions,Reporting,3513,PRJ_UND_FINAL_RPT,3074841.9055,4/3/2026 12:38:42 PM
59,Fast-tracked support to hyper-prioritized HNRP 2026 – US funding,CBPF-MM-26-R-UN-NSFT-39397,,,2026,1,UN Agency,3,Myanmar project,4/1/2026 12:00:00 AM,9/30/2026 12:00:00 AM,6 Months,3500000,3271028,0,3/19/2026 9:21:13 AM,19543##21950##10781##10726,"4- Likely to contribute to gender equality, including across age groups",Implementation,3513,PRJ_UND_FINAL_RPT,584727.9075,3/31/2026 9:49:14 PM
59,Fast-tracked support to hyper-prioritized HNRP 2026 – US funding,CBPF-MM-26-R-UN-NSFT-39417,,,2026,1,UN Agency,3,Myanmar project,4/1/2026 12:00:00 AM,9/30/2026 12:00:00 AM,6 Months,1.780855E+07,1.664351E+07,0,3/19/2026 10:08:34 AM,39677##48545##28139##31064,"3- Likely to contribute to gender equality, but without attention to age groups",Reporting,3513,PRJ_UND_FINAL_RPT,3116186.3030,3/30/2026 1:42:48 PM
59,Fast-tracked support to hyper-prioritized HNRP 2026 – US funding,CBPF-MM-26-R-UN-NSFT-39426,,,2026,1,UN Agency,3,Myanmar project,4/3/2026 12:00:00 AM,10/2/2026 12:00:00 AM,6 Months,1.030001E+07,9671370,0,3/19/2026 9:15:52 AM,121747##142791##56649##53203,"4- Likely to contribute to gender equality, including across age groups",Implementation,3513,PRJ_UND_FINAL_RPT,3104373.6180,4/13/2026 6:02:35 PM
59,Localization allocation in support of humanitarian reset priorities,CBPF-MM-26-S-NGO-40209,,,2026,2,National NGO,1,Myanmar project,10/1/2026 12:00:00 AM,9/30/2027 12:00:00 AM,12 Months,350000,327102.8,0,7/31/2026 4:22:34 AM,619##973##973##965,"4- Likely to contribute to gender equality, including across age groups",Implementation,474,PRJ_IMPL_RPT,13709802.2110,9/22/2026 8:10:13 PM
59,Localization allocation in support of humanitarian reset priorities,CBPF-MM-26-S-NGO-40213,,,2026,2,National NGO,1,Myanmar project,10/1/2026 12:00:00 AM,9/30/2027 12:00:00 AM,12 Months,1000000,934579.4,0,8/3/2026 7:48:50 AM,22538##24730##11980##12449,"4- Likely to contribute to gender equality, including across age groups",Disbursement,473,PRJ_DISBURSEMENT,598903.1295,10/8/2026 7:12:36 PM
59,Localization allocation in support of humanitarian reset priorities,CBPF-MM-26-S-NGO-40219,,,2026,2,National NGO,1,Myanmar project,10/1/2026 12:00:00 AM,9/30/2027 12:00:00 AM,12 Months,790030,738345.8,0,8/3/2026 9:46:49 AM,3008##5206##4315##4942,"3- Likely to contribute to gender equality, but without attention to age groups",Disbursement,473,PRJ_DISBURSEMENT,602446.9350,10/8/2026 7:17:06 PM
59,Localization allocation in support of humanitarian reset priorities,CBPF-MM-26-S-NGO-40221,,,2026,2,National NGO,1,Myanmar project,9/15/2026 12:00:00 AM,7/14/2027 12:00:00 AM,10 Months,335923.5,313947.2,0,8/3/2026 10:17:03 AM,3538##3655##1516##1566,"4- Likely to contribute to gender equality, including across age groups",Disbursement,473,PRJ_DISBURSEMENT,14163409.3150,9/28/2026 4:25:27 AM
59,Localization allocation in support of humanitarian reset priorities,CBPF-MM-26-S-NGO-40240,,,2026,2,National NGO,1,Myanmar project,10/1/2026 12:00:00 AM,9/30/2027 12:00:00 AM,12 Months,800000,747663.6,0,8/3/2026 8:07:18 AM,330##2255##3879##4084,"4- Likely to contribute to gender equality, including across age groups",Disbursement,473,PRJ_DISBURSEMENT,1129292.6860,10/8/2026 7:11:38 PM
59,Localization allocation in support of humanitarian reset priorities,CBPF-MM-26-S-NGO-40242,,,2026,2,National NGO,1,Myanmar project,10/1/2026 12:00:00 AM,9/30/2027 12:00:00 AM,12 Months,349997.7,327100.6,0,8/3/2026 3:25:46 PM,1001##1365##1047##1138,"4- Likely to contribute to gender equality, including across age groups",Disbursement,473,PRJ_DISBURSEMENT,4699086.0930,10/1/2026 3:11:37 PM
59,Localization allocation in support of humanitarian reset priorities,CBPF-MM-26-S-NGO-40256,,,2026,2,National NGO,1,Myanmar project,10/1/2026 12:00:00 AM,9/30/2027 12:00:00 AM,12 Months,330718.3,309082.5,0,8/3/2026 9:10:21 AM,0##0##2544##3456,"4- Likely to contribute to gender equality, including across age groups",Disbursement,473,PRJ_DISBURSEMENT,13673182.8875,10/2/2026 4:53:50 PM
59,Localization allocation in support of humanitarian reset priorities,CBPF-MM-26-S-NGO-40267,,,2026,2,National NGO,1,Myanmar project,10/1/2026 12:00:00 AM,9/30/2027 12:00:00 AM,12 Months,350000,327102.8,0,8/3/2026 10:42:38 AM,2671##6030##1301##1888,"3- Likely to contribute to gender equality, but without attention to age groups",Implementation,474,PRJ_IMPL_RPT,13156968.5530,9/24/2026 6:34:38 PM
59,Localization allocation in support of humanitarian reset priorities,CBPF-MM-26-S-NGO-40269,,,2026,2,National NGO,1,Myanmar project,10/1/2026 12:00:00 AM,9/30/2027 12:00:00 AM,12 Months,1255272,1173152,0,8/3/2026 1:20:28 PM,5637##8381##4908##4906,"4- Likely to contribute to gender equality, including across age groups",Disbursement,473,PRJ_DISBURSEMENT,2211334.6320,10/1/2026 3:14:35 PM
59,Localization allocation in support of humanitarian reset priorities,CBPF-MM-26-S-NGO-40282,,,2026,2,National NGO,1,Myanmar project,10/1/2026 12:00:00 AM,10/31/2027 12:00:00 AM,13 Months,1500000,1401869,0,8/4/2026 4:30:05 AM,14604##18098##9233##10210,"4- Likely to contribute to gender equality, including across age groups",Disbursement,473,PRJ_DISBURSEMENT,507945.4550,10/9/2026 5:40:14 PM
59,Localization allocation in support of humanitarian reset priorities,CBPF-MM-26-S-NGO-40307,,,2026,2,National NGO,1,Myanmar project,10/1/2026 12:00:00 AM,9/30/2027 12:00:00 AM,12 Months,1199556,1121080,0,8/3/2026 11:19:03 AM,1836##1922##887##986,"3- Likely to contribute to gender equality, but without attention to age groups",Disbursement,473,PRJ_DISBURSEMENT,5057010.4485,9/29/2026 5:21:24 PM
59,Localization allocation in support of humanitarian reset priorities,CBPF-MM-26-S-NGO-40326,,,2026,2,National NGO,1,Myanmar project,9/14/2026 12:00:00 AM,9/13/2027 12:00:00 AM,12 Months,1499964,1401835,0,8/3/2026 11:55:13 AM,24480##37057##8988##13174,"4- Likely to contribute to gender equality, including across age groups",Implementation,474,PRJ_IMPL_RPT,1331289.5995,9/22/2026 8:09:40 PM
59,Localization allocation in support of humanitarian reset priorities,CBPF-MM-26-S-NGO-40351,,,2026,2,National NGO,1,Myanmar project,10/1/2026 12:00:00 AM,9/30/2027 12:00:00 AM,12 Months,347210,324495.3,0,8/3/2026 7:18:26 AM,2551##2988##2220##2378,"4- Likely to contribute to gender equality, including across age groups",Implementation,474,PRJ_IMPL_RPT,13651920.0545,9/22/2026 8:08:52 PM
59,Localization allocation in support of humanitarian reset priorities,CBPF-MM-26-S-NGO-40432,,,2026,2,National NGO,1,Myanmar project,10/1/2026 12:00:00 AM,9/30/2027 12:00:00 AM,12 Months,347500,324766.3,0,8/3/2026 5:40:02 AM,420##420##1201##1201,"4- Likely to contribute to gender equality, including across age groups",Implementation,474,PRJ_IMPL_RPT,5010940.9770,9/22/2026 8:11:01 PM
59,Localization allocation in support of humanitarian reset priorities,CBPF-MM-26-S-NGO-40559,,,2026,2,National NGO,1,Myanmar project,10/1/2026 12:00:00 AM,11/30/2027 12:00:00 AM,14 Months,970557,907062.6,0,8/3/2026 2:17:30 PM,1430##1960##3785##5625,"4- Likely to contribute to gender equality, including across age groups",Implementation,474,PRJ_IMPL_RPT,13363690.5405,10/1/2026 3:12:45 PM
59,Localization allocation in support of humanitarian reset priorities,CBPF-MM-26-S-NGO-40701,,,2026,2,National NGO,1,Myanmar project,10/1/2026 12:00:00 AM,9/30/2027 12:00:00 AM,12 Months,1363786,1274566,0,8/3/2026 3:16:01 PM,4974##11726##4758##6742,"4- Likely to contribute to gender equality, including across age groups",Disbursement,473,PRJ_DISBURSEMENT,2211334.6320,10/8/2026 7:14:13 PM
59,Localization allocation in support of humanitarian reset priorities,CBPF-MM-26-S-NGO-40702,,,2026,2,National NGO,1,Myanmar project,10/1/2026 12:00:00 AM,9/30/2027 12:00:00 AM,12 Months,1234864,1154079,0,8/3/2026 3:14:42 PM,4834##16358##2364##1813,"4- Likely to contribute to gender equality, including across age groups",Disbursement,473,PRJ_DISBURSEMENT,2211334.6320,10/8/2026 7:15:07 PM
59,Localization allocation in support of humanitarian reset priorities,CBPF-MM-26-S-NGO-40705,,,2026,2,National NGO,1,Myanmar project,10/1/2026 12:00:00 AM,9/30/2027 12:00:00 AM,12 Months,200000,186915.9,0,8/3/2026 1:39:13 PM,1770##4724##2573##3549,"4- Likely to contribute to gender equality, including across age groups",Disbursement,473,PRJ_DISBURSEMENT,1770721.4815,10/8/2026 7:10:00 PM
59,Localization allocation in support of humanitarian reset priorities,CBPF-MM-26-S-NGO-40707,,,2026,2,National NGO,1,Myanmar project,10/1/2026 12:00:00 AM,9/30/2027 12:00:00 AM,12 Months,922730,862364.5,0,8/3/2026 1:32:34 PM,2375##3689##2316##3482,"4- Likely to contribute to gender equality, including across age groups",Disbursement,473,PRJ_DISBURSEMENT,4735705.4165,10/8/2026 7:10:52 PM
59,Localization allocation in support of humanitarian reset priorities,CBPF-MM-26-S-NGO-40732,,,2026,2,National NGO,1,Myanmar project,10/1/2026 12:00:00 AM,9/30/2027 12:00:00 AM,12 Months,349999.5,327102.3,0,8/3/2026 9:12:05 AM,7150##8076##3278##3703,"4- Likely to contribute to gender equality, including across age groups",Implementation,474,PRJ_IMPL_RPT,13675545.4245,9/24/2026 6:35:21 PM
59,Localization allocation in support of humanitarian reset priorities,CBPF-MM-26-S-NGO-40733,,,2026,2,National NGO,1,Myanmar project,10/1/2026 12:00:00 AM,9/30/2027 12:00:00 AM,12 Months,1000000,934579.4,0,8/3/2026 12:47:51 PM,7306##9146##5018##5034,"4- Likely to contribute to gender equality, including across age groups",Implementation,474,PRJ_IMPL_RPT,13694445.7205,9/28/2026 4:16:44 AM
59,Localization allocation in support of humanitarian reset priorities,CBPF-MM-26-S-NGO-40734,,,2026,2,National NGO,1,Myanmar project,10/1/2026 12:00:00 AM,9/30/2027 12:00:00 AM,12 Months,1000000,934579.4,0,8/3/2026 3:55:42 PM,2525##3225##5644##5411,"4- Likely to contribute to gender equality, including across age groups",Disbursement,473,PRJ_DISBURSEMENT,13694445.7205,10/8/2026 7:13:26 PM
62,Second Reserve Allocation 2026,CBPF-SYR-26-R-INGO-40771,,,2026,1,Danish Refugee Council,2,"Supporting conflicted affected communities in Quneitra Governorate through a multi-sectoral, area-based WASH, Shelter, MPCA and Protection response",9/13/2026 12:00:00 AM,7/12/2027 12:00:00 AM,10 Months,880000,822429.9,0,8/12/2026 8:26:53 AM,1776##2560##1532##1652,"4- Likely to contribute to gender equality, including across age groups",Implementation,570,PRJ_IMPL_RPT,3507663.3610,9/28/2026 10:24:16 PM
62,Second Reserve Allocation 2026,CBPF-SYR-26-R-INGO-40777,,,2026,1,Première Urgence Internationale,2,"Integrated Multi-Sectoral Response to Strengthen Food Security, Livelihoods, WASH and Protection Mainstreaming in Dar'a, Quneitra, and Rural Damascus Governorates in Syria",9/1/2026 12:00:00 AM,8/31/2027 12:00:00 AM,12 Months,800000,747663.6,0,8/24/2026 9:06:14 AM,5176##3819##5950##7762,"4- Likely to contribute to gender equality, including across age groups",Implementation,570,PRJ_IMPL_RPT,3751595.3240,9/15/2026 8:03:16 PM
62,Second Reserve Allocation 2026,CBPF-SYR-26-R-INGO-40795,,,2026,1,Norwegian Refugee Council,2,Reserved Allocation: Integrated Protection and WASH Emergency Response,9/15/2026 12:00:00 AM,9/14/2027 12:00:00 AM,12 Months,970000,906542.1,0,8/12/2026 2:55:03 PM,3781##4184##2628##2907,"4- Likely to contribute to gender equality, including across age groups",Disbursement,569,PRJ_DISBURSEMENT,3327649.3990,10/8/2026 4:33:57 PM
62,Second Reserve Allocation 2026,CBPF-SYR-26-R-INGO-40894,,,2026,1,OXFAM,2,"Multisectoral Area-Based Assistance Enhancing Equitable Access to Water Services, Agricultural Assets, and Inclusive Protection Pathways in Dar'a",10/1/2026 12:00:00 AM,6/30/2027 12:00:00 AM,9 Months,700000,654205.6,0,8/12/2026 7:27:45 PM,2619##2718##3281##3132,"4- Likely to contribute to gender equality, including across age groups",Implementation,570,PRJ_IMPL_RPT,3622454.8730,9/14/2026 8:48:07 PM
62,Fast-tracking Lifesaving and Protection Assistance in Support of the Humanitarian Reset and Transition in Syria,CBPF-SYR-26-R-INGO-NSFT-39518,,,2026,1,Mercy Corps,2,Syria Multi-Sector Humanitarian Response (SMHR),5/1/2026 12:00:00 AM,10/31/2026 12:00:00 AM,6 Months,6000000,5607477,0,4/9/2026 3:49:40 PM,76477##91356##97586##94501,"4- Likely to contribute to gender equality, including across age groups",Implementation,570,PRJ_IMPL_RPT,14990727.9080,4/28/2026 3:53:30 PM
62,Fast-tracking Lifesaving and Protection Assistance in Support of the Humanitarian Reset and Transition in Syria,CBPF-SYR-26-R-INGO-NSFT-39519,,,2026,1,Danish Refugee Council,2,"Integrated life-saving WASH, MPCA and mine action response for conflict-affected communities in Syria",4/20/2026 12:00:00 AM,10/19/2026 12:00:00 AM,6 Months,3400000,3177570,0,4/2/2026 2:27:10 PM,19266##20133##19924##20927,"4- Likely to contribute to gender equality, including across age groups",Implementation,570,PRJ_IMPL_RPT,3507663.3610,4/23/2026 1:27:33 PM
62,Fast-tracking Lifesaving and Protection Assistance in Support of the Humanitarian Reset and Transition in Syria,CBPF-SYR-26-R-INGO-NSFT-39521,,,2026,1,Norwegian Refugee Council,2,"Integrated Life-saving Emergency Response for IDPs, Returnees, and Vulnerable Communities in Southern, Northwest, and Northeast Syria",5/1/2026 12:00:00 AM,10/31/2026 12:00:00 AM,6 Months,6000000,5607477,0,4/15/2026 12:16:49 PM,43238##49795##69059##59780,"4- Likely to contribute to gender equality, including across age groups",Implementation,570,PRJ_IMPL_RPT,3327649.3990,4/27/2026 2:13:14 PM
62,Fast-tracking Lifesaving and Protection Assistance in Support of the Humanitarian Reset and Transition in Syria,CBPF-SYR-26-R-INGO-NSFT-39522,,,2026,1,Relief International,2,"Provision of Lifesaving Health, Nutrition and Protection Services in Syria",4/26/2026 12:00:00 AM,10/25/2026 12:00:00 AM,6 Months,6000000,5607477,0,4/15/2026 2:08:18 PM,31129##82265##47519##50165,"4- Likely to contribute to gender equality, including across age groups",Implementation,570,PRJ_IMPL_RPT,14981596.7650,4/24/2026 1:26:08 PM
62,Fast-tracking Lifesaving and Protection Assistance in Support of the Humanitarian Reset and Transition in Syria,CBPF-SYR-26-R-INGO-NSFT-39527,,,2026,1,International Medical Corps UK,2,Fast‑Tracking Life‑Saving Health Services with Integrated Protection Support in Syria,4/17/2026 12:00:00 AM,10/16/2026 12:00:00 AM,6 Months,5000000,4672897,0,4/2/2026 4:15:45 PM,14423##32606##18642##28252,"4- Likely to contribute to gender equality, including across age groups",Implementation,570,PRJ_IMPL_RPT,3533752.3410,5/4/2026 5:06:03 PM
62,Fast-tracking Lifesaving and Protection Assistance in Support of the Humanitarian Reset and Transition in Syria,CBPF-SYR-26-R-INGO-NSFT-39529,,,2026,1,World Vision International,2,Integrated Lifesaving Response in Syria: Support and Assistance for Needs-Based Aid Delivery (SANAD),4/19/2026 12:00:00 AM,10/18/2026 12:00:00 AM,6 Months,6000000,5607477,0,4/15/2026 9:30:23 AM,73576##81620##72898##63277,"4- Likely to contribute to gender equality, including across age groups",Implementation,570,PRJ_IMPL_RPT,15147261.7880,4/23/2026 5:15:52 PM
62,Fast-tracking Lifesaving and Protection Assistance in Support of the Humanitarian Reset and Transition in Syria,CBPF-SYR-26-R-INGO-NSFT-39535,,,2026,1,GOAL,2,Multi-sectoral life-saving assistance to address acute needs of vulnerable households in high-severity areas of Idleb and Aleppo,4/20/2026 12:00:00 AM,10/19/2026 12:00:00 AM,6 Months,6000000,5607477,0,4/8/2026 1:51:19 PM,14103##16324##21247##20926,"4- Likely to contribute to gender equality, including across age groups",Implementation,570,PRJ_IMPL_RPT,15145957.3390,4/24/2026 1:27:06 PM
62,Fast-tracking Lifesaving and Protection Assistance in Support of the Humanitarian Reset and Transition in Syria,CBPF-SYR-26-R-INGO-NSFT-39538,,,2026,1,Action Against Hunger- Spain,2,"Integrated Life-Saving Assistance for Crisis-Affected Populations in High-Severity Areas in Aleppo, Al-Hasakeh, Hama, and Idleb",5/1/2026 12:00:00 AM,10/31/2026 12:00:00 AM,6 Months,4500000,4205608,0,4/1/2026 3:01:27 PM,200675##222078##206048##186759,"4- Likely to contribute to gender equality, including across age groups",Implementation,570,PRJ_IMPL_RPT,845282.9520,4/23/2026 1:25:40 PM
62,Fast-tracking Lifesaving and Protection Assistance in Support of the Humanitarian Reset and Transition in Syria,CBPF-SYR-26-R-INGO-NSFT-39539,,,2026,1,Agency for Technical Cooperation and Development,2,"Provision of six rounds of Regular Food Assistance through Cash and Voucher Assistance to vulnerable food-insecure households in Hasakeh, Deir-ez-Zor, and Idleb governorates ",4/20/2026 12:00:00 AM,10/19/2026 12:00:00 AM,6 Months,6000000,5607477,0,4/7/2026 3:01:57 PM,10450##11550##16500##16500,"4- Likely to contribute to gender equality, including across age groups",Implementation,570,PRJ_IMPL_RPT,14985510.1120,4/24/2026 1:31:48 PM
62,Fast-tracking Lifesaving and Protection Assistance in Support of the Humanitarian Reset and Transition in Syria,CBPF-SYR-26-R-INGO-NSFT-39542,,,2026,1,Première Urgence Internationale,2,Multi-Sector Emergency Support for Vulnerable Households Across Six Governorates in Syria,5/1/2026 12:00:00 AM,10/31/2026 12:00:00 AM,6 Months,5000000,4672897,0,4/2/2026 5:19:56 PM,26543##34834##28371##33361,"4- Likely to contribute to gender equality, including across age groups",Implementation,570,PRJ_IMPL_RPT,3751595.3240,5/6/2026 11:58:42 AM
62,Fast-tracking Lifesaving and Protection Assistance in Support of the Humanitarian Reset and Transition in Syria,CBPF-SYR-26-R-INGO-NSFT-39550,,,2026,1,CARE International,2,"Providing Access to Lifesaving WASH, Health, Food and Protection Services for Vulnerable Communities in Syria",4/16/2026 12:00:00 AM,10/15/2026 12:00:00 AM,6 Months,6000000,5607477,0,4/2/2026 4:11:44 PM,99569##105084##83428##104558,"4- Likely to contribute to gender equality, including across age groups",Implementation,570,PRJ_IMPL_RPT,14989423.4590,4/24/2026 1:27:59 PM
62,Fast-tracking Lifesaving and Protection Assistance in Support of the Humanitarian Reset and Transition in Syria,CBPF-SYR-26-R-INGO-NSFT-39557,,,2026,1,People in Need,2,"Provision of Multisectoral Lifesaving Assistance to Most Vulnerable Households in Saraqeb, Maskana; and Ar-Raqqa",4/21/2026 12:00:00 AM,10/20/2026 12:00:00 AM,6 Months,3000000,2803738,0,4/7/2026 2:00:47 PM,8135##7500##11054##11121,"4- Likely to contribute to gender equality, including across age groups",Implementation,570,PRJ_IMPL_RPT,14988119.0100,4/29/2026 2:36:40 PM
62,Second Reserve Allocation 2026,CBPF-SYR-26-R-NGO-40788,,,2026,1,St. Ephrem Patriarchal Development Committee,1,"RESTORE: Restoring Essential Services through Transformative Outreach, Resilience and Empowerment",10/1/2026 12:00:00 AM,9/30/2027 12:00:00 AM,12 Months,750000,700934.6,0,8/24/2026 7:29:13 AM,5120##8080##8030##12170,"4- Likely to contribute to gender equality, including across age groups",Implementation,570,PRJ_IMPL_RPT,2276263.5050,9/14/2026 8:43:06 PM
62,Second Reserve Allocation 2026,CBPF-SYR-26-R-NGO-40802,,,2026,1,Greek Orthodox Patriarchate of Antioch and all the East,1,GOPA-DERD Response to the  humanitarian urgent needs in Syrian southern areas.,9/15/2026 12:00:00 AM,9/14/2027 12:00:00 AM,12 Months,900000,841121.5,0,8/12/2026 11:28:11 AM,1960##3125##3304##3626,"4- Likely to contribute to gender equality, including across age groups",Implementation,570,PRJ_IMPL_RPT,623526.6220,9/11/2026 3:22:22 PM
62,Fast-tracking Lifesaving and Protection Assistance in Support of the Humanitarian Reset and Transition in Syria,CBPF-SYR-26-R-UN-NSFT-39525,,,2026,1,Food and Agriculture Organization of the United Nations,3,"Protecting food production systems and livestock assets of high-severity food insecure households in Northeast Syria (Al-Hasakeh, Ar-Raqqa and Deir-Ez-Zor)",4/21/2026 12:00:00 AM,10/20/2026 12:00:00 AM,6 Months,5000000,4672897,0,4/8/2026 11:55:53 AM,27095##28963##17753##19621,2- Unlikely to contribute to gender equality (no gender equality measure but includes age consideration),Implementation,570,PRJ_IMPL_RPT,3687677.3230,4/27/2026 2:15:02 PM
62,Fast-tracking Lifesaving and Protection Assistance in Support of the Humanitarian Reset and Transition in Syria,CBPF-SYR-26-R-UN-NSFT-39526,,,2026,1,United Nations Children's Fund,3,"Fast-Tracking Lifesaving Health, Nutrition, CP, WASH and Multipurpose Cash support",5/1/2026 12:00:00 AM,10/31/2026 12:00:00 AM,6 Months,2.2E+07,2.056075E+07,0,4/19/2026 11:37:45 AM,131159##400000##500000##500000,"4- Likely to contribute to gender equality, including across age groups",Implementation,570,PRJ_IMPL_RPT,3446354.2580,4/29/2026 2:34:19 PM
62,Fast-tracking Lifesaving and Protection Assistance in Support of the Humanitarian Reset and Transition in Syria,CBPF-SYR-26-R-UN-NSFT-39537,,,2026,1,United Nations High Commissioner for Refugees,3,"Facilitating voluntary, safe, and dignified returns and emergency response for vulnerable returnees and displaced households in Syria",5/1/2026 12:00:00 AM,10/31/2026 12:00:00 AM,6 Months,2.5E+07,2.347418E+07,0,4/7/2026 2:06:52 PM,76221##79671##74494##71198,"3- Likely to contribute to gender equality, but without attention to age groups",Implementation,570,PRJ_IMPL_RPT,3432005.3190,4/27/2026 2:14:06 PM
62,Fast-tracking Lifesaving and Protection Assistance in Support of the Humanitarian Reset and Transition in Syria,CBPF-SYR-26-R-UN-NSFT-39540,,,2026,1,World Food Programme,3,Targeted Food Assistance and Nutrition‑Sensitive Support for Vulnerable Food‑Insecure Households and Pregnant and Breastfeeding Women and Girls,5/1/2026 12:00:00 AM,10/31/2026 12:00:00 AM,6 Months,2.5E+07,2.336449E+07,0,4/10/2026 1:26:44 PM,92257##101072##122551##124430,"4- Likely to contribute to gender equality, including across age groups",Implementation,570,PRJ_IMPL_RPT,3476356.5850,4/27/2026 2:12:03 PM
62,Fast-tracking Lifesaving and Protection Assistance in Support of the Humanitarian Reset and Transition in Syria,CBPF-SYR-26-R-UN-NSFT-39556,,,2026,1,International Organization for Migration,3,Reducing immediate life threatening risks and providing life-saving assistance to displaced and returning populations in high-severity areas in Syria,4/29/2026 12:00:00 AM,10/28/2026 12:00:00 AM,6 Months,6000000,5607477,0,4/2/2026 5:52:21 PM,27133##29598##30832##35765,"4- Likely to contribute to gender equality, including across age groups",Implementation,570,PRJ_IMPL_RPT,3267644.7450,5/4/2026 5:07:03 PM
64,1st Reserve Allocation 2026 - Emergency response to prevent excess mortality through sustaining life-saving services in Yemen’s highest-severity districts.,CBPF-YEM-26-R-INGO-41257,,,2026,1,Agency for Technical Cooperation and Development,2,Provision of integrated MPCA and strengthened referral pathways to vulnerable households affected by food insecurity in Al-Jawf,9/15/2026 12:00:00 AM,3/14/2027 12:00:00 AM,6 Months,300000,280373.8,0,9/2/2026 11:48:02 AM,728##840##532##700,"3- Likely to contribute to gender equality, but without attention to age groups",Implementation,839,PRJ_IMPL_RPT,3404023.7952,9/23/2026 5:51:39 PM
64,1st Reserve Allocation 2026 - Emergency response to prevent excess mortality through sustaining life-saving services in Yemen’s highest-severity districts.,CBPF-YEM-26-R-INGO-41267,,,2026,1,Qatar Charity,2,"Provision of Lifesaving, Inclusive, and Sustainable WASH Services for Vulnerable Communities in Abs District, Hajjah.",9/15/2026 12:00:00 AM,3/14/2027 12:00:00 AM,6 Months,104985.2,98117,0,9/2/2026 10:22:13 AM,314##298##312##276,"4- Likely to contribute to gender equality, including across age groups",Implementation,839,PRJ_IMPL_RPT,1023014.0928,9/16/2026 9:37:37 PM
64,1st Reserve Allocation 2026 - Emergency response to prevent excess mortality through sustaining life-saving services in Yemen’s highest-severity districts.,CBPF-YEM-26-R-INGO-41378,,,2026,1,Norwegian Refugee Council,2,"Scaling up Multipurpose Cash Assistance (MPCA) to Address Severe Socioeconomic Vulnerability among Conflict-Affected Communities in Al Ashah and Suwayr Districts, Amran Governorate",9/15/2026 12:00:00 AM,4/14/2027 12:00:00 AM,7 Months,500000,467289.7,0,9/2/2026 11:46:20 AM,1029##1071##1259##1310,"4- Likely to contribute to gender equality, including across age groups",Implementation,839,PRJ_IMPL_RPT,3534680.4864,9/28/2026 9:10:47 PM
64,1st Reserve Allocation 2026 - Emergency response to prevent excess mortality through sustaining life-saving services in Yemen’s highest-severity districts.,CBPF-YEM-26-R-INGO-41413,,,2026,1,Adventist Development and Relief Agency,2,"Sustaining Lifesaving WASH Assistance in Al Madaribah Wa Al Aarah district, Lahj Governorate",9/15/2026 12:00:00 AM,3/14/2027 12:00:00 AM,6 Months,157475,147172.9,0,9/2/2026 9:56:26 AM,616##589##448##507,"3- Likely to contribute to gender equality, but without attention to age groups",Implementation,839,PRJ_IMPL_RPT,8339.7888,9/23/2026 5:47:30 PM
64,1st Reserve Allocation 2026 - Emergency response to prevent excess mortality through sustaining life-saving services in Yemen’s highest-severity districts.,CBPF-YEM-26-R-NGO-41262,,,2026,1,Life Maker Meeting Place Organization,1,"Emergency Lifesaving Multi-sector Food Security and WASH Assistance for Vulnerable IDPs &amp;amp; Host Communities in Az-Zuhara District, Hodeida Governorate",9/15/2026 12:00:00 AM,6/30/2027 12:00:00 AM,9 Months 16 Days,700000,654205.6,0,9/4/2026 8:40:09 PM,1566##1709##1851##1994,"4- Likely to contribute to gender equality, including across age groups",Implementation,839,PRJ_IMPL_RPT,1182860.0448,9/21/2026 6:48:00 PM
64,1st Reserve Allocation 2026 - Emergency response to prevent excess mortality through sustaining life-saving services in Yemen’s highest-severity districts.,CBPF-YEM-26-R-NGO-41295,,,2026,1,Relief and Development Peer Foundation,1,Integrated Emergency life-saving Food Security and Shelter interventions for the most affected IDPs and Host communities in Abs district of Hajjah Gov. - Phase II,9/15/2026 12:00:00 AM,6/14/2027 12:00:00 AM,9 Months,338068.3,315951.7,0,9/2/2026 9:44:49 AM,554##580##833##868,"3- Likely to contribute to gender equality, but without attention to age groups",Implementation,839,PRJ_IMPL_RPT,2492206.8864,9/23/2026 5:45:17 PM
64,1st Reserve Allocation 2026 - Emergency response to prevent excess mortality through sustaining life-saving services in Yemen’s highest-severity districts.,CBPF-YEM-26-R-NGO-41301,,,2026,1,Sustainable Development Foundation,1,"Scaling Up Emergency Life-Saving Food Assistance (UCT)  to Improve Food Access for Severely Food-Insecure Households in Tur Al Bahah and Al Madaribah Wa Al Aarah Districts, Lahj Governorate",9/15/2026 12:00:00 AM,4/30/2027 12:00:00 AM,7 Months 16 Days,362852,339114,0,9/1/2026 3:28:12 PM,755##823##892##960,"4- Likely to contribute to gender equality, including across age groups",Implementation,839,PRJ_IMPL_RPT,1388574.8352,9/21/2026 2:58:11 PM
64,1st Reserve Allocation 2026 - Emergency response to prevent excess mortality through sustaining life-saving services in Yemen’s highest-severity districts.,CBPF-YEM-26-R-NGO-41313,,,2026,1,"Yemen General Union of Sociologists, Social Workers and Psychologists",1,"Emergency Life-Saving Response to Address Critical Gaps in Protection, Food Security, and Shelter Services for the Most Vulnerable IDPs HHs in Kushar  district Hajjah Gov",9/15/2026 12:00:00 AM,5/14/2027 12:00:00 AM,8 Months,462342.2,432095.5,0,9/1/2026 4:09:35 PM,2317##1793##1566##1515,"4- Likely to contribute to gender equality, including across age groups",Implementation,839,PRJ_IMPL_RPT,2285102.1312,9/16/2026 9:36:50 PM
64,1st Reserve Allocation 2026 - Emergency response to prevent excess mortality through sustaining life-saving services in Yemen’s highest-severity districts.,CBPF-YEM-26-R-NGO-41318,,,2026,1,Building Foundation for Development,1,"Scale-Up of Integrated Health and Nutrition Support for IDPs and Host communities in Az Zuhrah District, Al Hudaydah Governorate",9/15/2026 12:00:00 AM,8/14/2027 12:00:00 AM,11 Months,345189,322606.6,0,9/2/2026 1:44:28 AM,7833##11608##10349##11118,"3- Likely to contribute to gender equality, but without attention to age groups",Implementation,839,PRJ_IMPL_RPT,1021624.1280,9/23/2026 5:53:16 PM
64,1st Reserve Allocation 2026 - Emergency response to prevent excess mortality through sustaining life-saving services in Yemen’s highest-severity districts.,CBPF-YEM-26-R-NGO-41321,,,2026,1,Yemen Alkhair For Relief and Development Foundation,1,"Scaling Up the Integrated Life-Saving Response for Conflict-Affected IDPs and Host Communities in Al-Rayyan, Khab wa Ash Sha’af District, Al Jawf Gov.",9/15/2026 12:00:00 AM,3/14/2027 12:00:00 AM,6 Months,514698.5,481026.6,0,9/2/2026 2:17:04 AM,1465##1525##2198##2288,"4- Likely to contribute to gender equality, including across age groups",Implementation,839,PRJ_IMPL_RPT,2494986.8160,9/17/2026 3:56:34 PM
64,1st Reserve Allocation 2026 - Emergency response to prevent excess mortality through sustaining life-saving services in Yemen’s highest-severity districts.,CBPF-YEM-26-R-NGO-41370,,,2026,1,BENEVOLENCE COALITION FOR HUMANITARIAN RELIEF,1,"integrate Life-Saving Response (MPCA and Shelter/NFI) for Severely Vulnerable IDPs in Khabb wa Ash Sha'af, Al Jawf Governorate. 2nd Phase",9/15/2026 12:00:00 AM,4/14/2027 12:00:00 AM,7 Months,135333.4,126479.8,0,9/2/2026 10:09:08 AM,449##382##411##368,"4- Likely to contribute to gender equality, including across age groups",Implementation,839,PRJ_IMPL_RPT,5657156.7360,9/23/2026 5:54:55 PM
64,1st Reserve Allocation 2026 - Emergency response to prevent excess mortality through sustaining life-saving services in Yemen’s highest-severity districts.,CBPF-YEM-26-R-NGO-41384,,,2026,1,Human Access for Partnership and Development,1,"Top-Up: Support life-saving Assistance for Vulnerable groups in Emergencies within Almadaribah Wa Alaarah, Almusaymir and Tur Albahah districts.",9/15/2026 12:00:00 AM,9/14/2027 12:00:00 AM,12 Months,671509,627578.5,0,9/2/2026 11:25:42 AM,5833##6100##7160##7426,"3- Likely to contribute to gender equality, but without attention to age groups",Implementation,839,PRJ_IMPL_RPT,715831.8720,9/17/2026 3:59:01 PM
64,1st Reserve Allocation 2026 - Emergency response to prevent excess mortality through sustaining life-saving services in Yemen’s highest-severity districts.,CBPF-YEM-26-R-NGO-41427,,,2026,1,Yanabia Al-khair Charity Foundation,1,Restoring Dignity and Saving Lives through Integrated Cash and WASH Assistance for Vulnerable IDPs  in Lahj Governorate Phase 2,9/15/2026 12:00:00 AM,5/31/2027 12:00:00 AM,8 Months 17 Days,346316.5,323660.3,0,9/2/2026 11:59:54 AM,583##576##712##704,"4- Likely to contribute to gender equality, including across age groups",Implementation,839,PRJ_IMPL_RPT,15252083.7504,9/21/2026 3:00:01 PM
64,1st Reserve Allocation 2026 - Emergency response to prevent excess mortality through sustaining life-saving services in Yemen’s highest-severity districts.,CBPF-YEM-26-R-O-41343,,,2026,1,Qatar Red Crescent Society,4,"Lifesaving Health, Nutrition and MPCA Interventions for Crisis-Affected Populations in Abs District, Hajah Governorate (Strategic Expansion).",9/15/2026 12:00:00 AM,9/14/2027 12:00:00 AM,12 Months,804808,752157,0,9/2/2026 8:26:54 AM,22699##26459##21970##22867,"4- Likely to contribute to gender equality, including across age groups",Implementation,839,PRJ_IMPL_RPT,3804333.6576,9/28/2026 9:29:51 PM
64,1st Reserve Allocation 2026 - Emergency response to prevent excess mortality through sustaining life-saving services in Yemen’s highest-severity districts.,CBPF-YEM-26-R-O-41357,,,2026,1,Yemen Red Crescent Society,4,"Expanded Provision of Integrated Emergency Life Saving Protection and Shelter/Non-food Items Support to the most vulnerable IDPs in Az Zuhrah, Hodeida",9/15/2026 12:00:00 AM,4/14/2027 12:00:00 AM,7 Months,366428,342456.1,0,9/2/2026 7:18:49 AM,1221##1224##639##661,"4- Likely to contribute to gender equality, including across age groups",Implementation,839,PRJ_IMPL_RPT,854828.3520,9/22/2026 6:14:31 PM
64,1st Reserve Allocation 2026 - Emergency response to prevent excess mortality through sustaining life-saving services in Yemen’s highest-severity districts.,CBPF-YEM-26-R-O-41386,,,2026,1,Qatar Red Crescent Society,4,"Integrated Lifesaving Health, Nutrition, and MPCA Support of Vulnerable Populations in Az Zaydiyah and Ad Dahi district of Al Hodeidah governorate (Strategic Expansion).",9/15/2026 12:00:00 AM,9/14/2027 12:00:00 AM,12 Months,1305300,1219907,0,9/2/2026 8:59:52 AM,24066##28031##23254##24205,"4- Likely to contribute to gender equality, including across age groups",Implementation,839,PRJ_IMPL_RPT,3804333.6576,9/28/2026 9:20:58 PM
64,1st Reserve Allocation 2026 - Emergency response to prevent excess mortality through sustaining life-saving services in Yemen’s highest-severity districts.,CBPF-YEM-26-R-UN-41369,,,2026,1,Food and Agriculture Organization of the United Nations,3,"Cash Assistance to meet immediate food needs of vulnerable Households in Ad Dhale’e and Al Azariq districts in Yemen, with strengthened collective FSAC Response ",9/10/2026 12:00:00 AM,4/30/2027 12:00:00 AM,7 Months 21 Days,360385,336808.4,0,9/2/2026 6:32:49 AM,538##535##464##458,2- Unlikely to contribute to gender equality (no gender equality measure but includes age consideration),Implementation,839,PRJ_IMPL_RPT,3440162.8800,9/30/2026 3:14:34 PM
67,First Reserve Allocation 2026,CBPF-OPT-26-R-NGO-39882,,,2026,1,Palestinian Al Nakheel Association for Progress and Development,1,Life-Saving Water Trucking in the Southern Gaza Strip,6/28/2026 12:00:00 AM,12/27/2026 12:00:00 AM,6 Months,1000000,934579.4,0,6/22/2026 7:13:15 AM,16910##15755##16316##16185,"4- Likely to contribute to gender equality, including across age groups",Implementation,538,PRJ_IMPL_RPT,683976.1129,7/1/2026 6:18:06 PM
67,First Reserve Allocation 2026,CBPF-OPT-26-R-NGO-39883,,,2026,1,Agricultural Development Association,1,Providing safe &amp; sufficient drinking water to underserved locations in GS,6/28/2026 12:00:00 AM,12/27/2026 12:00:00 AM,6 Months,1000000,934579.4,0,6/23/2026 8:55:27 AM,20664##19963##15095##14360,"4- Likely to contribute to gender equality, including across age groups",Implementation,538,PRJ_IMPL_RPT,720536.0833,7/1/2026 6:17:15 PM
67,First Reserve Allocation 2026,CBPF-OPT-26-R-NGO-39885,,,2026,1,Palestinian Environmental Friends,1,Provision of life-saving access for IDPs and returnees to safe drinking water,6/28/2026 12:00:00 AM,12/27/2026 12:00:00 AM,6 Months,1000000,952380.9,0,6/21/2026 12:31:52 PM,15381##15392##16827##16066,"4- Likely to contribute to gender equality, including across age groups",Implementation,538,PRJ_IMPL_RPT,697686.1018,7/1/2026 6:16:26 PM
67,Second Allocation 2026 [Common Pipeline and Last-Mile Delivery],CBPF-OPT-26-R-UN-40890,,,2026,1,International Organization for Migration,3,Improving Living Conditions for Displacement-Affected Populations in Gaza,10/1/2026 12:00:00 AM,9/30/2027 12:00:00 AM,12 Months,7330000,6850468,0,8/31/2026 3:02:33 PM,34877##38047##41218##44388,"4- Likely to contribute to gender equality, including across age groups",Disbursement,537,PRJ_DISBURSEMENT,17487852.5080,10/8/2026 3:15:05 PM
67,Second Allocation 2026 [Common Pipeline and Last-Mile Delivery],CBPF-OPT-26-R-UN-41111,,,2026,1,United Nations Children's Fund,3,UNICEF-led Common Pipeline and Last-Mile Delivery - Gaza Strip,10/5/2026 12:00:00 AM,10/4/2027 12:00:00 AM,12 Months,7330000,6850468,0,8/31/2026 1:42:40 PM,151875##146250##135000##129375,"4- Likely to contribute to gender equality, including across age groups",Disbursement,537,PRJ_DISBURSEMENT,4023120.0761,10/8/2026 3:15:56 PM
67,Third Allocation 2026,CBPF-OPT-26-R-UN-41732,,,2026,1,World Health Organization,3,Providing fuel for prioritized health facilities in the Gaza Strip to sustain the delivery of lifesaving health services to the affected population.,9/23/2026 12:00:00 AM,1/22/2027 12:00:00 AM,4 Months,2000003,1869161,0,9/21/2026 7:52:01 PM,234754##252944##213966##208338,0- Does not systematically link programming actions,Implementation,538,PRJ_IMPL_RPT,4073390.0354,10/2/2026 1:16:09 PM
71,2026 2nd Reserve Allocation,CBPF-LEB-26-R-INGO-39344,,,2026,1,International Medical Corps Croatia,2,Emergency Health and Nutrition Response for Displaced and Vulnerable Populations in North Lebanon and Akkar,4/10/2026 12:00:00 AM,12/31/2026 12:00:00 AM,"8 Months, 22 Days",598887.7,559708.1,0,3/30/2026 7:50:31 AM,4876##9224##3772##3546,"4- Likely to contribute to gender equality, including across age groups",Implementation,234,PRJ_IMPL_RPT,7673988.0122,4/25/2026 1:45:54 AM
71,2026 2nd Reserve Allocation,CBPF-LEB-26-R-INGO-39352,,,2026,1,INTERSOS,2,Rapid Response to Internal Displacement and Urgent Humanitarian Needs through Integrated Protection and Shelter Assistance in Lebanon,3/30/2026 12:00:00 AM,10/29/2026 12:00:00 AM,7 Months,800000,747663.6,0,3/27/2026 11:15:02 AM,2792##3500##1864##1956,"4- Likely to contribute to gender equality, including across age groups",Implementation,234,PRJ_IMPL_RPT,111192.4255,4/6/2026 1:03:26 PM
71,2026 2nd Reserve Allocation,CBPF-LEB-26-R-INGO-39353,,,2026,1,Norwegian Refugee Council,2,Emergency Shelter Support for Conflict-Affected Communities in the South,3/30/2026 12:00:00 AM,9/29/2026 12:00:00 AM,6 Months,500000,467289.7,0,3/24/2026 3:37:16 PM,2266##1862##1114##918,"4- Likely to contribute to gender equality, including across age groups",Implementation,3503,PRJ_UND_FINAL_RPT,157380.0484,4/6/2026 1:02:07 PM
71,2026 2nd Reserve Allocation,CBPF-LEB-26-R-INGO-39355,,,2026,1,OXFAM GB,2,"Emergency WASH Services for Collective Shelters Hosting Displaced Populations in South Lebanon, Bekaa and Baalbek-Hermel",3/25/2026 12:00:00 AM,11/24/2026 12:00:00 AM,8 Months,549999.9,514018.7,0,3/23/2026 2:22:38 PM,13774##14786##6987##7768,"4- Likely to contribute to gender equality, including across age groups",Implementation,234,PRJ_IMPL_RPT,165933.3119,4/6/2026 12:55:35 PM
71,2026 2nd Reserve Allocation,CBPF-LEB-26-R-INGO-39360,,,2026,1,DAN CHURCH AID,2,Addressing Urgent Food Needs of Vulnerable Households Affected by the Recent Crisis in Lebanon,3/25/2026 12:00:00 AM,9/24/2026 12:00:00 AM,6 Months,498502.1,465889.8,0,3/23/2026 12:00:33 PM,3654##4111##1941##1713,"4- Likely to contribute to gender equality, including across age groups",Implementation,3503,PRJ_UND_FINAL_RPT,7263431.3642,3/31/2026 9:29:44 PM
71,2026 2nd Reserve Allocation,CBPF-LEB-26-R-INGO-39363,,,2026,1,Première Urgence Internationale,2,Emergency Shelter Assistance for  vulnerable displaced households in Beirut and Mount Lebanon Governorates ,3/30/2026 12:00:00 AM,9/29/2026 12:00:00 AM,6 Months,450000,420560.8,0,3/24/2026 1:04:59 PM,1435##2350##652##783,"4- Likely to contribute to gender equality, including across age groups",Implementation,3503,PRJ_UND_FINAL_RPT,4918126.5125,4/9/2026 3:22:07 PM
71,2026 2nd Reserve Allocation,CBPF-LEB-26-R-INGO-39365,,,2026,1,Associazione Volontari per il Servizio Internazionale,2,Rapid WASH Response for Displaced Populations in Beirut-Mount Lebanon and Akkar,3/25/2026 12:00:00 AM,11/24/2026 12:00:00 AM,8 Months,550000,514018.7,0,3/23/2026 1:55:57 PM,3353##4188##3940##4068,"4- Likely to contribute to gender equality, including across age groups",Implementation,234,PRJ_IMPL_RPT,4735086.6736,3/31/2026 9:21:43 PM
71,2026 2nd Reserve Allocation,CBPF-LEB-26-R-INGO-39368,,,2026,1,Save the Children Fund,2,Shelter Response for Displaced Populations in Bekaa and Baalbek-Hermel,4/1/2026 12:00:00 AM,9/30/2026 12:00:00 AM,6 Months,500000,467289.7,0,3/26/2026 1:25:56 PM,1400##1400##2100##2100,"4- Likely to contribute to gender equality, including across age groups",Implementation,3503,PRJ_UND_FINAL_RPT,4418615.9241,4/25/2026 1:46:59 AM
71,2026 2nd Reserve Allocation,CBPF-LEB-26-R-INGO-39386,,,2026,1,World Vision International,2,"Emergency WASH Response for Displaced Communities in Beirut Mount Lebanon , South, &amp; El Nabatieh governorates",4/2/2026 12:00:00 AM,12/1/2026 12:00:00 AM,8 Months,998343.8,933031.6,0,3/23/2026 2:02:42 PM,3000##3405##4251##4841,"4- Likely to contribute to gender equality, including across age groups",Implementation,234,PRJ_IMPL_RPT,263440.5158,4/20/2026 1:38:09 PM
71,2026 2nd Reserve Allocation,CBPF-LEB-26-R-INGO-39393,,,2026,1,MEDAIR,2,"Rapid Response to Internal Displacement and Urgent Health Needs inside, outside collective shelters in the Bekaa and Baalbek El Hermel",4/3/2026 12:00:00 AM,1/2/2027 12:00:00 AM,9 Months,500000,467289.7,0,3/25/2026 9:06:29 AM,4381##4641##3374##3844,"4- Likely to contribute to gender equality, including across age groups",Implementation,234,PRJ_IMPL_RPT,138562.8687,4/20/2026 1:42:06 PM
71,2026 2nd Reserve Allocation,CBPF-LEB-26-R-INGO-39403,,,2026,1,Solidarités International,2,"Renewed escalation: Emergency response to the critical shelter needs of 9,295 IDPs inside and outside collective shelters, and conflict-affected persons in South and El-Nabatiyeh governorate  ",4/2/2026 12:00:00 AM,10/1/2026 12:00:00 AM,6 Months,500000,467289.7,0,3/29/2026 10:28:10 AM,2230##4090##1487##1488,"4- Likely to contribute to gender equality, including across age groups",Implementation,3503,PRJ_UND_FINAL_RPT,4430590.4930,4/16/2026 1:34:01 PM
71,2026 2nd Reserve Allocation,CBPF-LEB-26-R-INGO-39412,,,2026,1,Action Contre la Faim Liban,2,Emergency Life-Saving WASH and Nutrition Response in South and Baalbek-Hermel Governorates,4/6/2026 12:00:00 AM,11/5/2026 12:00:00 AM,7 Months,900000,841121.5,0,3/24/2026 12:11:03 PM,4584##5106##4996##5134,"4- Likely to contribute to gender equality, including across age groups",Implementation,234,PRJ_IMPL_RPT,5131.9581,4/16/2026 1:37:39 PM
71,2026 2nd Reserve Allocation,CBPF-LEB-26-R-INGO-39421,,,2026,1,Action Contre la Faim Liban,2,"Emergency Life-Saving Food Security and Health Response in South, Beqaa, Baalbek-Hermel, Beirut and Mount-Lebanon Governorates",4/2/2026 12:00:00 AM,11/1/2026 12:00:00 AM,7 Months,1000000,934579.4,0,3/27/2026 12:58:48 PM,10623##10643##10084##10090,"4- Likely to contribute to gender equality, including across age groups",Implementation,234,PRJ_IMPL_RPT,5131.9581,4/20/2026 1:40:43 PM
71,2026 3rd Reserve Allocation,CBPF-LEB-26-R-INGO-40008,,,2026,1,INTERSOS,2,Emergency Protection Response for Displaced and Conflict-Affected Communities in Lebanon,8/1/2026 12:00:00 AM,4/30/2027 12:00:00 AM,9 Months,950000,887850.5,0,7/8/2026 5:21:41 PM,3818##6476##1952##1995,"4- Likely to contribute to gender equality, including across age groups",Implementation,234,PRJ_IMPL_RPT,111192.4255,8/7/2026 8:37:39 PM
71,2026 3rd Reserve Allocation,CBPF-LEB-26-R-INGO-40009,,,2026,1,INTERSOS,2,Rapid Shelter Assistance for Prolonged Displacement and Urgent Humanitarian Needs in Lebanon,8/1/2026 12:00:00 AM,4/30/2027 12:00:00 AM,9 Months,840000,785046.8,0,7/7/2026 3:15:52 PM,509##508##509##509,"4- Likely to contribute to gender equality, including across age groups",Implementation,234,PRJ_IMPL_RPT,111192.4255,8/6/2026 2:21:12 PM
71,2026 3rd Reserve Allocation,CBPF-LEB-26-R-INGO-40010,,,2026,1,DAN CHURCH AID,2,Emergency Food Assistance and Livelihood Support for Conflict-Affected Communities,8/1/2026 12:00:00 AM,2/28/2027 12:00:00 AM,7 Months,999050,933691.6,0,7/7/2026 1:28:41 PM,2352##2646##1250##1102,"4- Likely to contribute to gender equality, including across age groups",Implementation,234,PRJ_IMPL_RPT,7263431.3642,8/7/2026 8:33:34 PM
71,2026 3rd Reserve Allocation,CBPF-LEB-26-R-INGO-40011,,,2026,1,Norwegian Refugee Council,2,Restoring and Maintaining Safe WASH Services for Conflict-Affected Populations in South Lebanon,8/1/2026 12:00:00 AM,4/30/2027 12:00:00 AM,9 Months,400000,373831.8,0,7/7/2026 12:18:53 PM,1970##2089##2440##2745,"4- Likely to contribute to gender equality, including across age groups",Implementation,234,PRJ_IMPL_RPT,157380.0484,8/7/2026 3:29:00 PM
71,2026 3rd Reserve Allocation,CBPF-LEB-26-R-INGO-40012,,,2026,1,OXFAM GB,2,"Emergency WASH Support to South Lebanon - Jezzine, Saida, and Sour and Hard to Reach Areas",8/1/2026 12:00:00 AM,4/30/2027 12:00:00 AM,9 Months,599039.3,559849.8,0,7/7/2026 3:28:58 PM,2750##2923##1377##1550,"4- Likely to contribute to gender equality, including across age groups",Implementation,234,PRJ_IMPL_RPT,165933.3119,8/12/2026 7:47:00 PM
71,2026 3rd Reserve Allocation,CBPF-LEB-26-R-INGO-40018,,,2026,1,Première Urgence Internationale,2,Health and Nutrition response to conflict-affected areas in North and Baalbeck-Hermel,8/15/2026 12:00:00 AM,5/14/2027 12:00:00 AM,9 Months,950000,887850.5,0,7/7/2026 2:44:47 PM,1517##4158##1873##1871,"4- Likely to contribute to gender equality, including across age groups",Implementation,234,PRJ_IMPL_RPT,4918126.5125,8/20/2026 4:34:31 PM
71,2026 3rd Reserve Allocation,CBPF-LEB-26-R-INGO-40019,,,2026,1,Première Urgence Internationale,2,Shelter response to conflict-affected areas of Beirut and Mount Lebanon,8/1/2026 12:00:00 AM,4/30/2027 12:00:00 AM,9 Months,830000,775700.9,0,7/8/2026 5:16:21 AM,446##728##204##242,"4- Likely to contribute to gender equality, including across age groups",Implementation,234,PRJ_IMPL_RPT,4918126.5125,8/7/2026 7:53:29 PM
71,2026 3rd Reserve Allocation,CBPF-LEB-26-R-INGO-40021,,,2026,1,Agency for Technical Cooperation and Development,2,"Site Management and Coordination Support in Beirut, Mount Lebanon, and el Nabatieh Governorates",8/15/2026 12:00:00 AM,3/14/2027 12:00:00 AM,7 Months,350000,327102.8,0,7/24/2026 4:06:45 PM,1160##1310##719##812,"4- Likely to contribute to gender equality, including across age groups",Implementation,234,PRJ_IMPL_RPT,4182545.8515,8/20/2026 4:30:35 PM
71,2026 3rd Reserve Allocation,CBPF-LEB-26-R-INGO-40029,,,2026,1,ANERA,2,Anera WASH 2026 3rd Reserve Allocation,8/1/2026 12:00:00 AM,2/28/2027 12:00:00 AM,7 Months,400000,380952.4,0,7/8/2026 6:22:22 AM,7544##11316##2514##3771,1- Unlikely to contribute to gender equality (no gender equality measure and no age consideration),Implementation,234,PRJ_IMPL_RPT,660311.9422,8/7/2026 8:24:10 PM
71,2026 3rd Reserve Allocation,CBPF-LEB-26-R-INGO-40033,,,2026,1,Action Contre la Faim Liban,2,"Emergency Life-Saving WASH and Nutrition Response for Internally Displaced Persons, Returnees, and Populations in Hard-to-Reach Areas in South Lebanon, Nabatieh, Beirut, and Mount Lebanon.",8/1/2026 12:00:00 AM,3/31/2027 12:00:00 AM,8 Months,1000000,934579.4,0,7/7/2026 9:45:23 AM,4745##4833##4805##4817,"4- Likely to contribute to gender equality, including across age groups",Implementation,234,PRJ_IMPL_RPT,5131.9581,8/7/2026 8:29:15 PM
71,2026 3rd Reserve Allocation,CBPF-LEB-26-R-INGO-40037,,,2026,1,Danish Refugee Council,2,"Improving the protection and shelter environment of conflict affected and displaced populations in Bekaa, Baalback-Hermal, Beirut, Mount Lebanon and Keserwen",8/15/2026 12:00:00 AM,4/14/2027 12:00:00 AM,8 Months,750000,700934.6,0,7/8/2026 1:20:16 PM,128481##507857##1788##2040,"4- Likely to contribute to gender equality, including across age groups",Implementation,234,PRJ_IMPL_RPT,268572.4739,8/20/2026 4:32:55 PM
71,2026 3rd Reserve Allocation,CBPF-LEB-26-R-INGO-40040,,,2026,1,MEDAIR,2,"Immediate life-saving shelter support to conflict-affected and displaced populations in Rachaya, West Bekaa, and Zahle",8/1/2026 12:00:00 AM,4/30/2027 12:00:00 AM,9 Months,700000,654205.6,0,7/7/2026 7:36:13 PM,411##411##411##411,"4- Likely to contribute to gender equality, including across age groups",Implementation,234,PRJ_IMPL_RPT,138562.8687,8/11/2026 6:40:40 PM
71,2026 3rd Reserve Allocation,CBPF-LEB-26-R-INGO-40061,,,2026,1,World Vision International,2,Emergency WASH Assistance for Vulnerable Conflict-Affected Populations in Lebanon,8/1/2026 12:00:00 AM,4/30/2027 12:00:00 AM,9 Months,600000,560747.7,0,7/7/2026 9:15:04 AM,6543##7088##3523##3817,"4- Likely to contribute to gender equality, including across age groups",Implementation,234,PRJ_IMPL_RPT,263440.5158,8/7/2026 3:23:46 PM
71,2026 3rd Reserve Allocation,CBPF-LEB-26-R-INGO-40065,,,2026,1,Action Contre la Faim Liban,2,"Emergency Food Security and Agricultural response in South, Bekaa, Baalbek-Hermel, North, Akkar, Beirut and Mount-Lebanon Governorate",8/1/2026 12:00:00 AM,2/28/2027 12:00:00 AM,7 Months,932535,871528.1,0,7/6/2026 6:32:17 AM,8844##8845##8804##8804,"4- Likely to contribute to gender equality, including across age groups",Implementation,234,PRJ_IMPL_RPT,5131.9581,8/7/2026 7:52:46 PM
71,2026 3rd Reserve Allocation,CBPF-LEB-26-R-INGO-40067,,,2026,1,Action Contre la Faim Liban,2,Improving Access to Life-Saving Secondary Healthcare Services and site management support across affected populations in Lebanon,8/15/2026 12:00:00 AM,5/14/2027 12:00:00 AM,9 Months,984486.1,920080.4,0,7/7/2026 7:15:26 AM,1671##1673##1339##1340,"4- Likely to contribute to gender equality, including across age groups",Implementation,234,PRJ_IMPL_RPT,5131.9581,8/24/2026 6:40:12 PM
71,2026 3rd Reserve Allocation,CBPF-LEB-26-R-INGO-40076,,,2026,1,Associazione Volontari per il Servizio Internazionale,2,"Immediate life-saving WASH response for conflict affected communities in BML, South, and Nabatieh Governorates ",8/1/2026 12:00:00 AM,4/30/2027 12:00:00 AM,9 Months,500000,467289.7,0,7/7/2026 1:39:22 PM,5267##5938##2987##3362,"4- Likely to contribute to gender equality, including across age groups",Implementation,234,PRJ_IMPL_RPT,4735086.6736,8/6/2026 2:35:00 PM
71,2026 2nd Reserve Allocation,CBPF-LEB-26-R-NGO-39354,,,2026,1,Embrace,1,Safeguarding Life-Saving Mental Health Crisis Response in Lebanon during the Current Conflict ,4/3/2026 12:00:00 AM,10/2/2026 12:00:00 AM,6 Months,183697.1,171679.5,0,3/31/2026 12:57:40 PM,3174##3553##216##287,"4- Likely to contribute to gender equality, including across age groups",Implementation,3503,PRJ_UND_FINAL_RPT,3089438.7762,4/16/2026 1:46:19 PM
71,2026 2nd Reserve Allocation,CBPF-LEB-26-R-NGO-39379,,,2026,1,Association Libanaise des Chevaliers de Malte,1,"Emergency humanitarian response providing food assistance to IDPs across Beirut, Mount Lebanon, and South Lebanon.",3/27/2026 12:00:00 AM,7/26/2026 12:00:00 AM,4 Months,300000,280373.8,0,3/24/2026 5:16:36 AM,5040##5670##2520##2520,"4- Likely to contribute to gender equality, including across age groups",Implementation,3503,PRJ_UND_FINAL_RPT,6945249.9620,4/25/2026 1:50:27 AM
71,2026 2nd Reserve Allocation,CBPF-LEB-26-R-NGO-39381,,,2026,1,Association Nabad for Development,1,"Life-Saving Food Assistance and Protection Support for Conflict-Affected Displaced Populations in Baalbeck-Hermel, Bekaa, BML, South and Nabatiyeh.",4/2/2026 12:00:00 AM,11/1/2026 12:00:00 AM,7 Months,900000,841121.5,0,3/26/2026 3:06:33 PM,6256##10348##6206##7470,"4- Likely to contribute to gender equality, including across age groups",Implementation,234,PRJ_IMPL_RPT,1436948.2680,4/16/2026 1:24:35 PM
71,2026 2nd Reserve Allocation,CBPF-LEB-26-R-NGO-39394,,,2026,1,Imam Sadr Foundation,1,"Rapid Response to Urgent Health and Protection Needs of Conflict-Affected and Displaced populations in South, Beirut, and Mount Lebanon",3/30/2026 12:00:00 AM,9/29/2026 12:00:00 AM,6 Months,449539.1,420130,0,3/24/2026 12:38:57 PM,1395##3060##775##1070,"4- Likely to contribute to gender equality, including across age groups",Implementation,3503,PRJ_UND_FINAL_RPT,682550.4273,4/6/2026 1:01:00 PM
71,2026 2nd Reserve Allocation,CBPF-LEB-26-R-NGO-39402,,,2026,1,Caritas Lebanon,1,Lifesaving Health Assistance to Displaced and Affected Populations Inside and Outside Collective Shelters in BML,3/27/2026 12:00:00 AM,10/26/2026 12:00:00 AM,7 Months,499376.5,466707,0,3/24/2026 7:56:11 AM,2200##3600##1000##1200,"4- Likely to contribute to gender equality, including across age groups",Implementation,234,PRJ_IMPL_RPT,667154.5530,4/6/2026 12:59:39 PM
71,2026 2nd Reserve Allocation,CBPF-LEB-26-R-NGO-39406,,,2026,1,Tabitha for relief and development,1,Inclusive protection for newly IDPs: Tabitha delivering protection in North Lebanon and Mosaic operating the LGBTQI+ Safe Shelter in Mount Lebanon,4/3/2026 12:00:00 AM,10/2/2026 12:00:00 AM,6 Months,348201.2,325421.7,0,4/2/2026 6:09:22 AM,1327##2812##1645##3005,"4- Likely to contribute to gender equality, including across age groups",Implementation,3503,PRJ_UND_FINAL_RPT,2945743.9494,4/16/2026 1:28:23 PM
71,2026 2nd Reserve Allocation,CBPF-LEB-26-R-NGO-39409,,,2026,1,Beit El Baraka,1,Emergency response- Food security for Internally Displaced in Beirut and Mount Lebanon,4/6/2026 12:00:00 AM,10/5/2026 12:00:00 AM,6 Months,495740.2,463308.6,0,3/31/2026 4:13:04 PM,1535##1785##694##846,"4- Likely to contribute to gender equality, including across age groups",Implementation,3503,PRJ_UND_FINAL_RPT,7624379.0839,4/25/2026 1:51:32 AM
71,2026 2nd Reserve Allocation,CBPF-LEB-26-R-NGO-39420,,,2026,1,Rene Mouawad Foundation,1,Responding to Emergency Shelter Needs in North Lebanon and Akkar,3/30/2026 12:00:00 AM,7/29/2026 12:00:00 AM,4 Months,349929.9,327037.3,0,3/24/2026 2:37:16 PM,584##583##202##202,0- Does not systematically link programming actions,Implementation,3503,PRJ_UND_FINAL_RPT,663733.2476,4/6/2026 12:52:16 PM
71,2026 2nd Reserve Allocation,CBPF-LEB-26-R-NGO-39457,,,2026,1,Akkar Network for development,1,"Comprehensive Protection, CP and GBV interventions inside and outside collective sites addressing the increased risks and needs of displaced communities in Akkar",4/13/2026 12:00:00 AM,10/12/2026 12:00:00 AM,6 Months,149227.5,139465,0,4/9/2026 2:43:35 PM,0##612##386##606,"4- Likely to contribute to gender equality, including across age groups",Implementation,234,PRJ_IMPL_RPT,656890.6368,4/29/2026 8:17:54 PM
71,2026 2nd Reserve Allocation,CBPF-LEB-26-R-NGO-39458,,,2026,1,Caritas Lebanon,1,"Life-Saving Response for Displaced and Affected Populations in BML through Protection, GBV, CP &amp; Shelter Support.",4/3/2026 12:00:00 AM,12/31/2026 12:00:00 AM,"8 Months, 29 Days",700000,654205.6,0,3/30/2026 12:59:01 PM,1156##1913##1126##1291,"4- Likely to contribute to gender equality, including across age groups",Implementation,234,PRJ_IMPL_RPT,667154.5530,4/20/2026 1:39:27 PM
71,2026 2nd Reserve Allocation,CBPF-LEB-26-R-NGO-39459,,,2026,1,Nusaned,1,"Emergency Food Assistance to Internally Displaced Persons affected by the most recent escalation in Beirut, Mount Lebanon, North, and Akkar",3/25/2026 12:00:00 AM,9/24/2026 12:00:00 AM,6 Months,647910.1,605523.4,0,3/21/2026 3:57:50 PM,4602##4602##0##0,"4- Likely to contribute to gender equality, including across age groups",Implementation,3503,PRJ_UND_FINAL_RPT,7030782.5970,4/6/2026 12:58:23 PM
71,2026 2nd Reserve Allocation,CBPF-LEB-26-R-NGO-39460,,,2026,1,Lebanese Association for Popular Action,1,Emergency Health Response in BML to IDPs and Affected Populations by the 2026 War in Lebanon,4/3/2026 12:00:00 AM,1/2/2027 12:00:00 AM,9 Months,699646.1,653874.9,0,4/1/2026 8:00:57 AM,2367##4732##1626##1539,2- Unlikely to contribute to gender equality (no gender equality measure but includes age consideration),Implementation,234,PRJ_IMPL_RPT,532012.9897,4/16/2026 1:31:48 PM
71,2026 2nd Reserve Allocation,CBPF-LEB-26-R-NGO-39461,,,2026,1,Nusaned,1,"Emergency WASH assistance to Internally Displaced Persons residing inside collective shelters in Beirut, Mount Lebanon, and South",3/25/2026 12:00:00 AM,11/16/2026 12:00:00 AM,"7 Months, 23 Days",498364.8,465761.5,0,3/23/2026 4:06:44 PM,5768##5768##0##0,"4- Likely to contribute to gender equality, including across age groups",Implementation,234,PRJ_IMPL_RPT,7030782.5970,4/6/2026 12:57:22 PM
71,2026 2nd Reserve Allocation,CBPF-LEB-26-R-NGO-39467,,,2026,1,Developmental Action Without Borders (Naba''a),1,"Responding to Urgent Food Needs of 5,650 Resilient and Displaced Households in Palestinian Camps and in Saida Region",3/25/2026 12:00:00 AM,5/24/2026 12:00:00 AM,2 Months,297427.9,277970,0,3/23/2026 12:52:36 PM,4003##6743##4092##7762,"4- Likely to contribute to gender equality, including across age groups",Project Closure,2818,PRJ_UND_AUD,672286.5111,3/31/2026 9:23:49 PM
71,2026 3rd Reserve Allocation,CBPF-LEB-26-R-NGO-40013,,,2026,1,Association Nabad for Development,1,"Rapid Emergency Food Assistance for Conflict-Affected Populations in Collective Shelters, Displacement-Affected Communities, and Hard-to-Reach Areas Across Lebanon",8/1/2026 12:00:00 AM,2/28/2027 12:00:00 AM,7 Months,994250.4,956010,0,7/7/2026 12:30:42 PM,18528##20072##19300##19300,"4- Likely to contribute to gender equality, including across age groups",Implementation,234,PRJ_IMPL_RPT,1436948.2680,8/6/2026 2:31:59 PM
71,2026 3rd Reserve Allocation,CBPF-LEB-26-R-NGO-40014,,,2026,1,Association Nabad for Development,1,Life-Saving Emergency Shelter Assistance for Conflict-Affected IDPs in South Lebanon and Bekaa,8/1/2026 12:00:00 AM,2/28/2027 12:00:00 AM,7 Months,309994.9,298072,0,7/7/2026 11:58:11 AM,4094##6141##4913##5323,"4- Likely to contribute to gender equality, including across age groups",Implementation,234,PRJ_IMPL_RPT,1436948.2680,8/6/2026 2:28:56 PM
71,2026 3rd Reserve Allocation,CBPF-LEB-26-R-NGO-40016,,,2026,1,Tabitha for relief and development,1,"Community-based protection prevention, information, referral &amp; capacity strengthening of local actors for Conflict-Affected Populations in Akkar, North Lebanon (T5) &amp; Mount Lebanon- Jbeil, Keserwan",8/1/2026 12:00:00 AM,4/30/2027 12:00:00 AM,9 Months,177773,166143,0,7/8/2026 7:09:30 AM,870##2770##900##2150,"4- Likely to contribute to gender equality, including across age groups",Implementation,234,PRJ_IMPL_RPT,2945743.9494,8/11/2026 6:40:02 PM
71,2026 3rd Reserve Allocation,CBPF-LEB-26-R-NGO-40017,,,2026,1,Fair Trade Lebanon FTL,1,Livelihood Emergency cash-for-work support to conflict-affected communities in Baabda and Baalbek,8/1/2026 12:00:00 AM,2/28/2027 12:00:00 AM,7 Months,449976.1,420538.4,0,7/6/2026 7:31:18 AM,443##190##0##0,"4- Likely to contribute to gender equality, including across age groups",Implementation,234,PRJ_IMPL_RPT,7694515.8446,8/7/2026 3:27:37 PM
71,2026 3rd Reserve Allocation,CBPF-LEB-26-R-NGO-40020,,,2026,1,ARC EN CIEL,1,Integrated Protection and Disability-Inclusive Resilience for Conflict-Affected Communities in High-Severity Areas of Lebanon,8/15/2026 12:00:00 AM,5/14/2027 12:00:00 AM,9 Months,299999.7,280373.6,0,7/7/2026 7:59:43 AM,365##365##35##35,"4- Likely to contribute to gender equality, including across age groups",Implementation,234,PRJ_IMPL_RPT,709920.8705,8/20/2026 4:29:17 PM
71,2026 3rd Reserve Allocation,CBPF-LEB-26-R-NGO-40027,,,2026,1,Association Libanaise des Chevaliers de Malte,1,Provision of Essential Health and Nutrition Services to Vulnerable Populations in Conflict-Affected and Hard-to-Reach Areas of Nabatieh governorate,8/1/2026 12:00:00 AM,4/30/2027 12:00:00 AM,9 Months,400000,373831.8,0,7/8/2026 1:53:32 PM,1770##2400##550##550,"4- Likely to contribute to gender equality, including across age groups",Implementation,234,PRJ_IMPL_RPT,6945249.9620,8/7/2026 3:22:34 PM
71,2026 3rd Reserve Allocation,CBPF-LEB-26-R-NGO-40034,,,2026,1,Caritas Lebanon,1,"Provision of lifesaving primary healthcare services including mental health to displaced and affected populations in Nabatieh, South, &amp; Mount Lebanon and secondary healthcare for high-risk pregnancies",8/1/2026 12:00:00 AM,4/30/2027 12:00:00 AM,9 Months,700000,654205.6,0,7/8/2026 7:08:29 AM,1600##3000##700##700,"4- Likely to contribute to gender equality, including across age groups",Implementation,234,PRJ_IMPL_RPT,667154.5530,8/18/2026 4:53:35 PM
71,2026 3rd Reserve Allocation,CBPF-LEB-26-R-NGO-40035,,,2026,1,Caritas Lebanon,1,"Immediate life-saving shelter assistance through cash for shelter and seasonal CRIs to affected and displaced populations in Beirut, Mount Lebanon, South, and Nabatieh",8/1/2026 12:00:00 AM,2/28/2027 12:00:00 AM,7 Months,410000,383177.6,0,7/8/2026 7:09:17 AM,4455##4455##4250##4250,"4- Likely to contribute to gender equality, including across age groups",Implementation,234,PRJ_IMPL_RPT,667154.5530,8/18/2026 4:37:43 PM
71,2026 3rd Reserve Allocation,CBPF-LEB-26-R-NGO-40036,,,2026,1,Caritas Lebanon,1,Immediate life-saving assistance through emergency cash for work to conflict-affected communities in BML while supporting the restoration of essential community services and public spaces.,8/1/2026 12:00:00 AM,2/28/2027 12:00:00 AM,7 Months,700000,654205.6,0,7/8/2026 7:09:56 AM,440##540##0##0,"4- Likely to contribute to gender equality, including across age groups",Implementation,234,PRJ_IMPL_RPT,667154.5530,8/18/2026 4:35:15 PM
71,2026 3rd Reserve Allocation,CBPF-LEB-26-R-NGO-40042,,,2026,1,Imam Sadr Foundation,1,Fresh Meal Assistance for Displaced Households and Emergency Livelihood Support for Affected Farmers across Lebanon,8/1/2026 12:00:00 AM,2/28/2027 12:00:00 AM,7 Months,668622,624880.4,0,7/8/2026 11:41:15 AM,1490##1490##1010##1010,"3- Likely to contribute to gender equality, but without attention to age groups",Implementation,234,PRJ_IMPL_RPT,682550.4273,8/7/2026 8:34:42 PM
71,2026 3rd Reserve Allocation,CBPF-LEB-26-R-NGO-40043,,,2026,1,Imam Sadr Foundation,1,Integrated Primary Healthcare and Nutrition Response for Conflict-Impacted Communities in Sour and Saida Districts,8/1/2026 12:00:00 AM,4/30/2027 12:00:00 AM,9 Months,300000,280373.8,0,7/8/2026 1:09:19 PM,1080##1950##920##1050,"3- Likely to contribute to gender equality, but without attention to age groups",Implementation,234,PRJ_IMPL_RPT,682550.4273,8/7/2026 8:36:31 PM
71,2026 3rd Reserve Allocation,CBPF-LEB-26-R-NGO-40044,,,2026,1,Makassed Philanthropic Islamic Association of Beirut,1,Lifesaving Health Interventions in Beirut,8/15/2026 12:00:00 AM,5/14/2027 12:00:00 AM,9 Months,249878.2,233531,0,7/8/2026 1:19:35 PM,200##250##150##150,"4- Likely to contribute to gender equality, including across age groups",Implementation,234,PRJ_IMPL_RPT,701367.6070,9/2/2026 2:36:27 PM
71,2026 3rd Reserve Allocation,CBPF-LEB-26-R-NGO-40045,,,2026,1,Beit El Baraka,1,Food Security Support Through Hot and Cold Meal Distribution in Beirut,8/1/2026 12:00:00 AM,2/28/2027 12:00:00 AM,7 Months,694783.3,668060.8,0,7/8/2026 6:54:53 AM,336##774##466##624,"4- Likely to contribute to gender equality, including across age groups",Implementation,234,PRJ_IMPL_RPT,7624379.0839,8/7/2026 3:25:52 PM
71,2026 3rd Reserve Allocation,CBPF-LEB-26-R-NGO-40064,,,2026,1,Rene Mouawad Foundation,1,Responding to Immediate Life-Saving Shelter Needs in North Lebanon and Akkar,8/1/2026 12:00:00 AM,3/31/2027 12:00:00 AM,8 Months,459998.7,429905.3,0,7/7/2026 12:11:39 PM,527##351##527##351,0- Does not systematically link programming actions,Implementation,234,PRJ_IMPL_RPT,663733.2476,8/6/2026 2:27:50 PM
71,2026 3rd Reserve Allocation,CBPF-LEB-26-R-NGO-40077,,,2026,1,Developmental Action Without Borders (Naba''a),1,"Emergency Food Assistance for Conflict-Affected Populations in Southern Lebanon (Saida, Sour, Nabatiyeh and Marjaayoun districts)",8/1/2026 12:00:00 AM,2/28/2027 12:00:00 AM,7 Months,867812.8,811040,0,7/7/2026 11:58:11 AM,18991##37459##13351##23649,"4- Likely to contribute to gender equality, including across age groups",Implementation,234,PRJ_IMPL_RPT,672286.5111,8/6/2026 2:38:22 PM
71,2026 3rd Reserve Allocation,CBPF-LEB-26-R-NGO-40079,,,2026,1,The Community Organization for Development and Empowerment,1,Integrated Emergency Livelihood Response - Tyre,8/1/2026 12:00:00 AM,1/31/2027 12:00:00 AM,6 Months,300000,280373.8,0,7/6/2026 11:01:09 AM,307##131##0##0,2- Unlikely to contribute to gender equality (no gender equality measure but includes age consideration),Implementation,234,PRJ_IMPL_RPT,18878763.1972,8/7/2026 8:35:32 PM
71,2026 3rd Reserve Allocation,CBPF-LEB-26-R-NGO-40082,,,2026,1,Lebanese Association for Popular Action,1,Strengthening Lebanon's Health Response through Essential Medications with Integrated Health and Nutrition Services for IDPs and Affected Populations,8/1/2026 12:00:00 AM,4/30/2027 12:00:00 AM,9 Months,699993.1,654199.1,0,7/8/2026 4:51:41 PM,4735##5427##869##869,"4- Likely to contribute to gender equality, including across age groups",Implementation,234,PRJ_IMPL_RPT,532012.9897,8/10/2026 8:45:50 PM
71,2026 3rd Reserve Allocation,CBPF-LEB-26-R-NGO-40083,,,2026,1,Lebanese Association for Popular Action,1,Child Protection and Gender-Based Violence Protection Support to IDPs and Affected Populations in the South of Lebanon,8/15/2026 12:00:00 AM,5/14/2027 12:00:00 AM,9 Months,649995.8,607472.8,0,7/8/2026 5:33:46 PM,325##2915##2860##2860,"4- Likely to contribute to gender equality, including across age groups",Implementation,234,PRJ_IMPL_RPT,532012.9897,8/24/2026 1:50:57 PM
71,2026 3rd Reserve Allocation,CBPF-LEB-26-R-NGO-40096,,,2026,1,Developmental Action Without Borders (Naba''a),1,Emergency Cash for Work for Livelihoods Recovery and Essential Services Restoration in Conflict-Affected Areas of Southern Lebanon,8/1/2026 12:00:00 AM,2/28/2027 12:00:00 AM,7 Months,549904.3,513929.2,0,7/8/2026 12:10:58 PM,540##360##0##0,"4- Likely to contribute to gender equality, including across age groups",Implementation,234,PRJ_IMPL_RPT,672286.5111,8/6/2026 2:36:47 PM
71,2026 3rd Reserve Allocation,CBPF-LEB-26-R-NGO-40098,,,2026,1,Nusaned,1,Integrated Food Security Response for Conflict-Affected Individuals and Vulnerable Farmers,8/1/2026 12:00:00 AM,2/28/2027 12:00:00 AM,7 Months,830719.9,776373.8,0,7/7/2026 3:29:25 PM,1850##1850##0##0,"4- Likely to contribute to gender equality, including across age groups",Implementation,234,PRJ_IMPL_RPT,7030782.5970,8/6/2026 2:33:55 PM
71,2026 3rd Reserve Allocation,CBPF-LEB-26-R-NGO-40099,,,2026,1,Nusaned,1,Integrated Emergency WASH and Shelter Support to IDPs through Cash and In-Kind Assistance for Safe and Dignified Living Conditions,8/1/2026 12:00:00 AM,4/30/2027 12:00:00 AM,9 Months,948923.2,886844.1,0,7/7/2026 4:35:48 PM,7556##7557##0##0,"4- Likely to contribute to gender equality, including across age groups",Implementation,234,PRJ_IMPL_RPT,7030782.5970,8/6/2026 2:24:58 PM
71,2026 1st Reserve Allocation,CBPF-LEB-26-R-UN-39238,,,2026,1,United Nations Population Fund,3,Advancing a Coherent System of Collective Accountability and Hotline Rationalization in Lebanon,4/1/2026 12:00:00 AM,7/31/2026 12:00:00 AM,4 Months,96300,90000,0,3/6/2026 12:26:21 PM,130000##130000##130000##130000,"4- Likely to contribute to gender equality, including across age groups",Implementation,3503,PRJ_UND_FINAL_RPT,4475067.4632,3/31/2026 9:17:55 PM
75,"Life-saving, multi-sectoral response to escalating and urgent needs in Nigeria.",CBPF-NGA-26-R-INGO-NSFT-39366,,,2026,1,International Rescue Committee,2,Multi‑Sector Life‑Saving Assistance in Northeast Nigeria and Targeted Nutrition Response in the Northwest,4/2/2026 12:00:00 AM,10/1/2026 12:00:00 AM,6 Months,1E+07,9345794,0,3/19/2026 4:26:58 PM,27481##71227##76478##86114,"4- Likely to contribute to gender equality, including across age groups",Implementation,3525,PRJ_UND_FINAL_RPT,4806421.3500,4/17/2026 11:36:10 AM
75,"Life-saving, multi-sectoral response to escalating and urgent needs in Nigeria.",CBPF-NGA-26-R-INGO-NSFT-39367,,,2026,1,Norwegian Refugee Council,2,"Emergency Protection Support for Displacement-affected Communities in Damaturu, Konduga and Mafa LGAs ",4/5/2026 12:00:00 AM,10/4/2026 12:00:00 AM,6 Months,1500000,1401869,0,3/18/2026 5:11:18 PM,6160##11440##9240##17160,"4- Likely to contribute to gender equality, including across age groups",Implementation,3525,PRJ_UND_FINAL_RPT,4873230.2250,4/17/2026 11:48:37 AM
75,"Life-saving, multi-sectoral response to escalating and urgent needs in Nigeria.",CBPF-NGA-26-R-INGO-NSFT-39375,,,2026,1,Family Health International Nigeria,2,Integrated Humanitarian Assistance in Northeast Nigeria (IHANN),4/5/2026 12:00:00 AM,10/4/2026 12:00:00 AM,6 Months,5500000,5140187,0,3/18/2026 9:06:05 AM,21856##35672##41285##46274,"4- Likely to contribute to gender equality, including across age groups",Implementation,3525,PRJ_UND_FINAL_RPT,3025487.6250,4/17/2026 7:36:27 PM
75,"Life-saving, multi-sectoral response to escalating and urgent needs in Nigeria.",CBPF-NGA-26-R-INGO-NSFT-39387,,,2026,1,Solidarités International,2,"Provision of life-saving WASH assistance to communities affected by the crisis in Borno State, Nigeria.",4/5/2026 12:00:00 AM,10/4/2026 12:00:00 AM,6 Months,1200000,1121495,0,3/19/2026 2:09:43 PM,19583##25957##22987##30473,"4- Likely to contribute to gender equality, including across age groups",Implementation,3525,PRJ_UND_FINAL_RPT,4951492.0500,4/17/2026 7:39:57 PM
75,"Life-saving, multi-sectoral response to escalating and urgent needs in Nigeria.",CBPF-NGA-26-R-INGO-NSFT-39390,,,2026,1,INTERSOS,2,"Rapid Life-Saving Health and Nutrition Response for Vulnerable Populations in Dikwa, Magumeri, Maiduguri and Monguno, Borno State",4/5/2026 12:00:00 AM,10/4/2026 12:00:00 AM,6 Months,6900000,6448598,0,3/19/2026 8:24:04 PM,42591##89639##30397##32673,"4- Likely to contribute to gender equality, including across age groups",Implementation,3525,PRJ_UND_FINAL_RPT,4768244.8500,4/15/2026 5:27:15 PM
75,"Life-saving, multi-sectoral response to escalating and urgent needs in Nigeria.",CBPF-NGA-26-R-INGO-NSFT-39419,,,2026,1,Street Child,2,"Provision of Lifesaving Integrated Protection Response for Vulnerable Communities in Dikwa, Jere and Mobbar  local government areas of Borno state.",4/5/2026 12:00:00 AM,10/4/2026 12:00:00 AM,6 Months,1500000,1401869,0,3/19/2026 5:02:00 PM,12000##32000##11000##11000,"4- Likely to contribute to gender equality, including across age groups",Implementation,3525,PRJ_UND_FINAL_RPT,3193464.2250,4/20/2026 7:33:47 PM
75,"Life-saving, multi-sectoral response to escalating and urgent needs in Nigeria.",CBPF-NGA-26-R-INGO-NSFT-39449,,,2026,1,Mercy Corps,2,Integrated Lifesaving WASH &amp; Nutrition Response in Borno and Yobe,4/8/2026 12:00:00 AM,10/7/2026 12:00:00 AM,6 Months,8000000,7476636,0,3/19/2026 4:07:09 PM,30536##34968##38196##49500,"3- Likely to contribute to gender equality, but without attention to age groups",Implementation,3525,PRJ_UND_FINAL_RPT,5163371.6250,4/17/2026 7:32:43 PM
75,"Life-saving, multi-sectoral response to escalating and urgent needs in Nigeria.",CBPF-NGA-26-R-INGO-NSFT-39462,,,2026,1,Save the Children Fund,2,Life-saving integrated health and nutrition interventions for women and children facing acute malnutrition in Borno and Yobe states,4/5/2026 12:00:00 AM,10/4/2026 12:00:00 AM,6 Months,9000000,8411215,0,3/19/2026 12:33:02 PM,40335##66975##143327##151466,"4- Likely to contribute to gender equality, including across age groups",Implementation,3525,PRJ_UND_FINAL_RPT,5501233.6500,4/20/2026 10:27:33 AM
75,2nd Reserve Allocation 2026 (Anticipatory Action),CBPF-NGA-26-R-NGO-40050,,,2026,1,GRASSROOT LIFE SAVING OUTREACH,1,"Delivery of Emergency Multi-Purpose Cash Assistance (MPCA) to Vulnerable Flood-Affected Households in Lamurde, Numan and Yola North LGAs of Adamawa State.",7/31/2026 12:00:00 AM,1/30/2027 12:00:00 AM,6 Months,500000.1,467289.8,0,7/7/2026 5:39:20 PM,11382##7967##1593##1822,"4- Likely to contribute to gender equality, including across age groups",Implementation,3166,PRJ_IMPL_RPT,3256455.4500,8/13/2026 12:33:47 PM
75,2nd Reserve Allocation 2026 (Anticipatory Action),CBPF-NGA-26-R-NGO-40075,,,2026,1,Hope And Rural Aid Foundation,1,"Strengthening Community-Based Protection Preparedness for flood affected population through Protection Services and GBV Risk Mitigation in Fufore,Yola South,Yola North,Girei,Demsa,Numan, and Lamurde ",8/3/2026 12:00:00 AM,2/2/2027 12:00:00 AM,6 Months,200000,186915.9,0,7/7/2026 8:34:05 PM,1600##3100##1350##1950,"4- Likely to contribute to gender equality, including across age groups",Implementation,3166,PRJ_IMPL_RPT,3101840.6250,8/13/2026 1:52:17 PM
75,"Life-saving, multi-sectoral response to escalating and urgent needs in Nigeria.",CBPF-NGA-26-R-NGO-NSFT-39362,,,2026,1,Royal Heritage Health Foundation,1,"Strengthening Life-Saving Multi-Sectoral Protection, Child Protection, GBV Response, and PSEA Accountability for Vulnerable Populations in Monguno and Kala/Balge LGAs, Borno State.",4/2/2026 12:00:00 AM,10/1/2026 12:00:00 AM,6 Months,800000,747663.6,0,3/19/2026 10:05:28 AM,7192##12823##6366##9619,"4- Likely to contribute to gender equality, including across age groups",Implementation,3525,PRJ_UND_FINAL_RPT,7889173.7250,4/15/2026 4:18:59 PM
75,"Life-saving, multi-sectoral response to escalating and urgent needs in Nigeria.",CBPF-NGA-26-R-NGO-NSFT-39371,,,2026,1,Future Resilience and Development Foundation,1,Integrated Life-Saving Nutrition and WASH Response for At-Risk Populations to Reduce Vulnerability in Borno State,4/2/2026 12:00:00 AM,10/1/2026 12:00:00 AM,6 Months,900000,841121.5,0,3/19/2026 1:54:51 PM,3437##4042##8576##10045,"4- Likely to contribute to gender equality, including across age groups",Implementation,3525,PRJ_UND_FINAL_RPT,20661121.8000,4/15/2026 4:03:14 PM
75,"Life-saving, multi-sectoral response to escalating and urgent needs in Nigeria.",CBPF-NGA-26-R-NGO-NSFT-39422,,,2026,1,"Center for Advocacy, Transparency, and Accountability Initiative",1,"Integrated Life-Saving Nutrition and Protection Assistance for Conflict-Affected Populations in Kaga, Konduga and Ngala LGAs, Borno State",4/2/2026 12:00:00 AM,10/1/2026 12:00:00 AM,6 Months,1500000,1401869,0,3/19/2026 1:01:59 PM,6050##15436##10438##16186,"4- Likely to contribute to gender equality, including across age groups",Implementation,3525,PRJ_UND_FINAL_RPT,20571407.0250,4/15/2026 4:22:46 PM
75,"Life-saving, multi-sectoral response to escalating and urgent needs in Nigeria.",CBPF-NGA-26-R-NGO-NSFT-39424,,,2026,1,Grow Strong Foundation,1,"Scaling Community-Based, Multi-sectoral Life-saving Protection Services for At-Risk Children, Women, and Families affected by Conflict in Borno and Yobe state (SCALE)",4/3/2026 12:00:00 AM,10/2/2026 12:00:00 AM,6 Months,800000.9,747664.4,0,3/18/2026 9:20:18 PM,4950##8450##9300##13300,"4- Likely to contribute to gender equality, including across age groups",Implementation,3525,PRJ_UND_FINAL_RPT,7629573.5250,4/17/2026 11:16:56 AM
75,"Life-saving, multi-sectoral response to escalating and urgent needs in Nigeria.",CBPF-NGA-26-R-NGO-NSFT-39439,,,2026,1,Life at Best Development Initiative,1,Integrated Life-Saving Response to Address Escalating Humanitarian Needs in Borno and Yobe States,4/5/2026 12:00:00 AM,10/4/2026 12:00:00 AM,6 Months,900000,841121.5,0,3/19/2026 7:41:27 PM,4978##5652##7404##8766,"4- Likely to contribute to gender equality, including across age groups",Implementation,3525,PRJ_UND_FINAL_RPT,3124746.5250,4/15/2026 3:59:36 PM
75,2nd Reserve Allocation 2026 (Anticipatory Action),CBPF-NGA-26-R-O-40101,,,2026,1,Nigerian Red Cross Society,4,Flood Anticipatory Community Early-warning for Urgent Preparedness  (FACE-UP) in Adamawa State,8/7/2026 12:00:00 AM,2/6/2027 12:00:00 AM,6 Months,300000,280373.8,0,7/7/2026 2:45:10 PM,75000##75000##150000##150000,0- Does not systematically link programming actions,Implementation,3166,PRJ_IMPL_RPT,21898040.4000,8/13/2026 12:36:47 PM
75,"Life-saving, multi-sectoral response to escalating and urgent needs in Nigeria.",CBPF-NGA-26-R-UN-NSFT-39374,,,2026,1,United Nations Children's Fund,3,Provision of emergency WASH and Nutrition services to reach the most vulnerable children and families in19 hyper-prioritized LGAs in Nigeria,4/13/2026 12:00:00 AM,10/12/2026 12:00:00 AM,6 Months,1.48E+07,1.383178E+07,0,3/19/2026 7:12:04 PM,34825##209340##307992##377843,"4- Likely to contribute to gender equality, including across age groups",Implementation,3166,PRJ_IMPL_RPT,5050750.9500,4/20/2026 7:31:58 PM
75,"Life-saving, multi-sectoral response to escalating and urgent needs in Nigeria.",CBPF-NGA-26-R-UN-NSFT-39376,,,2026,1,World Food Programme,3,Providing Life-saving Food Assistance to Food Insecure Households in Northern Nigeria 2026,4/5/2026 12:00:00 AM,10/4/2026 12:00:00 AM,6 Months,4.9E+07,4.579439E+07,0,3/19/2026 6:27:47 PM,120669##276370##193181##188407,"4- Likely to contribute to gender equality, including across age groups",Implementation,3525,PRJ_UND_FINAL_RPT,5094653.9250,4/23/2026 10:45:16 AM
75,"Life-saving, multi-sectoral response to escalating and urgent needs in Nigeria.",CBPF-NGA-26-R-UN-NSFT-39380,,,2026,1,United Nations High Commissioner for Refugees,3,"Provision of Life-Saving Protection Interventions for Conflict-Affected and Displacement-Affected Populations in Makurdi and Guma LGAs, Benue State.",4/5/2026 12:00:00 AM,10/4/2026 12:00:00 AM,6 Months,4200054,3943713,0,3/19/2026 7:33:06 PM,19408##29112##17467##31053,"4- Likely to contribute to gender equality, including across age groups",Implementation,3525,PRJ_UND_FINAL_RPT,5027845.0500,4/17/2026 7:28:36 PM
75,"Life-saving, multi-sectoral response to escalating and urgent needs in Nigeria.",CBPF-NGA-26-R-UN-NSFT-39398,,,2026,1,International Organization for Migration,3,Strengthening Life-Saving WASH Services and Humanitarian Hub Support in Northeast Nigeria,4/5/2026 12:00:00 AM,10/4/2026 12:00:00 AM,6 Months,5000000,4672897,0,3/19/2026 2:49:20 PM,22919##47369##38200##44312,"4- Likely to contribute to gender equality, including across age groups",Implementation,3525,PRJ_UND_FINAL_RPT,4789241.9250,4/17/2026 11:25:53 AM
81,2026 Second Reserve Allocation (Winter Response),CBPF-UKR-26-R-INGO-40268,,,2026,1,Triangle Generation Humanitaire,2,Integrated Consortium Response for Time-Critical Winterization Assistance to Conflict-Affected Populations in Eastern and Southern Ukraine (SP1),10/1/2026 12:00:00 AM,3/31/2027 12:00:00 AM,6 Months,2000000,1869159,0,8/4/2026 11:39:38 AM,4812##7117##1804##2037,"4- Likely to contribute to gender equality, including across age groups",Disbursement,4198,PRJ_DISBURSEMENT,6561363.1797,10/8/2026 5:55:44 PM
81,2026 Second Reserve Allocation (Winter Response),CBPF-UKR-26-R-INGO-40283,,,2026,1,Medair,2,"Providing safe, warm and dignified winter living conditions for displaced people and frontline communities",10/1/2026 12:00:00 AM,3/31/2027 12:00:00 AM,6 Months,4420762,4131553,0,8/4/2026 1:30:14 PM,21034##28283##5324##4166,"4- Likely to contribute to gender equality, including across age groups",Disbursement,4198,PRJ_DISBURSEMENT,10194937.9029,10/6/2026 1:54:33 PM
81,2026 Second Reserve Allocation (Winter Response),CBPF-UKR-26-R-INGO-40295,,,2026,1,"Global Emergency Relief, Recovery & Reconstruction",2,Winterization Assistance to Vulnerable Populations for SP1,10/1/2026 12:00:00 AM,3/31/2027 12:00:00 AM,6 Months,2786799,2604485,0,7/31/2026 7:59:27 AM,748##1077##196##193,"4- Likely to contribute to gender equality, including across age groups",Implementation,4199,PRJ_IMPL_RPT,10370827.8558,9/21/2026 1:37:51 PM
81,2026 Second Reserve Allocation (Winter Response),CBPF-UKR-26-R-INGO-40316,,,2026,1,Estonian Refugee Council,2,"Winterisation assistance to conflict-affected communities in frontline and hard-to-reach areas in Kharkivska, Dnipropetrovska, Donetska, Zaporizka, and Khersonska oblasts",9/17/2026 12:00:00 AM,3/16/2027 12:00:00 AM,6 Months,2994329,2798438,0,8/4/2026 2:02:10 PM,2500##4878##1469##1513,"4- Likely to contribute to gender equality, including across age groups",Implementation,4199,PRJ_IMPL_RPT,9809761.1706,9/21/2026 7:44:59 PM
81,2026 Second Reserve Allocation (Winter Response),CBPF-UKR-26-R-INGO-40317,,,2026,1,Help – Hilfe zur Selbsthilfe e.V.,2,[SP 1] Winter Resilience: Strengthening the Resilience of Affected Communities in Kharkiv Region,9/15/2026 12:00:00 AM,3/14/2027 12:00:00 AM,6 Months,2999920,2803663,0,7/31/2026 4:32:01 PM,2976##5210##471##433,"4- Likely to contribute to gender equality, including across age groups",Implementation,4199,PRJ_IMPL_RPT,9794175.9849,9/17/2026 2:44:47 PM
81,2026 Second Reserve Allocation (Winter Response),CBPF-UKR-26-R-INGO-40342,,,2026,1,Project Hope 'The people to people health foundation' Inc.,2,TEPLA OSELIA 2026–2027: Time-Critical Assistance for Lifesaving Winter Response: Provision of Solid Fuel and Household Thermal Insulation,9/15/2026 12:00:00 AM,3/14/2027 12:00:00 AM,6 Months,3386571,3165020,0,8/1/2026 4:39:16 PM,1148##1741##408##407,"4- Likely to contribute to gender equality, including across age groups",Disbursement,4198,PRJ_DISBURSEMENT,10484377.0659,9/25/2026 2:51:55 PM
81,2026 Second Reserve Allocation (Winter Response),CBPF-UKR-26-R-INGO-40482,,,2026,1,Danish Refugee Council,2,Provision of emergency winterisation assistance for conflict affected populations in frontline oblast of Ukraine (SP1),10/1/2026 12:00:00 AM,3/31/2027 12:00:00 AM,6 Months,5000000,4672897,0,8/3/2026 2:04:43 PM,2969##4511##645##505,"4- Likely to contribute to gender equality, including across age groups",Implementation,4199,PRJ_IMPL_RPT,5991390.6741,9/23/2026 4:28:03 PM
81,2026 Second Reserve Allocation (Winter Response),CBPF-UKR-26-R-INGO-40519,,,2026,1,Stichting ZOA,2,"Multi-sectoral Consortium project for Winter support to conflict-affected populations across six oblasts in Ukraine, under SP1 and SP3. ",10/1/2026 12:00:00 AM,3/31/2027 12:00:00 AM,6 Months,4344549,4060326,0,8/4/2026 1:03:05 PM,50443##85234##20875##17399,"4- Likely to contribute to gender equality, including across age groups",Disbursement,4198,PRJ_DISBURSEMENT,10201617.2682,9/30/2026 5:45:55 PM
81,2026 Second Reserve Allocation (Winter Response),CBPF-UKR-26-R-INGO-40552,,,2026,1,Polish Humanitarian Action,2,Winter Assistance for Affected People Residing in Frontline and High-Risk hromadas,10/1/2026 12:00:00 AM,3/31/2027 12:00:00 AM,6 Months,2616578,2445400,0,8/4/2026 1:15:03 PM,7530##10187##2215##2214,"4- Likely to contribute to gender equality, including across age groups",Disbursement,4198,PRJ_DISBURSEMENT,6438908.1492,9/30/2026 10:47:26 PM
81,2026 Second Reserve Allocation (Winter Response),CBPF-UKR-26-R-INGO-40716,,,2026,1,Hungarian Interchurch Aid,2,"SP1 Winter Heating, NFI and Group Cash Response for Frontline Communities in Sumska and Kharkivska Oblasts",10/1/2026 12:00:00 AM,3/31/2027 12:00:00 AM,6 Months,2293675,2143621,0,8/3/2026 4:19:19 PM,3915##16747##435##653,"4- Likely to contribute to gender equality, including across age groups",Disbursement,4198,PRJ_DISBURSEMENT,9921083.9256,9/30/2026 5:42:01 PM
81,2026 Second Reserve Allocation (Winter Response),CBPF-UKR-26-R-INGO-40744,,,2026,1,Norwegian Refugee Council,2,2026–2027 Winter Response by the YEDNIST Consortium for Conflict-Affected People in Ukraine,10/1/2026 12:00:00 AM,3/31/2027 12:00:00 AM,6 Months,7590000,7093458,0,8/3/2026 9:35:11 PM,7625##12224##1613##1605,"4- Likely to contribute to gender equality, including across age groups",Disbursement,4198,PRJ_DISBURSEMENT,5686366.3254,10/6/2026 1:55:20 PM
81,2026 Third Reserve Allocation – Continuity and Restoration of Essential Health Services in Khersonska Oblast,CBPF-UKR-26-R-INGO-40860,,,2026,1,"International Rescue Committee, Inc.",2,"Provision of integrated Health, MHPSS and Health Facility resilience support for conflict-affected communities in Khersonska Oblast ",10/1/2026 12:00:00 AM,5/31/2027 12:00:00 AM,8 Months,4451748,4160512,0,8/18/2026 12:46:05 PM,12537##35109##1251##1251,"4- Likely to contribute to gender equality, including across age groups",Disbursement,4198,PRJ_DISBURSEMENT,10197164.3580,9/30/2026 5:29:51 PM
81,2026 Third Reserve Allocation – Continuity and Restoration of Essential Health Services in Khersonska Oblast,CBPF-UKR-26-R-INGO-40887,,,2026,1,Première Urgence Internationale,2,Continuity of Essential Health Services in Khersonska Oblast,10/1/2026 12:00:00 AM,5/31/2027 12:00:00 AM,8 Months,1750000,1635514,0,8/18/2026 1:09:56 PM,11926##14312##132##133,"4- Likely to contribute to gender equality, including across age groups",Disbursement,4198,PRJ_DISBURSEMENT,6312000.2085,10/6/2026 1:53:43 PM
81,2026 Third Reserve Allocation – Continuity and Restoration of Essential Health Services in Khersonska Oblast,CBPF-UKR-26-R-INGO-40986,,,2026,1,INTERSOS,2,"Provision of emergency Health services, essential medicines, and medical equipment to vulnerable population in frontline areas of Kherson region.",10/1/2026 12:00:00 AM,5/31/2027 12:00:00 AM,8 Months,2058585,1923911,0,8/18/2026 12:57:05 PM,3896##6924##679##1021,2- Unlikely to contribute to gender equality (no gender equality measure but includes age consideration),Implementation,4199,PRJ_IMPL_RPT,9807534.7155,9/28/2026 11:40:39 PM
81,Supporting immediate lifesaving needs of the 2026 HNRP,CBPF-UKR-26-R-INGO-NSFT-39308,,,2026,1,Agency for Technical Cooperation and Development,2,Integrated critical cash assistance and protection support to severely conflict-affected and frontline communities in Ukraine.,4/1/2026 12:00:00 AM,9/30/2026 12:00:00 AM,6 Months,2E+07,1.869159E+07,0,3/16/2026 11:14:03 AM,20342##30943##5107##4708,"4- Likely to contribute to gender equality, including across age groups",Implementation,4232,PRJ_UND_FINAL_RPT,5463720.8154,4/1/2026 7:53:23 PM
81,Supporting immediate lifesaving needs of the 2026 HNRP,CBPF-UKR-26-R-INGO-NSFT-39311,,,2026,1,Danish Refugee Council,2,Provision of multisectoral life-saving support to the most vulnerable people affected by the conflict in Ukraine,4/1/2026 12:00:00 AM,9/30/2026 12:00:00 AM,6 Months,1.25E+07,1.168224E+07,0,3/16/2026 11:45:09 AM,69352##102991##7455##7695,"4- Likely to contribute to gender equality, including across age groups",Implementation,4232,PRJ_UND_FINAL_RPT,5991390.6741,4/1/2026 7:55:45 PM
81,Supporting immediate lifesaving needs of the 2026 HNRP,CBPF-UKR-26-R-INGO-NSFT-39316,,,2026,1,Norwegian Refugee Council,2,Provision of Unified Cash Transfers to Address the Basic Needs of Conflict and Strike-Affected Households in Ukraine,4/1/2026 12:00:00 AM,9/30/2026 12:00:00 AM,6 Months,1.7E+07,1.588785E+07,0,3/14/2026 1:34:45 PM,14208##28415##8833##8297,"4- Likely to contribute to gender equality, including across age groups",Implementation,4232,PRJ_UND_FINAL_RPT,5686366.3254,3/30/2026 1:43:53 PM
81,2026 Second Reserve Allocation (Winter Response),CBPF-UKR-26-R-NGO-40311,,,2026,1,Charity Foundation “NEW WAY”,1,Time-critical winterization assistance according to WRP in rural and frontline areas to maintain warm &amp; dignified living conditions during winter by providing solid fuel to HHs (in-kind and сash),10/1/2026 12:00:00 AM,3/31/2027 12:00:00 AM,6 Months,3247426,3034977,0,8/3/2026 12:48:38 PM,2674##3154##480##548,"4- Likely to contribute to gender equality, including across age groups",Implementation,4199,PRJ_IMPL_RPT,8852385.4776,9/21/2026 7:42:54 PM
81,2026 Second Reserve Allocation (Winter Response),CBPF-UKR-26-R-NGO-40313,,,2026,1,CHARITY ORGANIZATION «CHARITABLE FOUNDATION «АNGELS OF SALVATION»,1,"Integrated Winterization Support for Conflict-Affected Households in Chernihivska, Sumska and Kharkivska Oblasts",10/1/2026 12:00:00 AM,3/31/2027 12:00:00 AM,6 Months,3972727,3712829,0,8/4/2026 9:44:02 AM,5810##7229##626##627,"4- Likely to contribute to gender equality, including across age groups",Implementation,4199,PRJ_IMPL_RPT,24065753.1759,9/23/2026 4:51:47 PM
81,2026 Second Reserve Allocation (Winter Response),CBPF-UKR-26-R-NGO-40315,,,2026,1,Charitable Organization 'Charitable Fund 'The Right to Protection',1,WiSUP: Winter Support for Vulnerable Communities in Ukraine,10/1/2026 12:00:00 AM,3/31/2027 12:00:00 AM,6 Months,8385815,7837211,0,8/4/2026 8:14:32 AM,61648##86982##51504##53896,"4- Likely to contribute to gender equality, including across age groups",Implementation,4199,PRJ_IMPL_RPT,4214679.5043,9/28/2026 11:33:58 PM
81,2026 Second Reserve Allocation (Winter Response),CBPF-UKR-26-R-NGO-40324,,,2026,1,Charitable organization “Charitable foundation “ROKADA”,1,"Winter resilience: integrated assistance and protection programme in Ukraine, SP1, SP2",10/1/2026 12:00:00 AM,3/31/2027 12:00:00 AM,6 Months,2999988,2803727,0,8/4/2026 1:28:04 PM,1757##2285##698##702,"4- Likely to contribute to gender equality, including across age groups",Implementation,4199,PRJ_IMPL_RPT,10450980.2394,9/23/2026 4:31:49 PM
81,2026 Second Reserve Allocation (Winter Response),CBPF-UKR-26-R-NGO-40340,,,2026,1,Proliska,1,"Access to Safety: Life-Saving Evacuation, Essential Services and Post-Evacuation Support",9/15/2026 12:00:00 AM,3/14/2027 12:00:00 AM,6 Months,4999995,4672893,0,8/4/2026 2:48:54 PM,28300##78300##6400##7000,"4- Likely to contribute to gender equality, including across age groups",Implementation,4199,PRJ_IMPL_RPT,4252529.2410,9/16/2026 2:39:31 PM
81,2026 Second Reserve Allocation (Winter Response),CBPF-UKR-26-R-NGO-40349,,,2026,1,Zaporizhzhia Charitable Foundation 'Unity' for the Future',1,"Life-saving time-critical winterization assistance for vulnerable families in Zaporizka, Kharkivska, and Sumska oblasts",10/1/2026 12:00:00 AM,3/31/2027 12:00:00 AM,6 Months,2682104,2506639,0,8/4/2026 12:48:42 AM,2261##3949##679##611,"4- Likely to contribute to gender equality, including across age groups",Implementation,4199,PRJ_IMPL_RPT,10061350.5969,9/23/2026 4:32:40 PM
81,2026 Second Reserve Allocation (Winter Response),CBPF-UKR-26-R-NGO-40553,,,2026,1,Dorcas Aid International Transcarpathia,1,Zaporizhzhia Winter Response 2026 ,9/21/2026 12:00:00 AM,3/20/2027 12:00:00 AM,6 Months,1934747,1808175,0,8/3/2026 11:44:18 AM,2281##3346##777##796,"4- Likely to contribute to gender equality, including across age groups",Implementation,4199,PRJ_IMPL_RPT,4230264.6900,9/14/2026 8:01:47 PM
81,2026 Second Reserve Allocation (Winter Response),CBPF-UKR-26-R-NGO-40730,,,2026,1,ICF Caritas Ukraine,1,"Humanitarian response to the critical needs of war-affected people in preparation for wintertime, 2026-2027",10/1/2026 12:00:00 AM,3/31/2027 12:00:00 AM,6 Months,4989650,4663224,0,8/5/2026 12:13:02 PM,15941##21131##6371##6579,"4- Likely to contribute to gender equality, including across age groups",Disbursement,4198,PRJ_DISBURSEMENT,4239170.5104,10/6/2026 1:52:49 PM
81,2026 Second Reserve Allocation (Winter Response),CBPF-UKR-26-R-NGO-40731,,,2026,1,Adventist Development and Relief Agency – Ukraine,1,Winter assistance for conflict-affected and vulnerable households in frontline areas of Chernihiv region,10/1/2026 12:00:00 AM,3/31/2027 12:00:00 AM,6 Months,1350983,1262601,0,8/4/2026 12:38:48 PM,990##2160##630##720,"4- Likely to contribute to gender equality, including across age groups",Implementation,4199,PRJ_IMPL_RPT,4268114.4267,9/17/2026 2:43:55 PM
81,2026 Second Reserve Allocation (Winter Response),CBPF-UKR-26-R-NGO-40735,,,2026,1,Charitable Organization «RELIEF COORDINATION CENTRE»,1,"Winterization Suppport for the Most Vulnerable Population in Kharkivska, Zaporizka, Dnipropetrovska and Khersonska oblasts under SP1, SP3",10/1/2026 12:00:00 AM,3/31/2027 12:00:00 AM,6 Months,2980567,2785576,0,8/3/2026 2:42:44 PM,9380##11969##649##1041,"4- Likely to contribute to gender equality, including across age groups",Disbursement,4198,PRJ_DISBURSEMENT,24602328.8550,9/30/2026 5:38:53 PM
81,2026 Second Reserve Allocation (Winter Response),CBPF-UKR-26-R-NGO-40748,,,2026,1,Charitable Organization 'Charity Fund 'POSMISHKA UA',1,Safe &amp; Warm Together: Multi-Modal Winterization Support for Conflict-Affected Communities,10/1/2026 12:00:00 AM,3/31/2027 12:00:00 AM,6 Months,2996451,2800421,0,8/4/2026 2:20:13 PM,3211##4434##956##956,"4- Likely to contribute to gender equality, including across age groups",Disbursement,4198,PRJ_DISBURSEMENT,9277638.4017,10/6/2026 1:56:13 PM
81,2026 Third Reserve Allocation – Continuity and Restoration of Essential Health Services in Khersonska Oblast,CBPF-UKR-26-R-NGO-40972,,,2026,1,The International Charitable Foundation “Alliance for Public Health”,1,Ensuring continuity of essential Health services for war-affected communities in Khersonska oblast,9/21/2026 12:00:00 AM,5/20/2027 12:00:00 AM,8 Months,1692754,1582013,0,8/18/2026 2:32:43 PM,4590##13133##589##598,"4- Likely to contribute to gender equality, including across age groups",Disbursement,4198,PRJ_DISBURSEMENT,10577888.1801,9/25/2026 2:51:11 PM
81,Supporting immediate lifesaving needs of the 2026 HNRP,CBPF-UKR-26-R-NGO-NSFT-39310,,,2026,1,Charitable Organization 'Charity Fund Team4UA',1,TERA Consortium - IMPACT (Immediate Multisectoral Priority Assistance for Conflict-affected Territories),4/1/2026 12:00:00 AM,9/30/2026 12:00:00 AM,6 Months,2E+07,1.869159E+07,0,3/13/2026 4:30:36 PM,22348##34181##6545##6490,"4- Likely to contribute to gender equality, including across age groups",Implementation,4232,PRJ_UND_FINAL_RPT,24778218.8079,4/1/2026 7:54:48 PM
81,Supporting immediate lifesaving needs of the 2026 HNRP,CBPF-UKR-26-R-NGO-NSFT-39324,,,2026,1,Charitable Organization 'Charitable Fund 'The Right to Protection',1,MESH: Multisectoral Emergency Support for High-Severity Hromadas,4/1/2026 12:00:00 AM,9/30/2026 12:00:00 AM,6 Months,1.3E+07,1.214953E+07,0,3/16/2026 11:09:47 AM,33558##52556##20##20,"4- Likely to contribute to gender equality, including across age groups",Implementation,4232,PRJ_UND_FINAL_RPT,4214679.5043,3/27/2026 10:47:09 PM
81,Supporting immediate lifesaving needs of the 2026 HNRP,CBPF-UKR-26-R-NGO-NSFT-39327,,,2026,1,CHARITY ORGANIZATION «CHARITABLE FOUNDATION «АNGELS OF SALVATION»,1,"Consortium LINK Project under SP1, SP2 and SP3 – Multi-Sectoral Life-Saving Assistance Supporting Immediate Needs under the 2026 HNRP",4/1/2026 12:00:00 AM,9/30/2026 12:00:00 AM,6 Months,1.4E+07,1.308411E+07,0,3/14/2026 7:57:00 PM,30650##35495##5340##5927,"4- Likely to contribute to gender equality, including across age groups",Implementation,4232,PRJ_UND_FINAL_RPT,24065753.1759,3/27/2026 10:48:28 PM
81,Supporting immediate lifesaving needs of the 2026 HNRP,CBPF-UKR-26-R-NGO-NSFT-39496,,,2026,1,Proliska,1,"Social Transportation, Life-Saving Evacuation and Assistance Provided   following Evacuation",4/1/2026 12:00:00 AM,9/30/2026 12:00:00 AM,6 Months,3500000,3271028,0,3/24/2026 4:45:25 PM,50030##161297##12098##12126,"4- Likely to contribute to gender equality, including across age groups",Implementation,4232,PRJ_UND_FINAL_RPT,4252529.2410,3/27/2026 10:46:06 PM
81,Supporting immediate lifesaving needs of the 2026 HNRP,CBPF-UKR-26-R-UN-NSFT-39319,,,2026,1,United Nations High Commissioner for Refugees,3,Emergency multi-sectoral assistance for war-affected and newly displaced people in frontline areas of Ukraine,4/6/2026 12:00:00 AM,10/5/2026 12:00:00 AM,6 Months,2E+07,1.877934E+07,0,3/15/2026 9:24:39 PM,20555##37949##5687##4921,"4- Likely to contribute to gender equality, including across age groups",Implementation,4232,PRJ_UND_FINAL_RPT,5868935.6436,4/7/2026 2:16:49 PM
81,Supporting immediate lifesaving needs of the 2026 HNRP,CBPF-UKR-26-R-UN-NSFT-39329,,,2026,1,World Food Programme,3,Provision of food and cash assistance to war-affected Ukrainians,4/1/2026 12:00:00 AM,9/30/2026 12:00:00 AM,6 Months,2E+07,1.869159E+07,0,3/16/2026 11:53:55 AM,79343##122756##8712##8123,"4- Likely to contribute to gender equality, including across age groups",Implementation,4232,PRJ_UND_FINAL_RPT,9791949.5298,4/6/2026 1:13:40 PM
81,Supporting immediate lifesaving needs of the 2026 HNRP,CBPF-UKR-26-R-UN-NSFT-39560,,,2026,1,International Organization for Migration,3,Targeted Multi-Sectoral Support to Meet Immediate Needs of Conflict-Affected People in High-Severity Locations in Ukraine,4/6/2026 12:00:00 AM,10/5/2026 12:00:00 AM,6 Months,1.07E+07,1E+07,0,4/3/2026 2:27:50 PM,9329##23482##5143##7155,"4- Likely to contribute to gender equality, including across age groups",Implementation,4232,PRJ_UND_FINAL_RPT,5588402.3010,4/6/2026 5:25:29 PM
81,2026 First Standard Allocation,CBPF-UKR-26-S-INGO-38921,,,2026,2,Fondazione Volontariato Internazionale Per Lo Sviluppo - ETS,2,"Integrated Protection, Health Care and Inclusion for Vulnerable Newly Displaced People, IDPs and Severely Vulnerable Groups in Dnipropetrovska, Zaporizhzhia and Donetska Oblasts (Priorities 1, 2, 4)",5/1/2026 12:00:00 AM,4/30/2027 12:00:00 AM,12 Months,2401020,2243944,0,2/13/2026 12:20:03 PM,1891##4958##1398##1562,"4- Likely to contribute to gender equality, including across age groups",Implementation,4169,PRJ_IMPL_RPT,10468791.8802,5/11/2026 9:56:05 PM
81,2026 First Standard Allocation,CBPF-UKR-26-S-INGO-38926,,,2026,2,Cesvi Fondazione - ETS,2,"Providing multisectoral integrated protection, cash,health, and shelter assistance to vulnerable population affected by airstrikes in frontline and near-frontline areas of Sumska and Kharkivska Oblast",5/1/2026 12:00:00 AM,4/30/2027 12:00:00 AM,12 Months,2044885,1911107,0,2/12/2026 3:28:59 PM,2700##3297##380##468,"4- Likely to contribute to gender equality, including across age groups",Implementation,4169,PRJ_IMPL_RPT,10295128.3824,4/24/2026 5:47:26 PM
81,2026 First Standard Allocation,CBPF-UKR-26-S-INGO-38929,,,2026,2,Norwegian Refugee Council,2,"Consortium providing a unified cash transfer response to conflict-affected and displaced people under SP1, SP2, SP3 and SP4",5/1/2026 12:00:00 AM,4/30/2027 12:00:00 AM,12 Months,1.25E+07,1.168224E+07,0,2/13/2026 11:05:00 AM,9735##15403##3922##3958,"4- Likely to contribute to gender equality, including across age groups",Implementation,4169,PRJ_IMPL_RPT,5686366.3254,4/22/2026 1:25:27 PM
81,2026 First Standard Allocation,CBPF-UKR-26-S-INGO-38930,,,2026,2,Nonviolent Peaceforce International,2,Enhancing Safe and Dignified Civilian Protection along the Displacement Corridor through Multisectoral Protection Mainstreaming (SP1–SP4),6/8/2026 12:00:00 AM,6/7/2027 12:00:00 AM,12 Months,2997556,2801454,0,2/13/2026 8:52:15 AM,21836##22405##1820##1850,"4- Likely to contribute to gender equality, including across age groups",Implementation,4169,PRJ_IMPL_RPT,10199390.8131,6/17/2026 10:49:49 PM
81,2026 First Standard Allocation,CBPF-UKR-26-S-INGO-38936,,,2026,2,Stichting ZOA,2,"Integrated UCT, GCT, Emergency Livelihoods and Shelter support for conflict-affected populations in North and South Ukraine under SP1,  SP2 and SP3",5/1/2026 12:00:00 AM,4/30/2027 12:00:00 AM,12 Months,4814926,4499931,0,2/13/2026 11:17:03 AM,4054##6856##1675##1413,"4- Likely to contribute to gender equality, including across age groups",Implementation,4169,PRJ_IMPL_RPT,10201617.2682,4/22/2026 1:39:36 PM
81,2026 First Standard Allocation,CBPF-UKR-26-S-INGO-38951,,,2026,2,Corus International,2,"Consortium for United Frontline Protection Initiative “Berehynia” (SP1, SP2, SP4)",5/1/2026 12:00:00 AM,4/30/2027 12:00:00 AM,12 Months,5223717,4881978,0,2/13/2026 10:40:39 AM,2568##25267##4353##7286,"4- Likely to contribute to gender equality, including across age groups",Implementation,4169,PRJ_IMPL_RPT,10486603.5210,4/22/2026 1:41:02 PM
81,2026 First Standard Allocation,CBPF-UKR-26-S-INGO-38958,,,2026,2,Première Urgence Internationale,2,"Integrated Primary Healthcare, Inclusion and Protection Consortium covering the Eastern Oblasts of Ukraine and the Temporarily Occupied Territories under SP1, 2 and 3",5/1/2026 12:00:00 AM,4/30/2027 12:00:00 AM,12 Months,4700007,4392529,0,2/13/2026 11:39:56 AM,21390##63634##5114##6581,"4- Likely to contribute to gender equality, including across age groups",Implementation,4169,PRJ_IMPL_RPT,6312000.2085,5/12/2026 2:44:55 AM
81,2026 First Standard Allocation,CBPF-UKR-26-S-INGO-38967,,,2026,2,AVSI Foundation,2,Integrated Frontline Emergency Education and Protection through Community Centers and Mobile Outreach in the East and South of Ukraine (SP 1 and SP 3),5/1/2026 12:00:00 AM,3/31/2027 12:00:00 AM,11 Months,999837.3,934427.4,0,2/13/2026 3:42:33 PM,1433##3975##2910##3340,"4- Likely to contribute to gender equality, including across age groups",Implementation,4169,PRJ_IMPL_RPT,9834252.1767,4/20/2026 1:30:31 PM
81,2026 First Standard Allocation,CBPF-UKR-26-S-INGO-39026,,,2026,2,Federation Handicap International,2,Consortium Project - Inclusive Access to Essential Health and Protection Services for Vulnerable IDPs in Eastern Ukraine for SP4,5/1/2026 12:00:00 AM,4/30/2027 12:00:00 AM,12 Months,2733874,2555023,0,2/13/2026 3:49:27 PM,1215##5591##2102##4048,"4- Likely to contribute to gender equality, including across age groups",Implementation,4169,PRJ_IMPL_RPT,9811987.6257,4/28/2026 10:06:11 PM
81,2026 First Standard Allocation,CBPF-UKR-26-S-INGO-39031,,,2026,2,Caritas Czech Republic,2,"Integrated Life-Saving and Protection Response for Conflict-Affected and Displaced Populations in Dnipropetrovska Oblast under SP1, SP2 and SP4",4/12/2026 12:00:00 AM,4/11/2027 12:00:00 AM,12 Months,1923561,1797721,0,2/13/2026 3:13:21 PM,7398##14819##3970##5288,"4- Likely to contribute to gender equality, including across age groups",Implementation,4169,PRJ_IMPL_RPT,10288449.0171,4/23/2026 12:57:32 PM
81,2026 First Standard Allocation,CBPF-UKR-26-S-INGO-39056,,,2026,2,"Global Emergency Relief, Recovery & Reconstruction",2,"Multi-sectoral Shelter, WASH and Health Frontline Response for SP1",5/1/2026 12:00:00 AM,4/30/2027 12:00:00 AM,12 Months,2942592,2750086,0,2/12/2026 12:58:23 PM,6647##13275##1454##1548,"4- Likely to contribute to gender equality, including across age groups",Implementation,4169,PRJ_IMPL_RPT,10370827.8558,4/9/2026 2:33:40 PM
81,2026 First Standard Allocation,CBPF-UKR-26-S-INGO-39079,,,2026,2,Estonian Refugee Council,2,Emergency cash assistance to the most vulnerable conflict-affected frontline regions on Eastern and Southern Ukraine,4/20/2026 12:00:00 AM,4/19/2027 12:00:00 AM,12 Months,2992403,2796638,0,2/13/2026 3:15:07 PM,2491##4235##823##797,"4- Likely to contribute to gender equality, including across age groups",Implementation,4169,PRJ_IMPL_RPT,9809761.1706,4/7/2026 2:18:00 PM
81,2026 First Standard Allocation,CBPF-UKR-26-S-NGO-38934,,,2026,2,Public Organization 'Pluriton',1,Integrated Social Services and Support for the Most Vulnerable Conflict-Affected Populations in Sumy Oblast – Including Collective Site,5/1/2026 12:00:00 AM,1/31/2027 12:00:00 AM,9 Months,249941.3,233590,0,2/13/2026 3:29:34 PM,419##813##600##750,"4- Likely to contribute to gender equality, including across age groups",Implementation,4169,PRJ_IMPL_RPT,25650989.2071,5/11/2026 10:38:06 PM
81,2026 First Standard Allocation,CBPF-UKR-26-S-NGO-38945,,,2026,2,Charity Foundation “NEW WAY”,1,"Consortium provision of multisectoral frontline humanitarian assistance to affected population, as well as support to vulnerable IDPs in WASH, Shelter and Cash under SP1, SP2, SP4 along the crescent.",4/10/2026 12:00:00 AM,4/9/2027 12:00:00 AM,12 Months,3733627,3489371,0,2/13/2026 2:05:59 PM,13928##16432##2503##2858,"4- Likely to contribute to gender equality, including across age groups",Implementation,4169,PRJ_IMPL_RPT,8852385.4776,4/20/2026 1:25:03 PM
81,2026 First Standard Allocation,CBPF-UKR-26-S-NGO-38969,,,2026,2,NON-GOVERNMENTAL ORGANIZATION “GIRLS”,1,"Provision of integrated protection and cash support to frontline persons, vulnerable IDPs, women, children, and families across northern, eastern, and southern Ukraine (SP1, SP2, SP4)",5/1/2026 12:00:00 AM,4/30/2027 12:00:00 AM,12 Months,999990.1,934570.1,0,2/12/2026 1:43:19 PM,820##4978##1547##3155,"4- Likely to contribute to gender equality, including across age groups",Implementation,4169,PRJ_IMPL_RPT,10606832.0964,4/20/2026 1:31:24 PM
81,2026 First Standard Allocation,CBPF-UKR-26-S-NGO-38997,,,2026,2,CHARITY ORGANIZATION «CHARITABLE FOUNDATION «АNGELS OF SALVATION»,1,"Consortium LINK Project under SP1, SP2 and SP4 –  Integrated Protection and Multi-Sectoral Life-Saving Response Across the Displacement Continuum",6/1/2026 12:00:00 AM,5/31/2027 12:00:00 AM,12 Months,1.099757E+07,1.02781E+07,0,2/13/2026 3:50:40 PM,64411##92409##11980##14203,"4- Likely to contribute to gender equality, including across age groups",Implementation,4169,PRJ_IMPL_RPT,24065753.1759,5/22/2026 6:45:57 PM
81,2026 First Standard Allocation,CBPF-UKR-26-S-NGO-39080,,,2026,2,NGO Divergent Woman,1,"Integrated multi-sectoral protection and evacuation response for IDPs in Kharkiv, Dnipropetrovsk, Poltava and Kirovohrad Regions (SP2, SP4)",5/1/2026 12:00:00 AM,10/31/2026 12:00:00 AM,6 Months,249674.2,233340.4,0,2/13/2026 12:28:48 PM,445##808##48##48,"4- Likely to contribute to gender equality, including across age groups",Implementation,4169,PRJ_IMPL_RPT,10613511.4617,4/20/2026 1:29:25 PM
81,2026 First Standard Allocation,CBPF-UKR-26-S-NGO-39085,,,2026,2,CHARITABLE ORGANIZATION 'CHARITY FUND 'GOODWILL',1,SP1: Integrated cash assistance for vulnerable people in frontline hromadas of Chernihiv and Sumy oblasts (UCT + medicine vouchers),5/1/2026 12:00:00 AM,4/30/2027 12:00:00 AM,12 Months,1000000,934579.4,0,2/12/2026 3:28:56 PM,748##955##118##129,"4- Likely to contribute to gender equality, including across age groups",Implementation,4169,PRJ_IMPL_RPT,24791577.5385,4/20/2026 1:27:27 PM
81,2026 First Standard Allocation,CBPF-UKR-26-S-NGO-39089,,,2026,2,Adventist Development and Relief Agency – Ukraine,1,"Integrated UCT &amp; Protection support for evacuees and conflict-affected HHs in Dnipro, Zaporizhzhia, Donetsk, Kharkiv oblasts under SP1, SP2, and SP3.",5/1/2026 12:00:00 AM,4/30/2027 12:00:00 AM,12 Months,1696485,1585500,0,2/13/2026 1:40:03 PM,1775##2700##1190##950,"4- Likely to contribute to gender equality, including across age groups",Implementation,4169,PRJ_IMPL_RPT,4268114.4267,4/22/2026 1:41:56 PM
81,2026 First Standard Allocation,CBPF-UKR-26-S-NGO-39092,,,2026,2,Integration Center,1,Support for the integration of vulnerable categories of newly arrived displaced persons with a view to preventing secondary displacement  (SP 2),4/13/2026 12:00:00 AM,12/12/2026 12:00:00 AM,8 Months,499999,467288.8,0,2/13/2026 8:54:03 AM,100##240##30##30,"4- Likely to contribute to gender equality, including across age groups",Implementation,4169,PRJ_IMPL_RPT,24568932.0285,4/20/2026 1:26:31 PM
81,2026 First Standard Allocation,CBPF-UKR-26-S-NGO-39095,,,2026,2,The International Charitable Foundation “Alliance for Public Health”,1,"Delivering integrated mobile primary health care, women’s health, diagnostics support, telemedicine, GBV risk mitigation and home-based protection services for frontline communities in eight oblasts.",5/1/2026 12:00:00 AM,4/30/2027 12:00:00 AM,12 Months,2892430,2703206,0,2/13/2026 3:28:54 PM,3919##22358##181##232,"4- Likely to contribute to gender equality, including across age groups",Implementation,4169,PRJ_IMPL_RPT,10577888.1801,4/27/2026 1:26:55 PM
81,2026 First Standard Allocation,CBPF-UKR-26-S-NGO-39097,,,2026,2,NEW DAWN,1,Integrated Frontline Response to Conflict-Affected and Displaced Populations in Kherson Oblast,5/1/2026 12:00:00 AM,4/30/2027 12:00:00 AM,12 Months,973228.9,909559.8,0,2/12/2026 4:13:11 PM,9909##13514##1350##1135,"4- Likely to contribute to gender equality, including across age groups",Implementation,4169,PRJ_IMPL_RPT,24609008.2203,4/29/2026 8:38:24 PM
81,2026 First Standard Allocation,CBPF-UKR-26-S-NGO-39104,,,2026,2,TSE - NASHA SPRAVA!,1,"Comprehensive multi-sectoral interventions to improve living conditions and access to services in Dnipropetrovsk, Kharkiv, and Donetsk oblasts under SP1 and SP4",4/1/2026 12:00:00 AM,12/31/2026 12:00:00 AM,9 Months,500000,467289.7,0,2/12/2026 11:41:32 PM,1344##2028##26##41,"4- Likely to contribute to gender equality, including across age groups",Implementation,4169,PRJ_IMPL_RPT,24584517.2142,4/9/2026 2:30:19 PM
81,2026 First Standard Allocation,CBPF-UKR-26-S-NGO-39108,,,2026,2,NON-GOVERNMENTAL ORGANIZATION 'CENTER OF SOCIAL PARTNERSHIP 'PERSPEKTYVA',1,"Support, protection and temporary shelter for the affected population in Mykolaiv and Dnipropetrovsk regions",4/15/2026 12:00:00 AM,10/14/2026 12:00:00 AM,6 Months,250000,233644.9,0,2/12/2026 6:34:10 PM,90##126##72##72,"4- Likely to contribute to gender equality, including across age groups",Implementation,4169,PRJ_IMPL_RPT,24604555.3101,4/20/2026 1:28:26 PM
81,2026 First Standard Allocation,CBPF-UKR-26-S-NGO-39113,,,2026,2,Charitable Organization 'Charity Fund 'POSMISHKA UA',1,Life Without Barriers: Emergency Response and Support to Local Population and Newly Evacuated Eeople in Five Eastern Oblasts,5/15/2026 12:00:00 AM,5/14/2027 12:00:00 AM,12 Months,2468142,2306675,0,2/13/2026 2:20:33 PM,6632##11771##7505##7505,"4- Likely to contribute to gender equality, including across age groups",Implementation,4169,PRJ_IMPL_RPT,9277638.4017,4/29/2026 8:36:51 PM
81,2026 First Standard Allocation,CBPF-UKR-26-S-NGO-39116,,,2026,2,CHARITABLE ORGANIZATION “CHARITABLE FOUNDATION “SAVE UKRAINE”,1,"Multi-Sectoral Emergency Support for Older Persons, Persons with Disabilities, and Vulnerable Families Evacuated from High-Severity Areas in Ukraine",5/1/2026 12:00:00 AM,4/30/2027 12:00:00 AM,12 Months,293156.1,273977.6,0,2/13/2026 3:54:09 PM,220##530##350##250,"4- Likely to contribute to gender equality, including across age groups",Implementation,4169,PRJ_IMPL_RPT,6643742.0184,4/22/2026 1:46:43 PM
81,2026 First Standard Allocation,CBPF-UKR-26-S-NGO-39119,,,2026,2,Zaporizhzhia Charitable Foundation 'Unity' for the Future',1,"Comprehensive multisectoral life-saving frontline assistance for vulnerable families in Zaporizka, Kharkivska, Donetska and Sumska oblasts under SP1",5/1/2026 12:00:00 AM,4/30/2027 12:00:00 AM,12 Months,2991337,2795642,0,2/13/2026 4:19:18 AM,847##3053##2445##2014,"4- Likely to contribute to gender equality, including across age groups",Implementation,4169,PRJ_IMPL_RPT,10061350.5969,4/22/2026 1:44:25 PM
81,2026 First Standard Allocation,CBPF-UKR-26-S-NGO-39123,,,2026,2,Charitable Organization 'Charity Fund Team4UA',1,TERA Consortium - Emergency Assistance and Support to Evacuation (EASE) 2.0: Multi-sectorial interventions for IDPs under SP2 and SP4 extended to post-strike and frontline response of SP3 and SP1. ,5/1/2026 12:00:00 AM,4/30/2027 12:00:00 AM,12 Months,1.2E+07,1.121495E+07,0,2/13/2026 3:46:52 PM,9383##17165##2246##2249,"4- Likely to contribute to gender equality, including across age groups",Implementation,4169,PRJ_IMPL_RPT,24778218.8079,5/11/2026 9:37:42 PM
81,2026 First Standard Allocation,CBPF-UKR-26-S-O-38919,,,2026,2,Ukrainian Red Cross Society,4,Emergency Response in Kyiv following Attacks on Energy and Heating Infrastructure,1/15/2026 12:00:00 AM,4/15/2026 12:00:00 AM,3 Months 1 Days,199081,186057,0,1/14/2026 6:17:00 PM,1085##1470##472##473,2- Unlikely to contribute to gender equality (no gender equality measure but includes age consideration),Implementation,4231,PRJ_UND_FINAL_RPT,6590307.0960,1/19/2026 5:52:01 PM
83,Primera Asignación de Reserva 2026,CBPF-VEN-26-R-INGO-39146,,,2026,1,International Medical Corps (UK),2,"Atención Integral en Salud, Nutrición y Agua, Saneamiento e Higiene para Poblaciones Vulnerables Afectadas por la Crisis Humanitaria en Tucupita y Pedernales, Delta Amacuro",6/1/2026 12:00:00 AM,5/31/2027 12:00:00 AM,12 Months,1119501,1046262,0,3/9/2026 1:47:07 PM,1478##1665##1084##1140,"4- Likely to contribute to gender equality, including across age groups",Implementation,6959,PRJ_IMPL_RPT,9834962.2098,6/4/2026 6:05:30 PM
83,Primera Asignación de Reserva 2026,CBPF-VEN-26-R-INGO-39153,,,2026,1,Fundación Acción Contra el Hambre,2,Respuesta en Seguridad Alimentaria y Nutrición a brechas humanitarias críticas en Trujillo,6/1/2026 12:00:00 AM,5/31/2027 12:00:00 AM,12 Months,899999.4,841120.9,0,3/9/2026 2:51:47 PM,337##1295##1934##2266,"4- Likely to contribute to gender equality, including across age groups",Implementation,6959,PRJ_IMPL_RPT,9587159.5014,6/2/2026 7:39:54 PM
83,Primera Asignación de Reserva 2026,CBPF-VEN-26-R-INGO-39176,,,2026,1,World Vision International,2,Respuesta Multisectorial para atender las necesidades de la población vulnerable de los municipios Casacoima y Antonio Díaz del estado Delta Amacuro.,6/1/2026 12:00:00 AM,5/31/2027 12:00:00 AM,12 Months,1170000,1093458,0,3/8/2026 7:15:39 PM,214##1930##1641##1576,"4- Likely to contribute to gender equality, including across age groups",Implementation,6959,PRJ_IMPL_RPT,10678894.0752,6/2/2026 2:28:21 PM
83,Tercera Asignación de Reserva 2026 [US Award],CBPF-VEN-26-R-INGO-NSFT-40226,,,2026,1,Asociación Civil DRC Venezuela,2,"ASISTE – Asistencia para Satisfacer las necesidades esenciales de agua, saneamiento e higiene tras el Terremoto en Venezuela.",9/14/2026 12:00:00 AM,3/13/2027 12:00:00 AM,6 Months,3500000,3271028,0,8/12/2026 2:10:10 AM,3085##5402##4647##5216,"4- Likely to contribute to gender equality, including across age groups",Implementation,6959,PRJ_IMPL_RPT,10676556.3138,9/23/2026 2:56:01 PM
83,Tercera Asignación de Reserva 2026 [US Award],CBPF-VEN-26-R-INGO-NSFT-40231,,,2026,1,Federation Handicap International,2,"RE-CONECTA: Rehabilitación, salud mental y salud inclusiva ante el terremoto",9/14/2026 12:00:00 AM,3/13/2027 12:00:00 AM,6 Months,4000000,3738318,0,8/13/2026 6:34:25 PM,10141##22196##3908##3908,"4- Likely to contribute to gender equality, including across age groups",Implementation,6959,PRJ_IMPL_RPT,9870028.6308,9/21/2026 3:11:36 PM
83,Tercera Asignación de Reserva 2026 [US Award],CBPF-VEN-26-R-INGO-NSFT-40233,,,2026,1,Premiere Urgence Internationale,2,"Respuesta sanitaria de emergencia integrada para las poblaciones afectadas por los terremotos mediante Atención Primaria de Salud, SMAPS, WASH y Protección",9/14/2026 12:00:00 AM,3/13/2027 12:00:00 AM,6 Months,3500000,3271028,0,8/19/2026 1:48:41 AM,11740##17143##9224##10830,"4- Likely to contribute to gender equality, including across age groups",Implementation,6959,PRJ_IMPL_RPT,10720973.7804,9/21/2026 1:57:43 PM
83,Tercera Asignación de Reserva 2026 [US Award],CBPF-VEN-26-R-INGO-NSFT-40237,,,2026,1,Asociación Civil SCI Venezuela,2,"Provision of child protection services with emphasis on displaced, separated or at-risk children and adolescents, and their caregivers affected by the double earthquake",9/16/2026 12:00:00 AM,3/15/2027 12:00:00 AM,6 Months,2500000,2336449,0,8/19/2026 2:05:29 PM,2091##4860##4622##4621,"4- Likely to contribute to gender equality, including across age groups",Implementation,6959,PRJ_IMPL_RPT,9895744.0062,9/21/2026 1:57:10 PM
83,Tercera Asignación de Reserva 2026 [US Award],CBPF-VEN-26-R-INGO-NSFT-40260,,,2026,1,Fundacion Consejo Noruego para Refugiados,2,Consorcio Protección en Acción: Atención multisectorial de protección a las personas afectadas por el sismo en Venezuela.,9/16/2026 12:00:00 AM,3/15/2027 12:00:00 AM,6 Months,3500000,3271028,0,8/11/2026 10:08:33 PM,4394##13666##4431##9732,"4- Likely to contribute to gender equality, including across age groups",Implementation,6959,PRJ_IMPL_RPT,9612874.8768,9/23/2026 2:28:46 PM
83,Primera Asignación de Reserva 2026,CBPF-VEN-26-R-NGO-39147,,,2026,1,Fundacion Centro de Estudios sobre Derechos Sexuales y Reproductivos,1,Tejiéndonos en Dignidad: Acompañamiento multisectorial para la protección y resiliencia de mujeres y niñas sobrevivientes y en riesgo de VbG en el Municipio Brión del estado Miranda,6/1/2026 12:00:00 AM,5/31/2027 12:00:00 AM,12 Months,379990.2,355131,0,3/8/2026 6:31:16 PM,684##2594##375##940,"4- Likely to contribute to gender equality, including across age groups",Implementation,6959,PRJ_IMPL_RPT,10662529.7454,6/2/2026 2:54:50 PM
83,Primera Asignación de Reserva 2026,CBPF-VEN-26-R-NGO-39162,,,2026,1,Asociación Civil Tinta Violeta,1,"Respuesta Integral de Protección en el Distrito Capital y La Guaira 2026 (Construyendo redes, sembrando derechos)",6/1/2026 12:00:00 AM,7/31/2027 12:00:00 AM,14 Months,454730.2,424981.5,0,3/9/2026 3:54:02 PM,1869##4253##373##509,"4- Likely to contribute to gender equality, including across age groups",Implementation,6959,PRJ_IMPL_RPT,9856002.0624,6/2/2026 2:43:10 PM
83,Primera Asignación de Reserva 2026,CBPF-VEN-26-R-NGO-39175,,,2026,1,Fundación Primeros Auxilios Luz Paul René Moreno Camacho,1,"Fortalecimiento del acceso a servicios esenciales de Salud, Nutrición y ASH en comunidades rurales del Sur del Lago, estado Zulia.",6/1/2026 12:00:00 AM,8/31/2027 12:00:00 AM,15 Months,650000,607476.6,0,3/9/2026 4:20:13 AM,1653##5740##4060##4588,"4- Likely to contribute to gender equality, including across age groups",Implementation,6959,PRJ_IMPL_RPT,9888730.7220,6/2/2026 2:34:37 PM
83,Primera Asignación de Reserva 2026,CBPF-VEN-26-R-NGO-39177,,,2026,1,ASOCIACION CIVIL CONSTRUYENDO FUTUROS,1,"Tejiendo Lazos Comunitarios para la Protección y la Seguridad Alimentaria de NNA y sus Cuidadores en Paz Castillo y Cristóbal Rojas, Miranda",6/1/2026 12:00:00 AM,8/31/2027 12:00:00 AM,15 Months,664999,621494.4,0,3/9/2026 3:58:28 PM,530##710##260##300,"4- Likely to contribute to gender equality, including across age groups",Implementation,6959,PRJ_IMPL_RPT,10692920.6436,6/2/2026 2:19:58 PM
83,Primera Asignación de Reserva 2026,CBPF-VEN-26-R-NGO-39178,,,2026,1,A.C. Fomento del Desarrollo Popular,1,Promoviendo la autosuficiencia alimentaria y productiva en el Sur del Lago con atención integral de servicios de nutrición y protección.,6/1/2026 12:00:00 AM,5/31/2027 12:00:00 AM,12 Months,815223.4,761891,0,3/8/2026 3:16:04 AM,335##717##464##559,"4- Likely to contribute to gender equality, including across age groups",Implementation,6959,PRJ_IMPL_RPT,9905095.0518,6/4/2026 12:11:30 PM
83,Primera Asignación de Reserva 2026,CBPF-VEN-26-R-NGO-39191,,,2026,1,FUNDACION VANESSA PERETTI,1,"Provisión de servicios especializados y fortalecimiento del entorno protector inclusivo para personas en vulnerabilidad, incluyendo niñez y adolescencia, en el municipio Brión, estado Miranda",6/1/2026 12:00:00 AM,5/31/2027 12:00:00 AM,12 Months,250000,233644.9,0,3/9/2026 2:59:41 AM,500##850##350##450,"3- Likely to contribute to gender equality, but without attention to age groups",Implementation,6959,PRJ_IMPL_RPT,26828149.8264,6/2/2026 1:59:10 PM
83,Primera Asignación de Reserva 2026,CBPF-VEN-26-R-NGO-39227,,,2026,1,Convite A.C.,1,"'Delta Jobaji Yakeraja'. Respuesta integral en Seguridad Alimentaria y Medios de Vida con atención  complementaria en salud y ASH, dirigido a comunidades de Pedernales - Delta Amacuro",6/1/2026 12:00:00 AM,5/31/2027 12:00:00 AM,12 Months,649250.6,606776.3,0,3/9/2026 11:56:40 AM,1021##2019##652##755,"4- Likely to contribute to gender equality, including across age groups",Implementation,6959,PRJ_IMPL_RPT,9554430.8418,6/2/2026 7:46:47 PM
83,Primera Asignación de Reserva 2026,CBPF-VEN-26-R-NGO-39239,,,2026,1,Fundacion Amigos del Niño que Amerita Protección Alternativa,1,"Fortalecer entornos seguros y protección comunitaria para NNA, mujeres y grupos vulnerables en los municipios Sucre y Libertador de la Gran Caracas.",6/1/2026 12:00:00 AM,5/31/2027 12:00:00 AM,12 Months,664494.8,621023.1,0,3/7/2026 2:20:16 AM,340##1770##1065##1295,"4- Likely to contribute to gender equality, including across age groups",Implementation,6959,PRJ_IMPL_RPT,9580146.2172,6/2/2026 1:41:35 PM
83,Segunda Asignación de Reserva 2026,CBPF-VEN-26-R-NGO-39636,,,2026,1,FUNDACIÓN VEN DA TU MANO,1,"Asistencia Vital Multisectorial en Salud, WASH, Seguridad Alimentaria, Medios de vida y  Protección ante la Emergencia Hídrica en Cruz Salmerón Acosta, Sucre",6/1/2026 12:00:00 AM,12/31/2026 12:00:00 AM,7 Months,519999.9,485981.2,0,4/26/2026 9:10:07 PM,1296##1944##864##1296,"4- Likely to contribute to gender equality, including across age groups",Implementation,6959,PRJ_IMPL_RPT,25956164.8242,6/8/2026 1:35:41 PM
83,Segunda Asignación de Reserva 2026,CBPF-VEN-26-R-NGO-39639,,,2026,1,ASOCIACION CIVIL CENTRO DE DESARROLLO INTEGRAL SUCRE,1,"ATENCIÓN MULTISECTORIAL INTEGRADA PARA BRINDAR ACCESO A AGUA SEGURA, SALUD, SEGURIDAD ALIMENTARIA Y PROTECCIÓN EN EL MUNICIPIO CRUZ SALMERÓN ACOSTA.",6/1/2026 12:00:00 AM,11/30/2026 12:00:00 AM,6 Months,455000,425233.6,0,4/26/2026 12:35:04 AM,608##2455##1515##1535,"4- Likely to contribute to gender equality, including across age groups",Implementation,6959,PRJ_IMPL_RPT,25998244.5294,6/8/2026 1:25:11 PM
83,Segunda Asignación de Reserva 2026,CBPF-VEN-26-R-NGO-39659,,,2026,1,Convite A.C.,1,AYUDA PARA ARAYA: asistencia multisectorial inclusiva para personas mayores y personas con discapacidad en el estado Sucre,6/1/2026 12:00:00 AM,1/31/2027 12:00:00 AM,8 Months,323590.9,302421.4,0,4/25/2026 3:27:19 PM,439##953##180##365,"4- Likely to contribute to gender equality, including across age groups",Implementation,6959,PRJ_IMPL_RPT,9554430.8418,6/8/2026 1:46:12 PM
83,Tercera Asignación de Reserva 2026 [US Award],CBPF-VEN-26-R-NGO-NSFT-40229,,,2026,1,A.C. Fomento del Desarrollo Popular,1,Respuesta a la Emergencia por Terremotos en Venezuela,9/14/2026 12:00:00 AM,3/13/2027 12:00:00 AM,6 Months,1000000,934579.4,0,8/11/2026 11:11:23 PM,1573##2233##1696##2563,"4- Likely to contribute to gender equality, including across age groups",Implementation,6959,PRJ_IMPL_RPT,9905095.0518,9/24/2026 6:55:10 PM
83,Tercera Asignación de Reserva 2026 [US Award],CBPF-VEN-26-R-NGO-NSFT-40248,,,2026,1,Fundacion Amigos del Niño que Amerita Protección Alternativa,1,RESPUESTA INTEGRADA Y ESPECIALIZADA EN PROTECCIÓN PARA LA MITIGACIÓN DE RIESGOS DE VIOLENCIA Y VULNERABILIDAD EN CIUDADES AFECTADAS POR EL SISMO,9/14/2026 12:00:00 AM,4/13/2027 12:00:00 AM,7 Months,2000000,1869159,0,8/10/2026 7:23:18 PM,2831##4396##2543##2946,"4- Likely to contribute to gender equality, including across age groups",Disbursement,6958,PRJ_DISBURSEMENT,9580146.2172,10/2/2026 4:49:31 PM
83,Tercera Asignación de Reserva 2026 [US Award],CBPF-VEN-26-R-NGO-NSFT-40257,,,2026,1,Fundación Primeros Auxilios Luz Paul René Moreno Camacho,1,"Provisión de servicios de salud, nutrición, protección comunitaria y WASH en comunidades y centros de salud afectados por la emergencia sísmica.",9/14/2026 12:00:00 AM,3/13/2027 12:00:00 AM,6 Months,2500000,2336449,0,8/19/2026 2:00:47 AM,2069##4901##2148##9155,"4- Likely to contribute to gender equality, including across age groups",Implementation,6959,PRJ_IMPL_RPT,9888730.7220,9/21/2026 1:57:27 PM
83,Primera Asignación de Reserva 2026,CBPF-VEN-26-R-O-39306,,,2026,1,SOCIEDAD VENEZOLANA DE LA CRUZ ROJA,4,Respuesta de emergencia a familias afectadas por las inundaciones en el estado Apure y terremoto en Caracas y La Guaira,6/1/2026 12:00:00 AM,2/28/2027 12:00:00 AM,9 Months,536700.4,501589.1,0,3/9/2026 3:27:57 PM,4725##3825##2475##2475,2- Unlikely to contribute to gender equality (no gender equality measure but includes age consideration),Implementation,6959,PRJ_IMPL_RPT,27473371.9728,6/2/2026 7:31:49 PM
84,2026 Standard Allocation,CBPF-NER-26-S-INGO-40053,,,2026,2,Cooperazione Internazionale  (COOPI),2,"Réponse vitale pour la prise en charge de la malnutrition aiguë dans les communes IPC Phase 4 de Tessaoua et le site de réfugiés de Chadakori : Approche intégrée Nutrition, Santé et WASH ",9/14/2026 12:00:00 AM,10/13/2027 12:00:00 AM,13 Months,500000,467289.7,0,7/12/2026 11:13:07 AM,3714##7745##6380##6115,"4- Likely to contribute to gender equality, including across age groups",Disbursement,7654,PRJ_DISBURSEMENT,9999168.0768,9/24/2026 6:21:38 PM
84,2026 Standard Allocation,CBPF-NER-26-S-INGO-40119,,,2026,2,Première Urgence Internationale,2,"Réponse d'urgence en Santé/Nutrition, pour les populations vulnérables dans la commune de Tessaoua, Région de Maradi",9/14/2026 12:00:00 AM,9/13/2027 12:00:00 AM,12 Months,550000,514018.7,0,7/10/2026 6:25:43 PM,5572##7809##7490##7795,"4- Likely to contribute to gender equality, including across age groups",Implementation,7655,PRJ_IMPL_RPT,10099734.4224,9/24/2026 6:27:54 PM
84,2026 Standard Allocation,CBPF-NER-26-S-INGO-40125,,,2026,2,World Vision,2,Projet de Réponse Humanitaire Intégrée Santé-WASH à Diffa au Niger (PRHISWA),9/14/2026 12:00:00 AM,3/13/2028 12:00:00 AM,18 Months,900000,841121.5,0,7/11/2026 6:21:34 PM,3026##5042##5042##7060,"4- Likely to contribute to gender equality, including across age groups",Disbursement,7654,PRJ_DISBURSEMENT,10018323.5712,9/25/2026 8:10:11 PM
84,2026 Standard Allocation,CBPF-NER-26-S-INGO-40126,,,2026,2,Welt Hunger Hilfe,2,"« Assistance multisectorielle d’urgence aux populations affectées par la crise sécuritaire à Mehana et Torodi, Région de Tillabéri.",9/14/2026 12:00:00 AM,9/13/2027 12:00:00 AM,12 Months,750000,700934.6,0,7/11/2026 12:43:51 PM,921##1058##1334##1287,"4- Likely to contribute to gender equality, including across age groups",Disbursement,7654,PRJ_DISBURSEMENT,10037479.0656,9/24/2026 6:17:56 PM
84,2026 Standard Allocation,CBPF-NER-26-S-INGO-40147,,,2026,2,Fundación Educación Y Cooperación,2,Réponse intégrée et multisectorielle aux besoins vitaux des communautés affectées de Bankilaré (RIM),9/14/2026 12:00:00 AM,3/13/2028 12:00:00 AM,18 Months,900000,841121.5,0,7/11/2026 2:45:03 PM,1302##1379##1912##2020,"4- Likely to contribute to gender equality, including across age groups",Disbursement,7654,PRJ_DISBURSEMENT,25970061.5328,9/24/2026 6:24:00 PM
84,2026 Standard Allocation,CBPF-NER-26-S-INGO-40156,,,2026,2,Alliance for International Medical Action,2,Réponse intégrée Santé-Nutrition pour le renforcement de l’accès aux soins essentiels et la prise en charge de la malnutrition aiguë dans les districts sanitaires de Bermo,9/14/2026 12:00:00 AM,9/13/2027 12:00:00 AM,12 Months,550000,514018.7,0,7/12/2026 10:00:18 AM,2533##4785##7204##7177,"4- Likely to contribute to gender equality, including across age groups",Implementation,7655,PRJ_IMPL_RPT,10011140.2608,9/30/2026 6:58:22 PM
84,2026 Standard Allocation,CBPF-NER-26-S-INGO-40158,,,2026,2,International Rescue Committee,2,Assistance multisectorielle d’urgence et prise en charge de la malnutrition aiguë chez les populations vulnérables affectées par les conflits dans la commune de Diffa (site d'Aguirguidi),9/14/2026 12:00:00 AM,9/13/2027 12:00:00 AM,12 Months,700000,654205.6,0,7/11/2026 11:58:34 PM,4264##4695##4647##5140,"4- Likely to contribute to gender equality, including across age groups",Implementation,7655,PRJ_IMPL_RPT,10039873.5024,9/30/2026 6:57:02 PM
84,2026 Standard Allocation,CBPF-NER-26-S-INGO-40162,,,2026,2,Conseil Norvégien pour les Réfugiés,2,"Assistance intégrée multisectorielle aux populations affectées par la crise sécuritaire à Téra et Mehanna, région de Tillabéry",9/14/2026 12:00:00 AM,9/13/2027 12:00:00 AM,12 Months,750000,700934.6,0,7/11/2026 7:27:07 PM,6090##6394##8830##9136,"4- Likely to contribute to gender equality, including across age groups",Disbursement,7654,PRJ_DISBURSEMENT,10015929.1344,9/25/2026 8:15:34 PM
84,2026 Standard Allocation,CBPF-NER-26-S-NGO-40086,,,2026,2,El Bourak Charité (E.B.C),1,Réponse d’urgence WASH et Sécurité Alimentaire à Bermo et Tessaoua (Région de Maradi),9/14/2026 12:00:00 AM,9/13/2027 12:00:00 AM,12 Months,400000,373831.8,0,7/11/2026 2:20:01 PM,845##1418##1160##1832,"4- Likely to contribute to gender equality, including across age groups",Disbursement,7654,PRJ_DISBURSEMENT,25946117.1648,9/25/2026 8:14:41 PM
84,2026 Standard Allocation,CBPF-NER-26-S-NGO-40109,,,2026,2,VISION PLUS,1,"Projet d'assistance d'urgence multisectorielle en abris, biens non alimentaires (ABNA) et WASH au profit des personnes déplacées à Téra",9/14/2026 12:00:00 AM,9/13/2027 12:00:00 AM,12 Months,800000,747663.6,0,7/10/2026 10:15:50 AM,1200##1200##2438##3250,"3- Likely to contribute to gender equality, but without attention to age groups",Implementation,7655,PRJ_IMPL_RPT,10001562.5136,9/30/2026 7:00:08 PM
84,2026 Standard Allocation,CBPF-NER-26-S-NGO-40122,,,2026,2,Ensemble pour un Avenir Meilleur,1,"Réponse multisectorielle d’urgence aux PDI, retournés, réfugiés et communautés hôtes dans la commune de Torodi, département de Torodi, Région de Tillabéri",9/14/2026 12:00:00 AM,3/13/2028 12:00:00 AM,18 Months,700000,654205.6,0,7/12/2026 10:57:14 AM,1910##2098##2671##2862,"4- Likely to contribute to gender equality, including across age groups",Implementation,7655,PRJ_IMPL_RPT,10025506.8816,9/24/2026 6:20:17 PM
84,2026 Standard Allocation,CBPF-NER-26-S-NGO-40123,,,2026,2,Association Nigérienne pour la Dynamisation des Initiatives Locales,1,Projet d'Urgence et d'Appui à la Sécurité Alimentaire (PUSAL) - Gakassiney,9/14/2026 12:00:00 AM,9/13/2027 12:00:00 AM,12 Months,400000,373831.8,0,7/11/2026 10:16:01 PM,1409##1431##1970##2000,"4- Likely to contribute to gender equality, including across age groups",Implementation,7655,PRJ_IMPL_RPT,10054240.1232,10/1/2026 4:36:49 PM
84,2026 Standard Allocation,CBPF-NER-26-S-NGO-40128,,,2026,2,Association Nigérienne pour le Traitement de la Délinquance et la prévention du crime,1,"Réponse intégrée en WASH, abris et biens Non alimentaires pour les déplacés, réfugiés et communautés hôtes de Téra.",9/14/2026 12:00:00 AM,10/13/2027 12:00:00 AM,13 Months,700000,654205.6,0,7/11/2026 1:18:04 PM,10288##10710##14212##14790,,Implementation,7655,PRJ_IMPL_RPT,10035084.6288,9/30/2026 6:59:20 PM
84,2026 Standard Allocation,CBPF-NER-26-S-NGO-40152,,,2026,2,Développement pour un Mieux Être,1,Réponse multisectorielle intégrée aux besoins essentiels des populations affectées par les déplacements forcés dans les commune de Diffa et N'Guigmi,9/14/2026 12:00:00 AM,9/13/2027 12:00:00 AM,12 Months,899999.9,841121.4,0,7/12/2026 10:36:54 AM,4118##4663##4522##4663,,Disbursement,7654,PRJ_DISBURSEMENT,10013534.6976,9/25/2026 8:11:39 PM
86,2026 First Standard Allocation,CBPF-MLI-26-S-INGO-39692,,,2026,2,Conseil Danois pour les Réfugiés – « Danish Refugee Council » (DRC),2,Projet de réponse humanitaire multisectorielle intégrée en faveur des populations déplacées et hôtes vulnérables dans la région de Sikasso (PROMIS),7/25/2026 12:00:00 AM,1/24/2028 12:00:00 AM,18 Months,581126.9,543109.3,0,5/16/2026 7:32:58 PM,570##707##620##839,"4- Likely to contribute to gender equality, including across age groups",Implementation,8657,PRJ_IMPL_RPT,27490008.0762,8/3/2026 7:45:56 PM
86,2026 First Standard Allocation,CBPF-MLI-26-S-INGO-39696,,,2026,2,Cooperazione Internationale (COOPI),2,"Réponse urgente en nutrition, santé et sécurité alimentaire pour les PDI et communautés hôtes vulnérables des cercles de Mopti et Djenné .",8/1/2026 12:00:00 AM,1/31/2028 12:00:00 AM,18 Months,811913.3,758797.4,0,5/15/2026 2:40:50 PM,1064##15642##1604##1603,"4- Likely to contribute to gender equality, including across age groups",Implementation,8657,PRJ_IMPL_RPT,27314320.9982,7/31/2026 1:21:26 PM
86,2026 First Standard Allocation,CBPF-MLI-26-S-INGO-39701,,,2026,2,Conseil Norvégien pour les Réfugiés,2,Réponse d’urgence multisectorielle intégrée aux besoins des populations affectées par l’insécurité et les déplacements dans la région de Bandiagara ,8/1/2026 12:00:00 AM,1/31/2028 12:00:00 AM,18 Months,626751.5,585749.1,0,5/17/2026 8:10:02 AM,2191##2572##2678##3143,"4- Likely to contribute to gender equality, including across age groups",Implementation,8657,PRJ_IMPL_RPT,27427262.6912,7/31/2026 1:13:55 PM
86,2026 First Standard Allocation,CBPF-MLI-26-S-INGO-39702,,,2026,2,OXFAM - UK,2,"Réponse d'urgence multisectorielle en cash mutiusage, abris, NFIs et AGRs aux PDIs et communautés hôtes du cercle de Bankass dans la region de Bandiagara",8/7/2026 12:00:00 AM,2/6/2028 12:00:00 AM,18 Months,470357.7,439586.6,0,5/16/2026 10:13:04 AM,428##446##230##240,"4- Likely to contribute to gender equality, including across age groups",Implementation,8657,PRJ_IMPL_RPT,27442321.5836,8/3/2026 7:47:49 PM
86,2026 First Standard Allocation,CBPF-MLI-26-S-INGO-39707,,,2026,2,Action Contre la Faim,2,Réponse multisectorielle d’urgence en faveur des populations vulnérables affectées par la crise dans la région de Koulikoro,8/1/2026 12:00:00 AM,1/31/2028 12:00:00 AM,18 Months,1436943,1342937,0,5/17/2026 8:59:07 AM,1423##10996##15024##15113,"4- Likely to contribute to gender equality, including across age groups",Implementation,8657,PRJ_IMPL_RPT,27269144.3210,7/31/2026 1:22:45 PM
86,2026 First Standard Allocation,CBPF-MLI-26-S-INGO-39751,,,2026,2,Fondation Terre des hommes-Lausanne « Tdh»,2,"Réponse intégrée aux besoins urgents en santé et nutrition des personnes affectées par les crises, dans une approche sûre et inclusive, à Gourma Rharous (Rharous, Séréré, Hamzakoma, Bambara Maoudé)",8/1/2026 12:00:00 AM,1/31/2028 12:00:00 AM,18 Months,705536.5,659379.9,0,5/17/2026 9:35:35 AM,2448##4451##6851##7010,"4- Likely to contribute to gender equality, including across age groups",Implementation,8657,PRJ_IMPL_RPT,27422243.0604,7/31/2026 1:10:45 PM
86,2026 First Standard Allocation,CBPF-MLI-26-S-INGO-39753,,,2026,2,WELTHUNGERHILFE,2,"Réponse multisectorielle d’urgence aux besoins essentiels des PDI et des communautés hôtes des communes de Bandiagara, Dourou, Kani-Bonzon, Sangha, Region de Bandiagara",8/1/2026 12:00:00 AM,7/31/2027 12:00:00 AM,12 Months,784320.3,733009.6,0,5/17/2026 10:26:00 AM,2267##2515##3093##3030,"3- Likely to contribute to gender equality, but without attention to age groups",Implementation,8657,PRJ_IMPL_RPT,27417223.4296,8/3/2026 7:41:32 PM
86,2026 First Standard Allocation,CBPF-MLI-26-S-NGO-39699,,,2026,2,FEMMES ET DEVELOPPEMENT (FEDE),1,Réponse d'urgence multisectorielle : Stabilisation des conditions de vie des déplacés internes et des communautés d'accueil,9/1/2026 12:00:00 AM,8/31/2027 12:00:00 AM,12 Months,641802.8,599815.7,0,5/16/2026 2:18:49 PM,2005##2511##1596##1693,"4- Likely to contribute to gender equality, including across age groups",Implementation,8657,PRJ_IMPL_RPT,27276673.7672,9/24/2026 6:12:19 PM
86,2026 First Standard Allocation,CBPF-MLI-26-S-NGO-39705,,,2026,2,Groupe Action Recherche pour le Développement Local,1,Réponse multisectorielle d’urgence pour les PDI et communautés hôtes dans la région de Ménaka,8/1/2026 12:00:00 AM,9/30/2027 12:00:00 AM,14 Months,705536.5,659379.9,0,5/17/2026 9:46:22 AM,2227##2325##2468##2563,"4- Likely to contribute to gender equality, including across age groups",Implementation,8657,PRJ_IMPL_RPT,27487498.2608,8/3/2026 7:43:39 PM
86,2026 First Standard Allocation,CBPF-MLI-26-S-NGO-39722,,,2026,2,Association Malienne pour la Survie au Sahel (AMSS),1,"Réponse multisectorielle intégrée et urgente (MPCA,  Santé, Nutrition, VBG) pour l’assistance aux populations vulnérables de la région de Segou",8/1/2026 12:00:00 AM,1/31/2028 12:00:00 AM,18 Months,899941.6,841066.9,0,5/16/2026 12:59:21 PM,5050##27491##7938##13437,"4- Likely to contribute to gender equality, including across age groups",Implementation,8657,PRJ_IMPL_RPT,27274163.9518,7/31/2026 1:12:05 PM
86,2026 First Standard Allocation,CBPF-MLI-26-S-NGO-39740,,,2026,2,Association Libre pour la Promotion de l'Habitat et du Logement (ALPHALOG),1," Assistance multisectorielle d’urgence en faveur de 300 ménages déplacés et hôtes vulnérables dans les cercles de Niono, Macina et Sokolo, région de Ségou",8/1/2026 12:00:00 AM,1/31/2028 12:00:00 AM,18 Months,699114.9,653378.4,0,5/17/2026 12:03:15 AM,360##540##450##450,"4- Likely to contribute to gender equality, including across age groups",Implementation,8657,PRJ_IMPL_RPT,27389615.4602,8/3/2026 7:49:32 PM
86,2026 First Standard Allocation,CBPF-MLI-26-S-NGO-39758,,,2026,2,Association Malienne pour la Solidarité et le Développement,1,"'Soutoura' : Assistance alimentaire d’urgence en faveur des ménages déplacés internes et hôtes vulnérables dans les cercles de Tenenkou, Youwarou et Konna",9/1/2026 12:00:00 AM,2/29/2028 12:00:00 AM,18 Months,430833.9,402648.5,0,5/16/2026 5:12:20 AM,167##326##384##323,"4- Likely to contribute to gender equality, including across age groups",Implementation,8657,PRJ_IMPL_RPT,27329379.8906,9/23/2026 7:38:12 PM
86,2026 First Standard Allocation,CBPF-MLI-26-S-NGO-39759,,,2026,2,AVENIR,1,"Réponse intégrée d’urgence en nutrition et santé en faveur des (PDI) et des communautés hôtes vulnérables dans les cercles de Konna, Tenenkou et Youwarou ",8/1/2026 12:00:00 AM,1/31/2028 12:00:00 AM,18 Months,805569.6,752868.8,0,5/16/2026 2:33:00 PM,3807##13070##24240##26260,"4- Likely to contribute to gender equality, including across age groups",Implementation,8657,PRJ_IMPL_RPT,27259105.0594,8/3/2026 7:50:22 PM
86,2026 First Standard Allocation,CBPF-MLI-26-S-UN-39792,,,2026,2,International Organization for Migration,3,"Renforcement du suivi des déplacements, de l’enregistrement biométrique et de l’évaluation multisectorielle des besoins des pop déplacées au Mali",9/1/2026 12:00:00 AM,4/30/2027 12:00:00 AM,8 Months,399998.9,373830.7,0,6/2/2026 10:12:09 PM,2520##5040##5040##5400,"4- Likely to contribute to gender equality, including across age groups",Disbursement,8656,PRJ_DISBURSEMENT,30065078.6766,10/9/2026 3:22:52 PM
87,Lifesaving response to communities facing severe humanitarian needs in prioritized municipalities of Colombia,CBPF-COL-26-R-INGO-NSFT-39581,,,2026,1,WORLD VISION INTERNATIONAL,2,UNIR: Unidos por la Respuesta Humanitaria en Colombia,5/15/2026 12:00:00 AM,11/14/2026 12:00:00 AM,6 Months,1E+07,9345794,0,4/24/2026 4:59:30 PM,52017##70488##15541##15915,"4- Likely to contribute to gender equality, including across age groups",Implementation,9072,PRJ_IMPL_RPT,30632150.4384,5/15/2026 4:39:15 PM
87,Lifesaving response to communities facing severe humanitarian needs in prioritized municipalities of Colombia,CBPF-COL-26-R-INGO-NSFT-39583,,,2026,1,Prosper Global (UK),2,"ConEsperanza:  Life-saving multi-sector cash assistance, protection, health, WASH, and nutrition to conflict affected populations in high-severity areas of Colombia",5/15/2026 12:00:00 AM,11/14/2026 12:00:00 AM,6 Months,1.3E+07,1.214953E+07,0,4/21/2026 5:32:33 PM,29370##47990##16994##21334,"4- Likely to contribute to gender equality, including across age groups",Implementation,9072,PRJ_IMPL_RPT,30619307.8464,5/15/2026 4:37:38 PM
87,Lifesaving response to communities facing severe humanitarian needs in prioritized municipalities of Colombia,CBPF-COL-26-R-INGO-NSFT-39584,,,2026,1,FUNDACIÓN ACCIÓN CONTRA EL HAMBRE,2,Respuesta humanitaria a necesidades críticas derivadas del conflicto armado y desastres naturales en 7 departamentos de Colombia,5/15/2026 12:00:00 AM,11/14/2026 12:00:00 AM,6 Months,6150000,5747664,0,4/23/2026 9:03:54 PM,8221##12001##3152##3871,"3- Likely to contribute to gender equality, but without attention to age groups",Implementation,9072,PRJ_IMPL_RPT,30621876.3648,5/15/2026 4:37:14 PM
87,Lifesaving response to communities facing severe humanitarian needs in prioritized municipalities of Colombia,CBPF-COL-26-R-INGO-NSFT-39604,,,2026,1,Norwegian Refugee Council (NRC) - Stiftelsen Flyktninghjelpen,2,Consorcio MIRE+: Mecanismo de Respuesta Rápida para la asistencia humanitaria a comunidades afectadas por conflicto armado y desastres naturales en Colombia,5/15/2026 12:00:00 AM,11/14/2026 12:00:00 AM,6 Months,2500000,2336449,0,4/23/2026 2:36:19 PM,2946##3659##1113##1282,"4- Likely to contribute to gender equality, including across age groups",Implementation,9072,PRJ_IMPL_RPT,30639855.9936,5/15/2026 4:35:51 PM
87,Lifesaving response to communities facing severe humanitarian needs in prioritized municipalities of Colombia,CBPF-COL-26-R-NGO-NSFT-39602,,,2026,1,Corporación Infancia y Desarrollo,1,"Respuesta Multisectorial en CASH, WASH, NFI y Protección para Personas con necesidades humanitarias en Putumayo, Caquetá, Meta y Guaviare.",5/15/2026 12:00:00 AM,11/14/2026 12:00:00 AM,6 Months,1850000,1728972,0,4/22/2026 4:12:27 PM,2634##6146##4390##4390,"4- Likely to contribute to gender equality, including across age groups",Implementation,9072,PRJ_IMPL_RPT,28656959.7888,5/6/2026 8:24:58 PM
87,Asignación de Reserva – U.S. Award Tranche II,CBPF-COL-26-R-NGO-NSFT-41359,,,2026,1,Corporación Infancia y Desarrollo,1,PULSO: Respuesta multisectorial para salvar vidas y reducir riesgos de protección en comunidades afectadas por crisis humanitarias.,10/1/2026 12:00:00 AM,9/30/2027 12:00:00 AM,12 Months,4000000,3738318,0,9/2/2026 11:45:41 PM,5038##7287##5573##5573,"4- Likely to contribute to gender equality, including across age groups",Disbursement,9071,PRJ_DISBURSEMENT,28656959.7888,10/9/2026 1:55:54 AM
87,Asignación de Reserva – U.S. Award Tranche II,CBPF-COL-26-R-NGO-NSFT-41415,,,2026,1,Fundacion Significarte,1,ALAS VIVAS,10/1/2026 12:00:00 AM,5/31/2027 12:00:00 AM,8 Months,1000000,934579.4,0,9/2/2026 10:09:31 PM,560##2070##2790##4580,"4- Likely to contribute to gender equality, including across age groups",Disbursement,9071,PRJ_DISBURSEMENT,30850474.5024,10/9/2026 1:58:17 AM
87,Lifesaving response to communities facing severe humanitarian needs in prioritized municipalities of Colombia,CBPF-COL-26-R-UN-NSFT-39586,,,2026,1,Pan American Health Organization,3,"Lifesaving health response to emerging and re-emerging diseases outbreaks, violence and weather-related emergencies in Colombia",5/15/2026 12:00:00 AM,11/14/2026 12:00:00 AM,6 Months,7000000,6542056,0,4/23/2026 3:02:49 PM,68573##77831##51139##49910,"4- Likely to contribute to gender equality, including across age groups",Implementation,9072,PRJ_IMPL_RPT,30614170.8096,5/8/2026 8:35:28 PM
87,Lifesaving response to communities facing severe humanitarian needs in prioritized municipalities of Colombia,CBPF-COL-26-R-UN-NSFT-39588,,,2026,1,International Organization for Migration,3,"Integrated Multi-Sectoral Response: Addressing Confinement, Displacement, and Mixed Migration Flows across 11 Priority Departments in Colombia",5/15/2026 12:00:00 AM,11/14/2026 12:00:00 AM,6 Months,8000000,7476636,0,4/21/2026 8:55:01 PM,20698##28211##14104##19913,"4- Likely to contribute to gender equality, including across age groups",Implementation,9072,PRJ_IMPL_RPT,30637287.4752,5/15/2026 4:38:45 PM
87,Lifesaving response to communities facing severe humanitarian needs in prioritized municipalities of Colombia,CBPF-COL-26-R-UN-NSFT-39589,,,2026,1,THE UNITED NATIONS WORLD FOOD PROGRAMME,3,"Life-saving food assistance for populations affected by emergencies, including high-severity contexts and floods, with integrated PSEA and logistics support in Colombia.",5/15/2026 12:00:00 AM,11/14/2026 12:00:00 AM,6 Months,2.53E+07,2.375587E+07,0,4/22/2026 2:04:18 AM,66990##64896##39777##37683,"4- Likely to contribute to gender equality, including across age groups",Implementation,9072,PRJ_IMPL_RPT,30611602.2912,5/19/2026 10:07:50 PM
87,Lifesaving response to communities facing severe humanitarian needs in prioritized municipalities of Colombia,CBPF-COL-26-R-UN-NSFT-39592,,,2026,1,FOOD AND AGRICULTURE ORGANIZATION OF THE UNITED NATIONS,3,Respuesta agrícola y de protección de medios de vida para salvar vidas en Colombia,5/15/2026 12:00:00 AM,11/14/2026 12:00:00 AM,6 Months,8000000,7476636,0,4/28/2026 4:45:39 PM,10140##10530##8970##9360,"4- Likely to contribute to gender equality, including across age groups",Implementation,9072,PRJ_IMPL_RPT,30624444.8832,5/15/2026 4:33:13 PM
87,Lifesaving response to communities facing severe humanitarian needs in prioritized municipalities of Colombia,CBPF-COL-26-R-UN-NSFT-39603,,,2026,1,United Nations Children's Fund,3,Multisectoral humanitarian response for children and communities affected by conflict and climate emergencies in Colombia.,5/15/2026 12:00:00 AM,11/14/2026 12:00:00 AM,6 Months,8100000,7570094,0,4/20/2026 8:55:13 PM,15045##21279##17715##24961,"4- Likely to contribute to gender equality, including across age groups",Implementation,9072,PRJ_IMPL_RPT,30634718.9568,5/13/2026 1:31:48 PM
87,Lifesaving response to communities facing severe humanitarian needs in prioritized municipalities of Colombia,CBPF-COL-26-R-UN-NSFT-39608,,,2026,1,United Nations High Commissioner for Refugees,3,SAVING LIFES THROUGH PROTECTION AND SHELTER SUPPORT IN COLOMBIA,5/15/2026 12:00:00 AM,11/14/2026 12:00:00 AM,6 Months,7300000,6854460,0,4/22/2026 5:28:20 PM,9538##35771##5961##8346,"4- Likely to contribute to gender equality, including across age groups",Implementation,9072,PRJ_IMPL_RPT,30609033.7728,5/15/2026 4:32:17 PM
87,Asignación de Reserva – U.S. Award Tranche II,CBPF-COL-26-R-UN-NSFT-41223,,,2026,1,THE UNITED NATIONS WORLD FOOD PROGRAMME,3,Integrated Emergency Food Assistance for Crisis-Affected Populations and Common Logistics Services for Humanitarian Partners in Colombia,10/1/2026 12:00:00 AM,9/30/2027 12:00:00 AM,12 Months,1.7E+07,1.588785E+07,0,9/2/2026 7:31:50 PM,37272##55908##31060##31060,"4- Likely to contribute to gender equality, including across age groups",Disbursement,9071,PRJ_DISBURSEMENT,30611602.2912,10/9/2026 6:23:50 PM
88,"Life-saving humanitarian assistance to displaced people and host communities in the departments of Ouest, Centre, and Artibonite",CBPF-HTI-26-R-INGO-NSFT-39498,,,2026,1,Plan international Haiti,2,"Rezilians Ayiti: Multisectoral life-saving interventions in 10 communities benefiting displaced and host populations across West, Center and Artibonite departments.",4/20/2026 12:00:00 AM,10/19/2026 12:00:00 AM,6 Months,1.236059E+07,1.155195E+07,0,4/8/2026 7:48:52 PM,12564##17081##17681##27059,"3- Likely to contribute to gender equality, but without attention to age groups",Implementation,9418,PRJ_IMPL_RPT,29640183.3552,4/17/2026 5:22:58 PM
88,"Life-saving humanitarian assistance to displaced people and host communities in the departments of Ouest, Centre, and Artibonite",CBPF-HTI-26-R-INGO-NSFT-39501,,,2026,1,Agency for Technical Cooperation and Development,2,Assistance multisectorielle intégrée répondant aux besoins urgents des populations vulnérables dans et hors sites de trois départements,4/20/2026 12:00:00 AM,10/19/2026 12:00:00 AM,6 Months,1.593623E+07,1.489367E+07,0,4/9/2026 3:09:40 AM,59213##71542##38698##45503,2- Unlikely to contribute to gender equality (no gender equality measure but includes age consideration),Implementation,9418,PRJ_IMPL_RPT,29416811.1072,4/18/2026 4:53:40 PM
88,"Life-saving humanitarian assistance to displaced people and host communities in the departments of Ouest, Centre, and Artibonite",CBPF-HTI-26-R-UN-NSFT-39500,,,2026,1,United Nations Children's Fund,3,"Multi-sectoral life-saving humanitarian assistance to displaced people and host communities in the departments of Ouest, Centre, and Artibonite in Haiti",4/27/2026 12:00:00 AM,10/26/2026 12:00:00 AM,6 Months,1.7E+07,1.588785E+07,0,4/9/2026 7:52:06 PM,43722##54244##53700##55961,"3- Likely to contribute to gender equality, but without attention to age groups",Implementation,9418,PRJ_IMPL_RPT,31127579.7360,4/22/2026 9:29:41 PM
88,"Life-saving humanitarian assistance to displaced people and host communities in the departments of Ouest, Centre, and Artibonite",CBPF-HTI-26-R-UN-NSFT-39504,,,2026,1,Food and Agriculture Organization of the United Nations,3,Emergency Food Production in Haiti,4/20/2026 12:00:00 AM,10/19/2026 12:00:00 AM,6 Months,1.6465E+07,1.538785E+07,0,4/15/2026 3:57:47 AM,99057##97701##66082##63760,"4- Likely to contribute to gender equality, including across age groups",Implementation,9418,PRJ_IMPL_RPT,31122323.9184,4/20/2026 12:56:45 PM
88,"Life-saving humanitarian assistance to displaced people and host communities in the departments of Ouest, Centre, and Artibonite",CBPF-HTI-26-R-UN-NSFT-39505,,,2026,1,World Food Programme,3,Emergency food assistance and common logistics services,4/17/2026 12:00:00 AM,10/16/2026 12:00:00 AM,6 Months,3.141815E+07,2.936275E+07,0,4/9/2026 5:24:40 PM,101869##112782##76397##72763,"3- Likely to contribute to gender equality, but without attention to age groups",Implementation,9418,PRJ_IMPL_RPT,31124951.8272,4/24/2026 8:32:04 PM
88,"Life-saving humanitarian assistance to displaced people and host communities in the departments of Ouest, Centre, and Artibonite",CBPF-HTI-26-R-UN-NSFT-39515,,,2026,1,Pan American Health Organization,3,Ensuring Timely Access to Lifesaving Health Services and Emergency Care for Haitians Populations with Acute Humanitarian Health Needs,5/10/2026 12:00:00 AM,11/9/2026 12:00:00 AM,6 Months,1E+07,9345794,0,4/10/2026 9:28:42 PM,67365##83988##182897##190689,"4- Likely to contribute to gender equality, including across age groups",Implementation,9418,PRJ_IMPL_RPT,31132835.5536,5/20/2026 4:21:52 PM
88,"Life-saving humanitarian assistance to displaced people and host communities in the departments of Ouest, Centre, and Artibonite",CBPF-HTI-26-R-UN-NSFT-39516,,,2026,1,International Organization for Migration,3,Multisectoral emergency assistance to vulnerable displaced populations in Haiti,4/22/2026 12:00:00 AM,10/21/2026 12:00:00 AM,6 Months,1.832004E+07,1.712153E+07,0,4/10/2026 12:12:33 PM,182323##166056##38312##38271,"3- Likely to contribute to gender equality, but without attention to age groups",Implementation,9418,PRJ_IMPL_RPT,31119696.0096,4/23/2026 8:20:37 PM
88,2026 Première Allocation Standard - Préparation à la saison cyclonique,CBPF-HTI-26-S-INGO-39719,,,2026,2,Oeuvre Protestante de Diaconie et de Développement / Evangelisches Werk für Diakonie und Entwicklung e.V. (EWDE Diakonie Katastrophenhilfe),2,Aide humanitaire multisectorielle et actions de préparation et de réponse à la saison cyclonique dans la Grand’Anse et le Sud-Est d'Haïti ,9/1/2026 12:00:00 AM,3/31/2027 12:00:00 AM,7 Months,300000,280373.8,0,5/16/2026 1:39:17 AM,2609##2278##1770##2045,"4- Likely to contribute to gender equality, including across age groups",Implementation,9388,PRJ_IMPL_RPT,29695369.4400,9/2/2026 2:32:19 PM
88,2026 Première Allocation Standard - Préparation à la saison cyclonique,CBPF-HTI-26-S-INGO-39723,,,2026,2,Agency for Technical Cooperation and Development,2,Evaluation Multisectorielle des Besoins (MSNA) et Préparation et Soutien IM à la Réponse Cash aux Désastres,9/4/2026 12:00:00 AM,7/3/2027 12:00:00 AM,10 Months,200000,186915.9,0,5/14/2026 6:33:47 PM,0##0##1##0,1- Unlikely to contribute to gender equality (no gender equality measure and no age consideration),Implementation,9388,PRJ_IMPL_RPT,29416811.1072,9/8/2026 2:43:48 PM
88,2026 Première Allocation Standard - Préparation à la saison cyclonique,CBPF-HTI-26-S-INGO-39764,,,2026,2,CARE-HAITI,2,"Réponse Multisectorielle Intégrée de Préparation et de Réponse à la Saison Cyclonique 2026 | Grand'Anse, CARE Haiti",9/4/2026 12:00:00 AM,9/3/2027 12:00:00 AM,12 Months,399999.8,373831.6,0,5/15/2026 8:31:34 PM,1910##3150##940##1500,"4- Likely to contribute to gender equality, including across age groups",Implementation,9388,PRJ_IMPL_RPT,30328695.4608,8/28/2026 1:22:42 PM
88,2026 Première Allocation Standard - Préparation à la saison cyclonique,CBPF-HTI-26-S-NGO-39731,,,2026,2,Organisation des Visionnaires Dévoués pour un Développement de Haute Modernisation,1,"KENBE NÒ — Kominote Engaje Nan Bati Espwa : Résilience cyclonique dans le Nord-Ouest (Port-de-Paix, Saint-Louis-du-Nord, Jean-Rabel)",9/4/2026 12:00:00 AM,9/3/2027 12:00:00 AM,12 Months,250000,233644.9,0,5/12/2026 4:02:57 AM,1556##1556##1040##1038,"4- Likely to contribute to gender equality, including across age groups",Implementation,9388,PRJ_IMPL_RPT,29587625.1792,9/2/2026 2:28:42 PM
89,Complementary Response to Conflict-Induced Displacement in Nampula,CBPF-MOZ-26-R-INGO-39145,,,2026,1,Save the Children International,2,"Local Rapid Response capacity to meet Livelihoods, WASH, protection and Shelter needs in Erati, Memba, and Nacaroa districts in Nampula province.",5/25/2026 12:00:00 AM,11/24/2026 12:00:00 AM,6 Months,940000,878504.7,0,3/2/2026 6:17:41 AM,4986##6820##10922##13606,"4- Likely to contribute to gender equality, including across age groups",Implementation,9798,PRJ_IMPL_RPT,31605140.6778,6/4/2026 6:58:11 PM
89,"Life-Saving Response to Floods in Gaza Province, Mozambique",CBPF-MOZ-26-R-INGO-39294,,,2026,1,Save the Children International,2,Local lifesaving immediate shelter and WASH response to floods affected population in Gaza,5/25/2026 12:00:00 AM,11/24/2026 12:00:00 AM,6 Months,625000,584112.1,0,3/9/2026 6:16:42 AM,2440##2750##6450##7110,"4- Likely to contribute to gender equality, including across age groups",Implementation,9798,PRJ_IMPL_RPT,31605140.6778,6/4/2026 6:59:23 PM
89,"RA3-2026: Lifesaving humanitarian response in highly prioritized districts in Mozambique for conflict-affected populations in Cabo Delgado and Nampula, and for flood-affected populations in Gaza, Sofala, and Maputo.",CBPF-MOZ-26-R-INGO-NSFT-39378,,,2026,1,Save the Children International,2,"Emergency WASH, Cash, and Child Protection Assistance in Cabo Delgado and Gaza Provinces",4/16/2026 12:00:00 AM,10/15/2026 12:00:00 AM,6 Months,4000000,3738318,0,3/20/2026 8:41:12 AM,28598##30981##35323##38267,"4- Likely to contribute to gender equality, including across age groups",Implementation,9798,PRJ_IMPL_RPT,31605140.6778,4/17/2026 2:33:41 PM
89,"RA3-2026: Lifesaving humanitarian response in highly prioritized districts in Mozambique for conflict-affected populations in Cabo Delgado and Nampula, and for flood-affected populations in Gaza, Sofala, and Maputo.",CBPF-MOZ-26-R-INGO-NSFT-39418,,,2026,1,CARE International Mozambique,2,"Integrated multi-sector lifesaving humanitarian response for conflict and flood-affected populations in Cabo Delgado, Nampula and Gaza- (RESTORE)",4/16/2026 12:00:00 AM,10/15/2026 12:00:00 AM,6 Months,8000000,7476636,0,3/22/2026 5:34:32 PM,26014##34232##40063##51353,"4- Likely to contribute to gender equality, including across age groups",Implementation,9798,PRJ_IMPL_RPT,32016399.9501,4/17/2026 2:32:21 PM
89,"RA3-2026: Lifesaving humanitarian response in highly prioritized districts in Mozambique for conflict-affected populations in Cabo Delgado and Nampula, and for flood-affected populations in Gaza, Sofala, and Maputo.",CBPF-MOZ-26-R-INGO-NSFT-39432,,,2026,1,ACTION CONTRE LA FAIM,2,Integrated Life-Saving Emergency Assistance for Conflict and Flood-Affected Populations in Mozambique,4/9/2026 12:00:00 AM,10/8/2026 12:00:00 AM,6 Months,1590009,1485990,0,3/19/2026 4:50:44 PM,14681##24584##20513##20363,"4- Likely to contribute to gender equality, including across age groups",Implementation,9831,PRJ_UND_FINAL_RPT,31847057.8968,4/14/2026 1:48:28 PM
89,"RA3-2026: Lifesaving humanitarian response in highly prioritized districts in Mozambique for conflict-affected populations in Cabo Delgado and Nampula, and for flood-affected populations in Gaza, Sofala, and Maputo.",CBPF-MOZ-26-R-INGO-NSFT-39437,,,2026,1,Norwegian Refugee Council,2,"Rapid Life-Saving Shelter Improvements and Multipurpose Voucher Assistance for Conflict-Affected Displaced and Host Families in Mueda and Nangade, Cabo Delgado.",4/13/2026 12:00:00 AM,10/12/2026 12:00:00 AM,6 Months,3000000,2803738,0,3/23/2026 12:59:55 PM,10737##11176##7157##7450,"4- Likely to contribute to gender equality, including across age groups",Implementation,9798,PRJ_IMPL_RPT,31814802.2676,4/14/2026 1:47:05 PM
89,"RA3-2026: Lifesaving humanitarian response in highly prioritized districts in Mozambique for conflict-affected populations in Cabo Delgado and Nampula, and for flood-affected populations in Gaza, Sofala, and Maputo.",CBPF-MOZ-26-R-INGO-NSFT-39450,,,2026,1,Solidarites International,2,SI–Acted Consortium: Life-saving multi-purpose assistance and emergency WASH services in Cabo Delgado,4/16/2026 12:00:00 AM,10/15/2026 12:00:00 AM,6 Months,2910000,2719626,0,3/23/2026 8:42:36 PM,39520##45513##50011##52257,"3- Likely to contribute to gender equality, but without attention to age groups",Implementation,9798,PRJ_IMPL_RPT,32013711.9810,4/13/2026 8:58:49 PM
89,"RA3-2026: Lifesaving humanitarian response in highly prioritized districts in Mozambique for conflict-affected populations in Cabo Delgado and Nampula, and for flood-affected populations in Gaza, Sofala, and Maputo.",CBPF-MOZ-26-R-INGO-NSFT-39453,,,2026,1,Catholic Relief Services CRS,2,"Emergency food security, WASH, and shelter/NFI response to conflict and floods-affected people in Cabo Delgado, Nampula and Sofala",4/13/2026 12:00:00 AM,10/12/2026 12:00:00 AM,6 Months,4500001,4205608,0,3/23/2026 3:41:58 PM,4410##4410##6615##6615,"4- Likely to contribute to gender equality, including across age groups",Implementation,9798,PRJ_IMPL_RPT,31742227.1019,4/15/2026 6:48:52 PM
89,"RA3-2026: Lifesaving humanitarian response in highly prioritized districts in Mozambique for conflict-affected populations in Cabo Delgado and Nampula, and for flood-affected populations in Gaza, Sofala, and Maputo.",CBPF-MOZ-26-R-INGO-NSFT-39488,,,2026,1,WORLD VISION INTERNATIONAL,2,"Life-Saving Humanitarian Assistance in WASH, Food Security, and Protection for Flood-Affected Communities in Guijá and Mabalane and Conflict-Affected communities in Memba district.",4/13/2026 12:00:00 AM,10/12/2026 12:00:00 AM,6 Months,2000000,1869159,0,3/23/2026 4:59:33 PM,7680##11520##8320##12480,"4- Likely to contribute to gender equality, including across age groups",Implementation,9798,PRJ_IMPL_RPT,31707283.5036,4/13/2026 9:01:24 PM
89,Complementary Response to Conflict-Induced Displacement in Nampula,CBPF-MOZ-26-R-NGO-39133,,,2026,1,"Nós Saúde - Associação para Promoção de Água, Saúde e Meio Ambiente",1,"Integrated Life-Saving Health and WASH Response to Cholera for Conflict-Affected and Displaced Populations in Nacala Porto and Nacaroa Districts, Nampula Province.",5/25/2026 12:00:00 AM,11/24/2026 12:00:00 AM,6 Months,457310.2,427392.7,0,2/28/2026 8:35:11 AM,5800##7500##11500##13500,"3- Likely to contribute to gender equality, but without attention to age groups",Implementation,9798,PRJ_IMPL_RPT,30938524.3410,6/1/2026 10:31:39 PM
89,Complementary Response to Conflict-Induced Displacement in Nampula,CBPF-MOZ-26-R-NGO-39134,,,2026,1,INSTITUTO PARA O DESENVOLVIMENTO ECONOMICO E SOCIAL- IDES,1,"WAMINI Project – Promoting accelerated inclusive assistance in shelter, food security, and livelihoods in Erati and Memba.",5/25/2026 12:00:00 AM,11/24/2026 12:00:00 AM,6 Months,459951.4,438049,0,3/1/2026 8:50:30 PM,2000##2750##0##0,"4- Likely to contribute to gender equality, including across age groups",Implementation,9798,PRJ_IMPL_RPT,30532641.0069,6/1/2026 9:55:29 PM
89,Complementary Response to Conflict-Induced Displacement in Nampula,CBPF-MOZ-26-R-NGO-39141,,,2026,1,Fundacao Wiwanana,1,Provision of Child Protection Services in Memba and Nacala,5/25/2026 12:00:00 AM,11/24/2026 12:00:00 AM,6 Months,350001.8,327104.5,0,3/2/2026 7:36:01 AM,850##850##6750##6750,"3- Likely to contribute to gender equality, but without attention to age groups",Implementation,9798,PRJ_IMPL_RPT,30572960.5434,6/1/2026 9:59:14 PM
89,Complementary Response to Conflict-Induced Displacement in Nampula,CBPF-MOZ-26-R-NGO-39143,,,2026,1,CONSELHO CRISTÃO DE MOÇAMBIQUE,1,"Food assistance for displaced people in the province of Nampula, in the districts of Memba and Erati.",5/25/2026 12:00:00 AM,11/24/2026 12:00:00 AM,6 Months,233333.3,218068.5,0,3/7/2026 9:51:50 AM,2250##4500##1750##2500,2- Unlikely to contribute to gender equality (no gender equality measure but includes age consideration),Implementation,9798,PRJ_IMPL_RPT,30578336.4816,6/1/2026 10:34:54 PM
89,Complementary Response to Conflict-Induced Displacement in Nampula,CBPF-MOZ-26-R-NGO-39170,,,2026,1,Kukumbi – Organização de Desenvolvimento Rural,1,Enhancing Resilience of Displaced Communities in Memba and Erati district - Nampula Province ,5/25/2026 12:00:00 AM,11/24/2026 12:00:00 AM,6 Months,595735.1,556761.8,0,3/2/2026 8:35:24 PM,17644##24618##9033##17506,"4- Likely to contribute to gender equality, including across age groups",Implementation,9798,PRJ_IMPL_RPT,30930460.4337,6/4/2026 6:56:51 PM
89,"Life-Saving Response to Floods in Gaza Province, Mozambique",CBPF-MOZ-26-R-NGO-39192,,,2026,1,Associação Plataforma Inter-Religiosa de Comunicação para a Saúde – PIRCOM,1,Integrated Health and Community-Based Emergency Response for Flood in Gaza Province,5/25/2026 12:00:00 AM,11/24/2026 12:00:00 AM,6 Months,374998.9,350466.3,0,3/9/2026 10:29:21 AM,2970##3216##2433##2631,"4- Likely to contribute to gender equality, including across age groups",Implementation,9798,PRJ_IMPL_RPT,30941212.3101,6/4/2026 7:00:36 PM
89,"Life-Saving Response to Floods in Gaza Province, Mozambique",CBPF-MOZ-26-R-NGO-39193,,,2026,1,CONSELHO CRISTÃO DE MOÇAMBIQUE,1,"Restore and promote human dignity in the province of Gaza in the districts of Massingir and Mabalane, responding to the emergency.",5/25/2026 12:00:00 AM,11/24/2026 12:00:00 AM,6 Months,250000,233644.9,0,3/6/2026 10:11:41 AM,1220##2230##950##1100,2- Unlikely to contribute to gender equality (no gender equality measure but includes age consideration),Implementation,9798,PRJ_IMPL_RPT,30578336.4816,6/1/2026 10:33:11 PM
89,"Life-Saving Response to Floods in Gaza Province, Mozambique",CBPF-MOZ-26-R-NGO-39228,,,2026,1,"Nós Saúde - Associação para Promoção de Água, Saúde e Meio Ambiente",1,Integrated Life-Saving Humanitarian Response to Floods in Gaza through Emergency WASH and Health Interventions.,5/25/2026 12:00:00 AM,11/24/2026 12:00:00 AM,6 Months,610718.4,570764.9,0,3/9/2026 12:51:13 PM,3305##3900##2595##3000,"3- Likely to contribute to gender equality, but without attention to age groups",Implementation,9798,PRJ_IMPL_RPT,30938524.3410,6/1/2026 10:27:32 PM
89,"Life-Saving Response to Floods in Gaza Province, Mozambique",CBPF-MOZ-26-R-NGO-39244,,,2026,1,Fundação para o Desenvolvimento da Comunidade,1,Post-disaster Response and Resilient Recovery Programs in Gaza Province,5/25/2026 12:00:00 AM,11/24/2026 12:00:00 AM,6 Months,624962.9,584077.5,0,3/9/2026 9:09:39 PM,2600##3500##1000##2500,"4- Likely to contribute to gender equality, including across age groups",Implementation,9798,PRJ_IMPL_RPT,31019163.4140,6/1/2026 10:29:32 PM
89,"RA3-2026: Lifesaving humanitarian response in highly prioritized districts in Mozambique for conflict-affected populations in Cabo Delgado and Nampula, and for flood-affected populations in Gaza, Sofala, and Maputo.",CBPF-MOZ-26-R-NGO-NSFT-39410,,,2026,1,Fundacao Wiwanana,1,Protection of conflict-affected people in Macomia and Mocimboa da Praia,4/20/2026 12:00:00 AM,10/19/2026 12:00:00 AM,6 Months,1000065,934639.9,0,3/23/2026 4:26:39 PM,2895##4650##5545##6920,1- Unlikely to contribute to gender equality (no gender equality measure and no age consideration),Implementation,9798,PRJ_IMPL_RPT,30572960.5434,4/21/2026 4:03:33 PM
89,"RA3-2026: Lifesaving humanitarian response in highly prioritized districts in Mozambique for conflict-affected populations in Cabo Delgado and Nampula, and for flood-affected populations in Gaza, Sofala, and Maputo.",CBPF-MOZ-26-R-NGO-NSFT-39415,,,2026,1,INSTITUTO PARA O DESENVOLVIMENTO ECONOMICO E SOCIAL- IDES,1,SALVE PROJECT – Saving lives in emergency situations and through rapid response in critical districts in Cabo Delgado and Nampula,4/13/2026 12:00:00 AM,10/12/2026 12:00:00 AM,6 Months,1500016,1401884,0,3/23/2026 5:27:19 PM,5797##11683##4647##7512,"4- Likely to contribute to gender equality, including across age groups",Implementation,9798,PRJ_IMPL_RPT,30532641.0069,4/15/2026 6:47:42 PM
89,"RA3-2026: Lifesaving humanitarian response in highly prioritized districts in Mozambique for conflict-affected populations in Cabo Delgado and Nampula, and for flood-affected populations in Gaza, Sofala, and Maputo.",CBPF-MOZ-26-R-NGO-NSFT-39434,,,2026,1,CONSELHO CRISTÃO DE MOÇAMBIQUE,1,"United for a humanitarian cause, contributing to human dignity through lifesaving food security and WASH activities in the provinces of Nampula, Cabo Delgado and Sofala",4/6/2026 12:00:00 AM,10/5/2026 12:00:00 AM,6 Months,1000000,934579.4,0,3/23/2026 7:41:40 AM,4272##4628##3493##3784,"3- Likely to contribute to gender equality, but without attention to age groups",Implementation,9831,PRJ_UND_FINAL_RPT,30578336.4816,4/9/2026 7:16:05 PM
89,"RA3-2026: Lifesaving humanitarian response in highly prioritized districts in Mozambique for conflict-affected populations in Cabo Delgado and Nampula, and for flood-affected populations in Gaza, Sofala, and Maputo.",CBPF-MOZ-26-R-UN-NSFT-39383,,,2026,1,International Organization for Migration,3,Multi-sectoral assistance for conflict and flood-affected populations in northern and southern Mozambique,4/20/2026 12:00:00 AM,10/19/2026 12:00:00 AM,6 Months,1.45E+07,1.35514E+07,0,3/23/2026 2:49:33 PM,44364##50674##47568##52745,2- Unlikely to contribute to gender equality (no gender equality measure but includes age consideration),Implementation,9798,PRJ_IMPL_RPT,31809426.3294,4/23/2026 6:39:36 PM
89,"RA3-2026: Lifesaving humanitarian response in highly prioritized districts in Mozambique for conflict-affected populations in Cabo Delgado and Nampula, and for flood-affected populations in Gaza, Sofala, and Maputo.",CBPF-MOZ-26-R-UN-NSFT-39427,,,2026,1,World Food Programme,3,"Emergency Food Security Response in 4 priority districts of Cabo Delgado ( Macomia, Muidumbe, Nangade and Quissanga)",4/11/2026 12:00:00 AM,10/10/2026 12:00:00 AM,6 Months,1.75E+07,1.635514E+07,0,3/23/2026 6:50:16 PM,87389##99691##116237##120903,"4- Likely to contribute to gender equality, including across age groups",Implementation,9831,PRJ_UND_FINAL_RPT,31820178.2058,4/13/2026 9:00:00 PM
89,"RA3-2026: Lifesaving humanitarian response in highly prioritized districts in Mozambique for conflict-affected populations in Cabo Delgado and Nampula, and for flood-affected populations in Gaza, Sofala, and Maputo.",CBPF-MOZ-26-R-UN-NSFT-39444,,,2026,1,United Nations High Commissioner for Refugees,3,Life-saving protection response in targeted districts in Cabo Delgado and Nampula provinces,4/15/2026 12:00:00 AM,10/14/2026 12:00:00 AM,6 Months,4500000,4225352,0,3/23/2026 3:42:40 PM,23560##33640##26240##30560,"4- Likely to contribute to gender equality, including across age groups",Implementation,9798,PRJ_IMPL_RPT,31825554.1440,4/12/2026 1:03:45 PM
89,"RA3-2026: Lifesaving humanitarian response in highly prioritized districts in Mozambique for conflict-affected populations in Cabo Delgado and Nampula, and for flood-affected populations in Gaza, Sofala, and Maputo.",CBPF-MOZ-26-R-UN-NSFT-39474,,,2026,1,United Nations Children's Fund,3,Integrated lifesaving assistance and Restoration of Essential Services for Conflict and Flood-Affected Children and Their Communities.,4/16/2026 12:00:00 AM,10/15/2026 12:00:00 AM,6 Months,1.179991E+07,1.102795E+07,0,3/23/2026 5:52:52 PM,31573##165807##143631##155600,"3- Likely to contribute to gender equality, but without attention to age groups",Implementation,9798,PRJ_IMPL_RPT,31822866.1749,4/15/2026 6:50:04 PM
90,2026 First Reserve Allocation,CBPF-TCD-26-R-INGO-41319,,,2026,1,Solidarités International,2,"Réponse d’urgence en eau, hygiène et assainissement aux nouveaux déplacements et aux risques de choléra dans les départements de Fouli et Kaya, province du Lac, Tchad",10/5/2026 12:00:00 AM,4/4/2027 12:00:00 AM,6 Months,650000,607476.6,0,9/6/2026 12:55:35 PM,3120##4524##3276##4680,,Disbursement,10163,PRJ_DISBURSEMENT,31434327.6120,10/9/2026 3:21:16 PM
90,"Réponse multisectorielle vitale aux déplacements et à l'insécurité alimentaire dans les provinces du Ouaddaï, du Wadi Fira, du Sila et du Lac au Tchad",CBPF-TCD-26-R-INGO-NSFT-39339,,,2026,1,International Medical Corps,2,"Assistance d'urgence multisectorielle et intégrée au profit des réfugiés soudanais, communautés hôte et rapatriés, vulnérables dans l'Est du Tchad",4/20/2026 12:00:00 AM,10/19/2026 12:00:00 AM,6 Months,7296000,6818692,0,3/19/2026 1:45:25 AM,19420##27195##25650##27733,"4- Likely to contribute to gender equality, including across age groups",Implementation,10164,PRJ_IMPL_RPT,32715229.7340,4/24/2026 2:51:22 PM
90,"Réponse multisectorielle vitale aux déplacements et à l'insécurité alimentaire dans les provinces du Ouaddaï, du Wadi Fira, du Sila et du Lac au Tchad",CBPF-TCD-26-R-INGO-NSFT-39340,,,2026,1,International Rescue Committee,2,"Réponse urgente multisectorielle en santé-nutrition, protection, Eau, Hygiène &amp; Assainissement, Abris et en sécurité alimentaire à l'Est du Tchad.",4/15/2026 12:00:00 AM,10/14/2026 12:00:00 AM,6 Months,7254000,6779439,0,3/19/2026 10:54:19 AM,17678##34090##36617##37879,"4- Likely to contribute to gender equality, including across age groups",Reporting,10197,PRJ_UND_FINAL_RPT,31522286.5560,4/24/2026 2:24:51 PM
90,"Réponse multisectorielle vitale aux déplacements et à l'insécurité alimentaire dans les provinces du Ouaddaï, du Wadi Fira, du Sila et du Lac au Tchad",CBPF-TCD-26-R-INGO-NSFT-39341,,,2026,1,Action contre la Faim,2,"Réponse d’urgence multisectorielle pour les réfugiés, déplacés internes et communautés hôtes vulnérables dans les provinces du Wadi Fira et du Lac ",4/15/2026 12:00:00 AM,10/14/2026 12:00:00 AM,6 Months,2500708,2337110,0,3/19/2026 9:26:06 AM,5689##26914##17888##20809,"4- Likely to contribute to gender equality, including across age groups",Implementation,10164,PRJ_IMPL_RPT,32679496.4130,4/20/2026 1:22:02 PM
90,"Réponse multisectorielle vitale aux déplacements et à l'insécurité alimentaire dans les provinces du Ouaddaï, du Wadi Fira, du Sila et du Lac au Tchad",CBPF-TCD-26-R-INGO-NSFT-39369,,,2026,1,Catholic Relief Services,2,Projet d'Urgence Intégré de Soutien aux Communautés Vulnérables – Al Najat,4/15/2026 12:00:00 AM,10/14/2026 12:00:00 AM,6 Months,4000000,3738318,0,3/18/2026 11:31:47 PM,7775##8425##9505##10295,"3- Likely to contribute to gender equality, but without attention to age groups",Implementation,10164,PRJ_IMPL_RPT,31511291.6880,4/20/2026 1:23:28 PM
90,"Réponse multisectorielle vitale aux déplacements et à l'insécurité alimentaire dans les provinces du Ouaddaï, du Wadi Fira, du Sila et du Lac au Tchad",CBPF-TCD-26-R-INGO-NSFT-39385,,,2026,1,World Vision International,2,Assistance Vitale Intégrée pour les Réfugiés Soudanais et les Communautés Hôtes vulnerables du département Kobe (province Wadi Fira à l’Est du Tchad),4/20/2026 12:00:00 AM,10/19/2026 12:00:00 AM,6 Months,3599000,3363552,0,3/19/2026 10:41:53 AM,12955##17727##20548##21205,"4- Likely to contribute to gender equality, including across age groups",Implementation,10164,PRJ_IMPL_RPT,31530532.7070,4/20/2026 1:24:46 PM
90,"Réponse multisectorielle vitale aux déplacements et à l'insécurité alimentaire dans les provinces du Ouaddaï, du Wadi Fira, du Sila et du Lac au Tchad",CBPF-TCD-26-R-INGO-NSFT-39435,,,2026,1,INTERSOS,2,"Réponse multisectorielle en abris/NFI et wash en faveur des personns déplacées (réfugiés et retournés) dans le département de Kobe, dans le Wadi Fira",4/15/2026 12:00:00 AM,10/14/2026 12:00:00 AM,6 Months,4519000,4223365,0,3/19/2026 8:58:39 AM,5200##4600##4000##6200,"4- Likely to contribute to gender equality, including across age groups",Implementation,10164,PRJ_IMPL_RPT,31428830.1780,4/15/2026 2:25:35 PM
90,"Réponse multisectorielle vitale aux déplacements et à l'insécurité alimentaire dans les provinces du Ouaddaï, du Wadi Fira, du Sila et du Lac au Tchad",CBPF-TCD-26-R-INGO-NSFT-39443,,,2026,1,HIAS INC,2,"Assistance de protection intégrée et vitale pour les réfugiés, les retournés et les communautés d’accueil affectés par la crise soudanaise dans l’Est du Tchad.",4/15/2026 12:00:00 AM,10/14/2026 12:00:00 AM,6 Months,700000,654205.6,0,3/18/2026 10:34:43 PM,1240##11156##2160##9810,"4- Likely to contribute to gender equality, including across age groups",Implementation,10164,PRJ_IMPL_RPT,31404091.7250,4/17/2026 7:24:28 PM
90,2026 First Reserve Allocation,CBPF-TCD-26-R-NGO-41470,,,2026,1,Agence de Développement Economique et Social,1,"Réponse Multisectorielle d'urgence en Abris, Articles Ménagers Essentiels et WASH en faveur des PDI des sites du département de Kaya ReMAMEW_PDI-Kaya",10/5/2026 12:00:00 AM,4/4/2027 12:00:00 AM,6 Months,499997.1,467287,0,9/6/2026 3:23:15 PM,2034##3390##3390##4746,,Implementation,10164,PRJ_IMPL_RPT,31470060.9330,10/7/2026 1:22:22 PM
90,2026 First Reserve Allocation,CBPF-TCD-26-R-UN-41440,,,2026,1,Programme Alimentaire Mondial,3,Emergency response in Lac,9/4/2026 12:00:00 AM,11/4/2026 12:00:00 AM,2 Months 1 Days,600000,563380.3,0,9/5/2026 11:09:58 AM,4723##5003##8891##9149,"4- Likely to contribute to gender equality, including across age groups",Implementation,10164,PRJ_IMPL_RPT,32701486.1490,9/24/2026 6:10:50 PM
90,"Réponse multisectorielle vitale aux déplacements et à l'insécurité alimentaire dans les provinces du Ouaddaï, du Wadi Fira, du Sila et du Lac au Tchad",CBPF-TCD-26-R-UN-NSFT-39345,,,2026,1,International Organization for Migration,3,Assistance multisectorielle vitale pour les populations affectées par la crise dans l’Est du Tchad et la province du Lac,4/15/2026 12:00:00 AM,10/14/2026 12:00:00 AM,6 Months,8257000,7716823,0,3/19/2026 9:47:49 AM,6840##27000##11280##11280,"4- Likely to contribute to gender equality, including across age groups",Implementation,10164,PRJ_IMPL_RPT,32717978.4510,4/16/2026 4:22:44 PM
90,"Réponse multisectorielle vitale aux déplacements et à l'insécurité alimentaire dans les provinces du Ouaddaï, du Wadi Fira, du Sila et du Lac au Tchad",CBPF-TCD-26-R-UN-NSFT-39346,,,2026,1,United Nations Children’s Fund,3,"Réponse multisectorielle santé, nutrition, protection de l’enfance, eau, hygiène et assainissement aux crises à l’Ouest et à l’Est du Tchad  ",4/20/2026 12:00:00 AM,10/19/2026 12:00:00 AM,6 Months,1E+07,9345794,0,3/19/2026 10:39:54 AM,61290##65794##137656##158429,"4- Likely to contribute to gender equality, including across age groups",Implementation,10164,PRJ_IMPL_RPT,32723475.8850,4/17/2026 1:35:03 PM
90,"Réponse multisectorielle vitale aux déplacements et à l'insécurité alimentaire dans les provinces du Ouaddaï, du Wadi Fira, du Sila et du Lac au Tchad",CBPF-TCD-26-R-UN-NSFT-39347,,,2026,1,United Nations High Commissionner for Refugees,3,Protection et assistance d’urgence pour les réfugiés soudanais dans l’Est du Tchad ,4/15/2026 12:00:00 AM,10/14/2026 12:00:00 AM,6 Months,2.0147E+07,1.891737E+07,0,3/18/2026 6:27:06 PM,12740##23660##27300##27300,2- Unlikely to contribute to gender equality (no gender equality measure but includes age consideration),Implementation,10164,PRJ_IMPL_RPT,32726224.6020,4/17/2026 3:56:53 PM
90,"Réponse multisectorielle vitale aux déplacements et à l'insécurité alimentaire dans les provinces du Ouaddaï, du Wadi Fira, du Sila et du Lac au Tchad",CBPF-TCD-26-R-UN-NSFT-39407,,,2026,1,Food and Agriculture Organization,3,Sauver des vies par la protection de la production alimentaire des ménages vulnérables au Tchad,4/15/2026 12:00:00 AM,10/14/2026 12:00:00 AM,6 Months,4000000,3738318,0,3/18/2026 3:48:31 PM,17700##18400##17700##18400,"4- Likely to contribute to gender equality, including across age groups",Implementation,10164,PRJ_IMPL_RPT,32720727.1680,4/15/2026 2:17:30 PM
90,"Réponse multisectorielle vitale aux déplacements et à l'insécurité alimentaire dans les provinces du Ouaddaï, du Wadi Fira, du Sila et du Lac au Tchad",CBPF-TCD-26-R-UN-NSFT-39414,,,2026,1,Programme Alimentaire Mondial,3,Aide alimentaire et nutritionnelle d’urgence pour les populations touchées par la crise et souffrant de malnutrition aigüe modérée au Tchad,4/15/2026 12:00:00 AM,10/14/2026 12:00:00 AM,6 Months,2.5E+07,2.347418E+07,0,3/19/2026 10:37:34 AM,67206##85109##114266##125351,"4- Likely to contribute to gender equality, including across age groups",Implementation,10164,PRJ_IMPL_RPT,32701486.1490,4/17/2026 5:39:25 PM
94,1st Reserve Allocation: Anticipatory Action – Tropical Cyclones (Fiji),CBPF-FJI-26-R-INGO-39121,,,2026,1,Adventist Development And Relief Agency,2,Resilience Enhancement &amp; Emergency Mobilisation for Anticipatory Action (REEMAA) Project,4/6/2026 12:00:00 AM,4/5/2027 12:00:00 AM,12 Months,350000,327102.8,0,2/25/2026 11:33:08 AM,1500##1500##50##50,"3- Likely to contribute to gender equality, but without attention to age groups",Implementation,13366,PRJ_IMPL_RPT,34794227.3136,4/14/2026 3:29:08 PM
95,Anticipatory Action for Cyclones in Vanuatu,CBPF-VUT-26-R-INGO-39605,,,2026,1,THE WORLD VISION VANUATU ASSOCIATION COMMITTEE (INC.),2,"Scaling Anticipatory Action for Cyclones in SANMA and TAFEA Provinces, Vanuatu",5/1/2026 12:00:00 AM,4/30/2027 12:00:00 AM,12 Months,350000,327102.8,0,4/21/2026 6:22:11 AM,400##600##600##900,"4- Likely to contribute to gender equality, including across age groups",Implementation,13720,PRJ_IMPL_RPT,35728408.2600,5/26/2026 2:43:24 PM
95,Anticipatory Action for Cyclones in Vanuatu,CBPF-VUT-26-R-INGO-39610,,,2026,1,CARE INTERNATIONAL COMMITTEE (INC.),2,"Cyclone Anticipatory Action: Integrated Preparedness and Early Response for Gender, Protection, and SRHR",5/11/2026 12:00:00 AM,5/10/2027 12:00:00 AM,12 Months,354997.4,331773.3,0,4/21/2026 6:09:59 AM,266##286##284##264,"4- Likely to contribute to gender equality, including across age groups",Implementation,13720,PRJ_IMPL_RPT,35553839.4900,5/26/2026 2:39:23 PM
95,Anticipatory Action for Cyclones in Vanuatu,CBPF-VUT-26-R-NGO-39601,,,2026,1,Wan Smolbag Theatre Committee (Inc.),1,Bae i Kam :  Early Warning Preparedness and Cyclone Shelter for Communities in Vanuatu,5/1/2026 12:00:00 AM,4/30/2027 12:00:00 AM,12 Months,149993.7,140181,0,4/22/2026 2:05:31 AM,750##750##750##750,"4- Likely to contribute to gender equality, including across age groups",Implementation,13720,PRJ_IMPL_RPT,35039321.0100,5/26/2026 2:43:08 PM
95,Anticipatory Action for Cyclones in Vanuatu,CBPF-VUT-26-R-NGO-39609,,,2026,1,Vanuatu Association of NGO (VANGO) Committee (Inc.),1,Strengthening Community-Based Anticipatory Action for Cyclones in Vanuatu,5/1/2026 12:00:00 AM,4/30/2027 12:00:00 AM,12 Months,100000.1,93458,0,4/20/2026 11:27:38 AM,159##205##120##153,"4- Likely to contribute to gender equality, including across age groups",Implementation,13720,PRJ_IMPL_RPT,35498712.5100,5/26/2026 2:38:36 PM
95,Anticipatory Action for Cyclones in Vanuatu,CBPF-VUT-26-R-O-39607,,,2026,1,Vanuatu Red Cross Society,4,Vanuatu Red Cross Inclusive Locally Led Anticipatory Action,5/15/2026 12:00:00 AM,5/14/2027 12:00:00 AM,12 Months,245343.1,229292.6,0,4/22/2026 3:00:28 AM,1500##1500##1500##1500,"4- Likely to contribute to gender equality, including across age groups",Implementation,13720,PRJ_IMPL_RPT,35042383.6200,5/26/2026 2:43:43 PM
99,APHF-Bangladesh Anticipatory Action Allocation for Cyclone Response (2026),CBPF-BGD-26-R-INGO-39700,,,2026,1,CARE BANGLADESH,2,"Strengthening Cyclone Anticipatory Action in Cox’s Bazar through a Locally Led, Trigger-Based Pooled Mechanism",5/15/2026 12:00:00 AM,5/14/2027 12:00:00 AM,12 Months,620000,579439.3,0,5/6/2026 2:09:24 PM,12940##12188##14140##13586,"4- Likely to contribute to gender equality, including across age groups",Implementation,15206,PRJ_IMPL_RPT,39329294.8950,5/26/2026 2:00:14 PM
99,Fast-tracked support to JRP priortized response,CBPF-BGD-26-R-INGO-NSFT-39295,,,2026,1,International Rescue Committee,2,RELIEF-HP: Refugee Emergency Lifesaving Intervention for Health &amp; Protection,4/1/2026 12:00:00 AM,9/30/2026 12:00:00 AM,6 Months,2066357,1931175,0,3/10/2026 3:33:27 PM,41014##48520##34375##37403,"4- Likely to contribute to gender equality, including across age groups",Implementation,15239,PRJ_UND_FINAL_RPT,39322643.0058,4/2/2026 6:14:15 PM
99,Fast-tracked support to JRP priortized response,CBPF-BGD-26-R-INGO-NSFT-39299,,,2026,1,World Vision of Bangladesh,2,"Integrated and Complementary Life-Saving WASH, Child Protection and GBV Services for Rohingya Refugees in Cox’s Bazar",4/1/2026 12:00:00 AM,9/30/2026 12:00:00 AM,6 Months,539367.5,504081.8,0,3/10/2026 5:45:20 PM,10545##15282##9236##13571,"4- Likely to contribute to gender equality, including across age groups",Implementation,15239,PRJ_UND_FINAL_RPT,38960115.0444,3/26/2026 10:16:20 PM
99,Fast-tracked support to JRP priortized response,CBPF-BGD-26-R-INGO-NSFT-39301,,,2026,1,HANDICAP INTERNATIONAL FEDERATION,2,"Comprehensive and Integrated Rehabilitation for the Most Vulnerable, Including Persons with Disabilities, in Rohingya Camps",4/1/2026 12:00:00 AM,9/30/2026 12:00:00 AM,6 Months,296667.3,277259.2,0,3/10/2026 11:28:54 AM,2444##2774##859##528,"4- Likely to contribute to gender equality, including across age groups",Implementation,15239,PRJ_UND_FINAL_RPT,39345924.6180,4/1/2026 12:21:14 AM
99,Fast-tracked support to JRP priortized response,CBPF-BGD-26-R-INGO-NSFT-39303,,,2026,1,CARE BANGLADESH,2,"Supporting Rohingya Refugees through Life-Saving Shelter Assistance, WASH Services, and High-Risk Landslide and Monsoon Response Activities",4/1/2026 12:00:00 AM,9/30/2026 12:00:00 AM,6 Months,995000,929906.6,0,3/10/2026 12:44:14 PM,17580##19554##20147##19335,"4- Likely to contribute to gender equality, including across age groups",Implementation,15239,PRJ_UND_FINAL_RPT,39329294.8950,3/24/2026 2:28:28 PM
99,Fast-tracked support to JRP priortized response,CBPF-BGD-26-R-INGO-NSFT-39305,,,2026,1,Save the Children Fund,2,Delivering Life-Saving Child Protection and Health Services for Rohingya Refugees in Cox’s Bazar,4/1/2026 12:00:00 AM,9/30/2026 12:00:00 AM,6 Months,2172289,2030177,0,3/10/2026 4:51:52 PM,12290##13400##14236##14887,"4- Likely to contribute to gender equality, including across age groups",Implementation,15239,PRJ_UND_FINAL_RPT,39319317.0612,4/2/2026 6:25:31 PM
99,Fast-tracked support to JRP priortized response,CBPF-BGD-26-R-INGO-NSFT-39307,,,2026,1,Concern Worldwide,2,Integrated acute malnutrition management and preventive nutrition services for children under five years and pregnant &amp; breastfeeding women in the Rohingya response at Cox's Bazar,4/1/2026 12:00:00 AM,9/30/2026 12:00:00 AM,6 Months,600000,560747.7,0,3/10/2026 11:03:16 AM,0##13360##17610##16920,"4- Likely to contribute to gender equality, including across age groups",Implementation,15239,PRJ_UND_FINAL_RPT,39339272.7288,3/27/2026 8:14:47 PM
99,Fast-tracked support to JRP priortized response,CBPF-BGD-26-R-INGO-NSFT-39313,,,2026,1,Norwegian Refugee Council,2,Strengthening Safe and Reliable WASH Service Delivery in Rohingya Camps,4/1/2026 12:00:00 AM,9/30/2026 12:00:00 AM,6 Months,600000,560747.7,0,3/10/2026 12:04:54 PM,12519##14092##14334##13749,"4- Likely to contribute to gender equality, including across age groups",Implementation,15239,PRJ_UND_FINAL_RPT,39315991.1166,3/24/2026 2:28:06 PM
99,Fast-tracked support to JRP priortized response,CBPF-BGD-26-R-INGO-NSFT-39315,,,2026,1,Islamic Relief,2,"Life-Saving Shelter, LPG &amp; WASH Support for Rohingya Refugees in Ukhiya and Bhasan Char Camp, Bangladesh",4/1/2026 12:00:00 AM,9/30/2026 12:00:00 AM,6 Months,1650000,1542056,0,3/10/2026 4:16:22 PM,34827##39953##41638##41044,"4- Likely to contribute to gender equality, including across age groups",Implementation,15239,PRJ_UND_FINAL_RPT,39325968.9504,4/1/2026 1:03:29 AM
99,Fast-tracked support to JRP priortized response,CBPF-BGD-26-R-INGO-NSFT-39328,,,2026,1,DANISH REFUGEE COUNCIL (DRC),2,"Provision of Emergency Shelter, Disaster Risk Response Support, and Protection Services for Rohingya Refugees in Cox’s Bazar.",4/1/2026 12:00:00 AM,9/30/2026 12:00:00 AM,6 Months,627019,585999.1,0,3/10/2026 6:13:21 PM,36890##41997##42048##40226,"4- Likely to contribute to gender equality, including across age groups",Implementation,15239,PRJ_UND_FINAL_RPT,39342598.6734,4/2/2026 6:28:35 PM
99,[RA3-2026 US] Protecting Critical Lifesaving Services and Scaling Assistance for Rohingya Refugees,CBPF-BGD-26-R-INGO-NSFT-41420,,,2026,1,DANISH REFUGEE COUNCIL (DRC),2,"Strengthening Shelter, Site Development, Disaster Preparedness and Protection for Rohingya Refugees in Cox’s Bazar",10/1/2026 12:00:00 AM,9/30/2027 12:00:00 AM,12 Months,2053300,1918972,0,9/25/2026 5:21:40 PM,29857##44009##31248##34539,"4- Likely to contribute to gender equality, including across age groups",Implementation,15206,PRJ_IMPL_RPT,39342598.6734,9/30/2026 5:39:49 PM
99,[RA3-2026 US] Protecting Critical Lifesaving Services and Scaling Assistance for Rohingya Refugees,CBPF-BGD-26-R-INGO-NSFT-41588,,,2026,1,HEKS,2,"Lifesaving Shelter Assistance for Vulnerable Rohingya Households in Cox`s Bazar, Bangladesh",10/15/2026 12:00:00 AM,4/14/2027 12:00:00 AM,6 Months,950377.9,888203.6,0,9/17/2026 12:22:47 PM,11704##13916##4705##4609,"4- Likely to contribute to gender equality, including across age groups",Disbursement,15205,PRJ_DISBURSEMENT,39761667.6930,10/6/2026 6:13:58 PM
99,[RA3-2026 US] Protecting Critical Lifesaving Services and Scaling Assistance for Rohingya Refugees,CBPF-BGD-26-R-INGO-NSFT-41590,,,2026,1,International Rescue Committee,2,Responsive Emergency Assistance for Communities in Humanitarian Crisis (REACH),10/3/2026 12:00:00 AM,9/30/2027 12:00:00 AM,11 Months 28 Days,2280000,2130841,0,9/17/2026 4:59:20 PM,20431##31422##16917##23057,"4- Likely to contribute to gender equality, including across age groups",Implementation,15206,PRJ_IMPL_RPT,39322643.0058,10/1/2026 4:59:01 PM
99,[RA3-2026 US] Protecting Critical Lifesaving Services and Scaling Assistance for Rohingya Refugees,CBPF-BGD-26-R-INGO-NSFT-41592,,,2026,1,Islamic Relief,2,"Life‑Saving Shelter, LPG, and WASH Support for Rohingya Refugees in Ukhiya and Bhasan Char Camp, Bangladesh (Tranche 2)",10/1/2026 12:00:00 AM,5/31/2027 12:00:00 AM,8 Months,2500000,2336449,0,9/17/2026 5:29:20 PM,29466##35520##37969##37326,"4- Likely to contribute to gender equality, including across age groups",Implementation,15206,PRJ_IMPL_RPT,39325968.9504,9/30/2026 5:41:30 PM
99,[RA3-2026 US] Protecting Critical Lifesaving Services and Scaling Assistance for Rohingya Refugees,CBPF-BGD-26-R-INGO-NSFT-41597,,,2026,1,Qatar Charity,2,Enhancing Safe and Dignified Living Conditions through Emergency Shelter and NFI Assistance for Vulnerable Rohingya Refugees in Cox’s Bazar,10/15/2026 12:00:00 AM,4/14/2027 12:00:00 AM,6 Months,296678.9,277270,0,9/17/2026 4:46:21 PM,497##588##618##600,"4- Likely to contribute to gender equality, including across age groups",Disbursement,15205,PRJ_DISBURSEMENT,39755015.8038,9/28/2026 8:51:09 PM
99,[RA3-2026 US] Protecting Critical Lifesaving Services and Scaling Assistance for Rohingya Refugees,CBPF-BGD-26-R-INGO-NSFT-41604,,,2026,1,ACTED,2,Saving Lives Through Sustaining Critical Services and Reducing Emergency Risks in Rohingya Refugee Settlements,11/1/2026 12:00:00 AM,8/31/2027 12:00:00 AM,10 Months,1390297,1299343,0,9/17/2026 4:32:24 PM,5552##2380##0##0,"4- Likely to contribute to gender equality, including across age groups",Disbursement,15205,PRJ_DISBURSEMENT,39335946.7842,10/6/2026 6:16:24 PM
99,[RA3-2026 US] Protecting Critical Lifesaving Services and Scaling Assistance for Rohingya Refugees,CBPF-BGD-26-R-INGO-NSFT-41611,,,2026,1,HANDICAP INTERNATIONAL FEDERATION,2,"Integrated Rehabilitation and Protection Services for the Most Vulnerable, Including Persons with Disabilities, in Rohingya Camps",10/1/2026 12:00:00 AM,6/30/2027 12:00:00 AM,9 Months,324829.3,303578.8,0,9/17/2026 1:51:42 PM,1711##2875##898##1186,"4- Likely to contribute to gender equality, including across age groups",Implementation,15206,PRJ_IMPL_RPT,39345924.6180,10/5/2026 10:31:17 PM
99,[RA3-2026 US] Protecting Critical Lifesaving Services and Scaling Assistance for Rohingya Refugees,CBPF-BGD-26-R-INGO-NSFT-41637,,,2026,1,CARE BANGLADESH,2,Locally led Humanitarian Assistance to prioritised multi-sectoral Needs of Distressed Rohingya community,10/1/2026 12:00:00 AM,3/31/2027 12:00:00 AM,6 Months,1610000,1504673,0,9/17/2026 11:48:48 AM,17707##17901##18778##17952,"4- Likely to contribute to gender equality, including across age groups",Disbursement,15205,PRJ_DISBURSEMENT,39329294.8950,9/30/2026 5:45:42 PM
99,[RA3-2026 US] Protecting Critical Lifesaving Services and Scaling Assistance for Rohingya Refugees,CBPF-BGD-26-R-INGO-NSFT-41638,,,2026,1,Norwegian Refugee Council,2,"Strengthening resilience among Rohingya Refugees in Cox’s Bazar through Integrated, Life-Saving Protection, WASH, and Shelter Assistance and Local Capacity Strengthening ",10/1/2026 12:00:00 AM,3/31/2027 12:00:00 AM,6 Months,1150000,1074767,0,9/17/2026 6:25:21 PM,29526##37017##27465##26534,"4- Likely to contribute to gender equality, including across age groups",Disbursement,15205,PRJ_DISBURSEMENT,39315991.1166,9/30/2026 5:35:45 PM
99,[RA3-2026 US] Protecting Critical Lifesaving Services and Scaling Assistance for Rohingya Refugees,CBPF-BGD-26-R-INGO-NSFT-41648,,,2026,1,Concern Worldwide,2,Integrated life-saving nutrition services for children under five and pregnant and breastfeeding women in the Rohingya Refugee Camps,1/1/2027 12:00:00 AM,6/30/2027 12:00:00 AM,6 Months,750000,700934.6,0,9/17/2026 1:14:49 PM,0##16451##22882##23815,"4- Likely to contribute to gender equality, including across age groups",Disbursement,15205,PRJ_DISBURSEMENT,39339272.7288,10/6/2026 6:07:45 PM
99,[RA3-2026 US] Protecting Critical Lifesaving Services and Scaling Assistance for Rohingya Refugees,CBPF-BGD-26-R-INGO-NSFT-41668,,,2026,1,Terre des Hommes Foundation,2,"Ensuring continued access to immediate lifesaving integrated primary health, WASH and protection services for the Rohingya refugees in Camps 26 and 27, Nhila Union, Teknaf   ",10/1/2026 12:00:00 AM,9/30/2027 12:00:00 AM,12 Months,1298948,1213970,0,9/17/2026 11:40:37 AM,14472##19360##18292##18494,"4- Likely to contribute to gender equality, including across age groups",Implementation,15206,PRJ_IMPL_RPT,39352576.5072,9/30/2026 5:44:24 PM
99,[RA3-2026 US] Protecting Critical Lifesaving Services and Scaling Assistance for Rohingya Refugees,CBPF-BGD-26-R-INGO-NSFT-41679,,,2026,1,Save the Children Fund,2,"Sustaining Life-Saving Child Protection, Health and WASH Services for Rohingya Refugees in Cox's Bazar",10/3/2026 12:00:00 AM,9/30/2027 12:00:00 AM,11 Months 28 Days,2196000,2052336,0,9/17/2026 4:56:47 PM,20665##25079##27383##27246,"4- Likely to contribute to gender equality, including across age groups",Implementation,15206,PRJ_IMPL_RPT,39319317.0612,10/1/2026 5:12:53 PM
99,APHF-Bangladesh Anticipatory Action Allocation for Cyclone Response (2026),CBPF-BGD-26-R-NGO-39694,,,2026,1,SKS Foundation (SKS),1,"Rapid Anticipatory Assistance for Most Vulnerable Host Communities   in Pekua Upazila, Cox’s Bazar District",5/15/2026 12:00:00 AM,5/14/2027 12:00:00 AM,12 Months,99999.9,95238,0,5/6/2026 4:26:12 AM,2500##6800##3140##4002,"4- Likely to contribute to gender equality, including across age groups",Implementation,15206,PRJ_IMPL_RPT,39006678.2688,5/26/2026 2:00:34 PM
99,[RA3-2026 US] Protecting Critical Lifesaving Services and Scaling Assistance for Rohingya Refugees,CBPF-BGD-26-R-NGO-NSFT-41640,,,2026,1,Friendship,1,Sustaining Lifesaving Primary Healthcare and CEmONC for Rohingya Refugees through Five PHCs and Friendship Hospital Ukhiya in Cox's Bazar,10/1/2026 12:00:00 AM,9/30/2027 12:00:00 AM,12 Months,1890000,1766355,0,9/17/2026 5:27:25 PM,36190##52911##45470##44846,"3- Likely to contribute to gender equality, but without attention to age groups",Disbursement,15205,PRJ_DISBURSEMENT,39791601.1944,10/1/2026 5:03:47 PM
99,[RA3-2026 US] Protecting Critical Lifesaving Services and Scaling Assistance for Rohingya Refugees,CBPF-BGD-26-R-NGO-NSFT-41659,,,2026,1,Dushtha Shasthya Kendra,1,"Bridging Critical WASH Gaps: Emergency Response and Service Continuity in Rohingya Refugee Camps 16, 22, 24 and 26",10/4/2026 12:00:00 AM,3/31/2027 12:00:00 AM,5 Months 28 Days,499995.3,467285.3,0,9/17/2026 3:23:42 PM,7748##9401##9310##9034,"4- Likely to contribute to gender equality, including across age groups",Disbursement,15205,PRJ_DISBURSEMENT,40513331.1726,9/30/2026 3:04:45 PM
99,[RA3-2026 US] Protecting Critical Lifesaving Services and Scaling Assistance for Rohingya Refugees,CBPF-BGD-26-R-NGO-NSFT-41671,,,2026,1,BRAC,1,Multi-sectoral life-saving services for the Rohingya Refugees in Cox's Bazar and Bhasan Char,10/3/2026 12:00:00 AM,9/30/2027 12:00:00 AM,11 Months 28 Days,1750000,1635514,0,9/17/2026 3:02:30 PM,241657##277823##286921##276509,"4- Likely to contribute to gender equality, including across age groups",Disbursement,15205,PRJ_DISBURSEMENT,39781623.3606,9/30/2026 5:34:20 PM
99,[RA3-2026 US] Protecting Critical Lifesaving Services and Scaling Assistance for Rohingya Refugees,CBPF-BGD-26-R-NGO-NSFT-41680,,,2026,1,Mukti Coxs Bazar,1,Locally-Led GBV Response and Prevention: Enhancing Access to Life-Saving GBV Services and Risk Mitigation through Women and Girls Safe Spaces in Cox's Bazar and BhasanChar.,1/1/2027 12:00:00 AM,9/30/2027 12:00:00 AM,9 Months,549999.6,514018.3,0,9/17/2026 1:27:35 PM,165##14654##165##12516,"4- Likely to contribute to gender equality, including across age groups",Disbursement,15205,PRJ_DISBURSEMENT,39725082.3024,9/30/2026 5:43:00 PM
99,[RA3-2026 US] Protecting Critical Lifesaving Services and Scaling Assistance for Rohingya Refugees,CBPF-BGD-26-R-O-NSFT-41609,,,2026,1,Bangladesh Red Crescent Society,4,"Strengthening Resilience and Emergency Response Readiness Initiative in Bhasan Char through Integrated Shelter, NFI, and WASH Interventions",11/1/2026 12:00:00 AM,4/30/2027 12:00:00 AM,6 Months,307796.3,287660,0,9/17/2026 3:23:21 PM,3754##4283##5077##5001,"4- Likely to contribute to gender equality, including across age groups",Disbursement,15205,PRJ_DISBURSEMENT,39788275.2498,9/30/2026 5:37:37 PM
99,Fast-tracked support to JRP priortized response,CBPF-BGD-26-R-UN-NSFT-39298,,,2026,1,United Nations High Commissioner for Refugees,3,Protection and Assistance for Rohingya Refugees in Cox’s Bazar and on Bhasan Char,4/1/2026 12:00:00 AM,9/30/2026 12:00:00 AM,6 Months,1.867484E+07,1.753506E+07,0,3/10/2026 4:17:38 PM,153126##177627##176860##170144,"4- Likely to contribute to gender equality, including across age groups",Implementation,15239,PRJ_UND_FINAL_RPT,39246146.2800,4/1/2026 12:17:22 AM
99,Fast-tracked support to JRP priortized response,CBPF-BGD-26-R-UN-NSFT-39309,,,2026,1,United Nations Children's Fund,3,"Provision of multi-sectoral, life-saving WASH and Nutrition assistance for vulnerable Rohingya refugees in Bangladesh.",4/1/2026 12:00:00 AM,9/30/2026 12:00:00 AM,6 Months,8525000,7967290,0,3/10/2026 2:18:32 PM,121500##144111##151978##140937,"4- Likely to contribute to gender equality, including across age groups",Implementation,15239,PRJ_UND_FINAL_RPT,39242820.3354,3/25/2026 3:57:43 PM
99,Fast-tracked support to JRP priortized response,CBPF-BGD-26-R-UN-NSFT-39314,,,2026,1,International Organization for Migration,3,Life-Saving Assistance for Rohingya Refugees in Cox’s Bazar,4/1/2026 12:00:00 AM,9/30/2026 12:00:00 AM,6 Months,1.256571E+07,1.174366E+07,0,3/10/2026 10:22:41 AM,160121##186082##185324##180001,"4- Likely to contribute to gender equality, including across age groups",Implementation,15239,PRJ_UND_FINAL_RPT,39249472.2246,4/3/2026 8:31:21 PM
99,Fast-tracked support to JRP priortized response,CBPF-BGD-26-R-UN-NSFT-39317,,,2026,1,World Food Programme,3,Emergency Food and Nutrition Assistance for the Rohingya Refugees in Bangladesh,4/1/2026 12:00:00 AM,9/30/2026 12:00:00 AM,6 Months,9.6E+07,8.971962E+07,0,3/10/2026 5:44:29 AM,273970##277314##370147##328769,"4- Likely to contribute to gender equality, including across age groups",Implementation,15239,PRJ_UND_FINAL_RPT,39239494.3908,3/24/2026 12:22:16 AM
99,Fast-tracked support to JRP priortized response,CBPF-BGD-26-R-UN-NSFT-39321,,,2026,1,Food and Agriculture Organization of the United Nations,3,Preventing loss of life and shelter destruction through nature-based slope stabilization in Cox’s Bazar Rohingya camps,4/1/2026 12:00:00 AM,9/30/2026 12:00:00 AM,6 Months,584369,546139.3,0,3/10/2026 11:42:58 AM,560##240##0##0,"4- Likely to contribute to gender equality, including across age groups",Implementation,15239,PRJ_UND_FINAL_RPT,39252798.1692,4/1/2026 12:16:40 AM
505,Rapid response and early recovery for Typhoon Maila-affected communities in Solomon Islands,CBPF-SLB-26-R-INGO-39776,,,2026,1,Plan International Solomon Islands Trust Board Incorporated,2,Rapid response and Early recovery response -  Typhoon Maila-affected communities -  Solomon Islands,6/1/2026 12:00:00 AM,10/31/2026 12:00:00 AM,5 Months,100000,93457.94,0,5/25/2026 1:04:27 PM,336##336##264##264,"4- Likely to contribute to gender equality, including across age groups",Reporting,16623,PRJ_UND_FINAL_RPT,1011674226.5000,6/15/2026 2:06:55 PM
508,Lifesaving response to intersectoral humanitarian needs in Guatemala,CBPF-GTM-26-R-INGO-NSFT-39621,,,2026,1,"Cooperative for Assistance and Relief Everywhere, Inc.",2,"Respuesta humanitaria multisectorial para atender la Seguridad Alimentaria, Nutrición, Salud, WASH y Protección ante choques naturales e inundaciones para salvar vidas en Guatemala. ",6/1/2026 12:00:00 AM,11/30/2026 12:00:00 AM,6 Months,5900000,5514019,0,4/26/2026 6:29:30 PM,5844##26118##50074##57529,"4- Likely to contribute to gender equality, including across age groups",Implementation,17290,PRJ_IMPL_RPT,1045710434.8640,5/21/2026 2:19:36 PM
508,Lifesaving response to intersectoral humanitarian needs in Guatemala,CBPF-GTM-26-R-INGO-NSFT-39622,,,2026,1,Fundacion Vision Mundial Guatemala,2,Integrated Humanitarian Assistance for Vulnerable Communities in Guatemala,6/1/2026 12:00:00 AM,11/30/2026 12:00:00 AM,6 Months,4000000,3738318,0,4/25/2026 12:10:18 AM,9872##16548##19068##20923,"4- Likely to contribute to gender equality, including across age groups",Implementation,17290,PRJ_IMPL_RPT,1045360142.4480,5/22/2026 3:36:38 PM
508,Lifesaving response to intersectoral humanitarian needs in Guatemala,CBPF-GTM-26-R-INGO-NSFT-39623,,,2026,1,Catholic Relief Services - United States Conference of Catholic Bishops,2,Seguridad Alimentaria y Valoración del Agua (SALVA),6/1/2026 12:00:00 AM,11/30/2026 12:00:00 AM,6 Months,2562742,2395086,0,4/26/2026 7:51:33 PM,3294##3423##2592##2691,"4- Likely to contribute to gender equality, including across age groups",Implementation,17290,PRJ_IMPL_RPT,1045184996.2400,5/27/2026 4:05:03 PM
508,Lifesaving response to intersectoral humanitarian needs in Guatemala,CBPF-GTM-26-R-INGO-NSFT-39625,,,2026,1,"Save the Children Federation, Inc",2,"Intervención Integral de Emergencia en WASH, Seguridad Alimentaria y Protección - INTEGRA",6/1/2026 12:00:00 AM,11/30/2026 12:00:00 AM,6 Months,4425000,4135514,0,4/24/2026 10:06:54 PM,10805##12915##7125##7275,0- Does not systematically link programming actions,Implementation,17290,PRJ_IMPL_RPT,1048425201.0880,6/3/2026 10:15:40 PM
508,Lifesaving response to intersectoral humanitarian needs in Guatemala,CBPF-GTM-26-R-INGO-NSFT-39626,,,2026,1,Fundacion Accion Contra El Hambre,2,Respuesta humanitaria multisectorial para salvar vidas frente a impactos del choque climático en cuatro municipios de Huehuetenango y Chiquimula.,6/1/2026 12:00:00 AM,11/30/2026 12:00:00 AM,6 Months,3550000,3317757,0,4/24/2026 2:08:00 PM,4368##7086##7426##7549,"4- Likely to contribute to gender equality, including across age groups",Implementation,17290,PRJ_IMPL_RPT,1045447715.5520,5/21/2026 4:48:31 PM
508,Lifesaving response to intersectoral humanitarian needs in Guatemala,CBPF-GTM-26-R-UN-NSFT-39619,,,2026,1,International Organization for Migration,3,Asistencia humanitaria multisectorial para personas retornadas vulnerables en Guatemala,6/1/2026 12:00:00 AM,11/30/2026 12:00:00 AM,6 Months,3500000,3271028,0,4/26/2026 10:41:07 PM,20995##2717##494##494,"4- Likely to contribute to gender equality, including across age groups",Implementation,17290,PRJ_IMPL_RPT,1037916428.6080,5/22/2026 3:38:47 PM
508,Lifesaving response to intersectoral humanitarian needs in Guatemala,CBPF-GTM-26-R-UN-NSFT-39620,,,2026,1,United Nations Children's Fund,3,"Respuesta humanitaria intersectorial para salvar vidas ante emergencias de origen climático, como la desnutrición aguda, y las necesidades de protección de NNA y sus familias retornadas a Guatemala",6/1/2026 12:00:00 AM,11/30/2026 12:00:00 AM,6 Months,5725000,5350468,0,4/24/2026 1:05:34 AM,15299##14525##15633##16672,"4- Likely to contribute to gender equality, including across age groups",Implementation,17290,PRJ_IMPL_RPT,1037653709.2960,5/27/2026 4:08:53 PM
508,Lifesaving response to intersectoral humanitarian needs in Guatemala,CBPF-GTM-26-R-UN-NSFT-39630,,,2026,1,United Nations High Commissioner for Refugees,3,Salvando Vidas en Contextos de Movilidad Humana en Guatemala: Respuesta de protección y acceso a servicios esenciales para personas desplazadas.,6/1/2026 12:00:00 AM,11/30/2026 12:00:00 AM,6 Months,1400000,1314554,0,4/24/2026 9:54:27 PM,3671##6361##0##0,"4- Likely to contribute to gender equality, including across age groups",Implementation,17290,PRJ_IMPL_RPT,1038441867.2320,5/28/2026 2:51:20 PM
508,Lifesaving response to intersectoral humanitarian needs in Guatemala,CBPF-GTM-26-R-UN-NSFT-39632,,,2026,1,Pan American Health Organization,3,"Respuesta humanitaria en salud para salvar vidas de poblaciones afectadas por sequía, pérdida de cultivos y riesgo de brotes en territorios con necesidades humanitarias de Guatemala",6/1/2026 12:00:00 AM,11/30/2026 12:00:00 AM,6 Months,2225000,2079439,0,4/26/2026 2:11:04 AM,34553##49910##28271##26875,"4- Likely to contribute to gender equality, including across age groups",Implementation,17290,PRJ_IMPL_RPT,1038354294.1280,5/27/2026 3:58:37 PM
508,Lifesaving response to intersectoral humanitarian needs in Guatemala,CBPF-GTM-26-R-UN-NSFT-39638,,,2026,1,World Food Programme,3,"Respuesta humanitaria para atender necesidades intersectoriales en los departamentos de Quiché, Alta Verapaz y Chiquimula, en Guatemala.",6/1/2026 12:00:00 AM,11/30/2026 12:00:00 AM,6 Months,2.5E+07,2.347418E+07,0,4/26/2026 1:17:34 AM,51644##65115##53888##53888,"4- Likely to contribute to gender equality, including across age groups",Implementation,17290,PRJ_IMPL_RPT,1037741282.4000,5/28/2026 2:36:33 PM
509,Life Saving multisectoral response to address climate and displacement impacts,CBPF-SLV-26-R-INGO-NSFT-39614,,,2026,1,Plan Internacional Inc.,2,Life Saving Humanitarian Assistance for Children and Families in El Salvador,6/1/2026 12:00:00 AM,11/30/2026 12:00:00 AM,6 Months,5000000,4672897,0,4/24/2026 6:12:52 AM,15903##20324##7024##8034,"4- Likely to contribute to gender equality, including across age groups",Implementation,17636,PRJ_IMPL_RPT,1048340814.0480,5/21/2026 2:44:24 AM
509,Life Saving multisectoral response to address climate and displacement impacts,CBPF-SLV-26-R-UN-NSFT-39613,,,2026,1,International Organization for Migration,3,"Provision of Life-Saving Shelter, CCCM, and Cash Assistance to Disaster-Affected IDPs and Vulnerable Returnees in ten municipalities of El Salvador.",6/1/2026 12:00:00 AM,11/30/2026 12:00:00 AM,6 Months,3000000,2803738,0,4/23/2026 5:23:53 PM,13951##15086##3774##4905,"4- Likely to contribute to gender equality, including across age groups",Implementation,17636,PRJ_IMPL_RPT,1049923347.9840,5/21/2026 2:42:42 AM
509,Life Saving multisectoral response to address climate and displacement impacts,CBPF-SLV-26-R-UN-NSFT-39615,,,2026,1,Pan American Health Organization,3,Ensuring access to and availability of lifesaving health services through strengthened operational capacity and operating conditions of health facilities in El Salvador,6/1/2026 12:00:00 AM,11/30/2026 12:00:00 AM,6 Months,2700000,2523365,0,4/24/2026 11:09:51 AM,27554##34638##12007##11413,"3- Likely to contribute to gender equality, but without attention to age groups",Implementation,17636,PRJ_IMPL_RPT,1042362352.5120,5/21/2026 1:18:18 PM
509,Life Saving multisectoral response to address climate and displacement impacts,CBPF-SLV-26-R-UN-NSFT-39624,,,2026,1,United Nations High Commissioner for Refugees,3,Protección y asistencia esencial para personas en situación de desplazamiento y alto riesgo en El Salvador,6/1/2026 12:00:00 AM,11/30/2026 12:00:00 AM,6 Months,2000000,1877934,0,4/24/2026 12:36:50 PM,9003##17710##2204##1758,"4- Likely to contribute to gender equality, including across age groups",Implementation,17636,PRJ_IMPL_RPT,1042274433.9600,5/21/2026 7:25:02 PM
509,Life Saving multisectoral response to address climate and displacement impacts,CBPF-SLV-26-R-UN-NSFT-39628,,,2026,1,The United Nations World Food Programme,3,Providing Timely Assistance to Vulnerable Communities in El Salvador,6/1/2026 12:00:00 AM,11/30/2026 12:00:00 AM,6 Months,8500000,7981221,0,4/23/2026 9:19:17 PM,20403##25102##9676##9233,"4- Likely to contribute to gender equality, including across age groups",Implementation,17636,PRJ_IMPL_RPT,1049132081.0160,5/21/2026 2:45:49 AM
509,Life Saving multisectoral response to address climate and displacement impacts,CBPF-SLV-26-R-UN-NSFT-39649,,,2026,1,United Nations Children's Fund,3,Respuesta Humanitaria Multisectorial para la Niñez Salvadoreña y sus Familias en Contextos de Eventos Climáticos y Movilidad Humana.,6/1/2026 12:00:00 AM,11/30/2026 12:00:00 AM,6 Months,3000000,2803738,0,4/24/2026 5:17:18 AM,5001##10688##9228##9643,"4- Likely to contribute to gender equality, including across age groups",Implementation,17636,PRJ_IMPL_RPT,1042186515.4080,5/21/2026 1:16:44 PM
510,Lifesaving response to intersectoral humanitarian needs in Honduras,CBPF-HND-26-R-INGO-NSFT-39634,,,2026,1,Asociacion GOAL International,2,"Respuesta Humanitaria Multisectorial Inclusiva para Poblaciones Vulnerables, con énfasis Personas con Discapacidad",6/1/2026 12:00:00 AM,11/30/2026 12:00:00 AM,6 Months,4000000,3738318,0,4/28/2026 9:13:55 PM,40172##50216##28237##26927,"4- Likely to contribute to gender equality, including across age groups",Implementation,17982,PRJ_IMPL_RPT,1053874189.8000,5/28/2026 12:20:16 AM
510,Lifesaving response to intersectoral humanitarian needs in Honduras,CBPF-HND-26-R-INGO-NSFT-39637,,,2026,1,"Cooperative for Assistance and Relief Everywhere, Inc.",2,"“Respuesta de Emergencia para Necesidades de Agua, Protección y Asistencia Comunitaria Esencial – RENACE”",6/1/2026 12:00:00 AM,11/30/2026 12:00:00 AM,6 Months,4485000,4191589,0,4/26/2026 10:43:46 PM,48732##51848##47046##40465,"4- Likely to contribute to gender equality, including across age groups",Implementation,17982,PRJ_IMPL_RPT,1052108906.4000,5/27/2026 4:38:32 PM
510,Lifesaving response to intersectoral humanitarian needs in Honduras,CBPF-HND-26-R-UN-NSFT-39631,,,2026,1,World Food Programme,3,Life-Saving Food Assistance and Emergency Response for Vulnerable Populations in Honduras,6/1/2026 12:00:00 AM,11/30/2026 12:00:00 AM,6 Months,2.2E+07,2.065728E+07,0,4/28/2026 10:42:21 PM,49893##53732##42219##46056,"4- Likely to contribute to gender equality, including across age groups",Implementation,17982,PRJ_IMPL_RPT,1046018678.6700,5/26/2026 8:52:51 PM
510,Lifesaving response to intersectoral humanitarian needs in Honduras,CBPF-HND-26-R-UN-NSFT-39633,,,2026,1,Pan American Health Organization,3,"Acceso seguro a servicios de salud para poblaciones vulnerables en municipios afectados por desastres, eventos climáticos y violencia priorizados en el plan de Acción Humanitaria de Honduras 2026.",6/1/2026 12:00:00 AM,11/30/2026 12:00:00 AM,6 Months,2765000,2584112,0,4/28/2026 12:21:17 AM,34254##35650##20971##21755,"4- Likely to contribute to gender equality, including across age groups",Implementation,17982,PRJ_IMPL_RPT,1046989584.5400,5/28/2026 3:12:11 PM
510,Lifesaving response to intersectoral humanitarian needs in Honduras,CBPF-HND-26-R-UN-NSFT-39635,,,2026,1,United Nations High Commissioner for Refugees,3,Respuesta integral para salvar vidas y brindar protección en contextos de desplazamiento y violencia en Honduras,6/1/2026 12:00:00 AM,11/30/2026 12:00:00 AM,6 Months,4000000,3755869,0,4/28/2026 8:55:30 PM,5466##15438##9384##11359,"4- Likely to contribute to gender equality, including across age groups",Implementation,17982,PRJ_IMPL_RPT,1046901320.3700,5/28/2026 3:14:32 PM
510,Lifesaving response to intersectoral humanitarian needs in Honduras,CBPF-HND-26-R-UN-NSFT-39640,,,2026,1,United Nations Children's Fund,3,Acción Humanitaria Multisectorial para la niñez y comunidades afectadas por violencia y choques climáticos en Honduras,6/1/2026 12:00:00 AM,11/30/2026 12:00:00 AM,6 Months,1.58E+07,1.476636E+07,0,4/29/2026 1:40:35 AM,140150##140400##60400##60450,"4- Likely to contribute to gender equality, including across age groups",Implementation,17982,PRJ_IMPL_RPT,1053344604.7800,5/29/2026 8:02:36 PM
510,Lifesaving response to intersectoral humanitarian needs in Honduras,CBPF-HND-26-R-UN-NSFT-39646,,,2026,1,International Organization for Migration,3,Respuesta humanitaria multisectorial ante los impactos de múltiples choques en personas migrantes y desplazadas en Honduras,6/1/2026 12:00:00 AM,11/30/2026 12:00:00 AM,6 Months,4000000,3738318,0,4/28/2026 8:53:45 PM,8668##9289##6502##6502,"4- Likely to contribute to gender equality, including across age groups",Implementation,17982,PRJ_IMPL_RPT,1046724792.0300,5/22/2026 3:08:04 PM
510,Lifesaving response to intersectoral humanitarian needs in Honduras,CBPF-HND-26-R-UN-NSFT-39647,,,2026,1,Food and Agriculture Organization,3,"Respuesta inmediata para Salvar Vidas, mediante la producción alimentaria en emergencias, en cinco municipios del corredor seco de Honduras.",6/1/2026 12:00:00 AM,11/30/2026 12:00:00 AM,6 Months,2150000,2009346,0,4/27/2026 6:18:15 AM,1800##2600##7000##8600,1- Unlikely to contribute to gender equality (no gender equality measure and no age consideration),Implementation,17982,PRJ_IMPL_RPT,1046813056.2000,5/27/2026 11:25:52 PM
510,Lifesaving response to intersectoral humanitarian needs in Honduras,CBPF-HND-26-R-UN-NSFT-39648,,,2026,1,United Nations Office for Project Services,3,Cerrando brechas de salud en personas en situación de vulnerabilidad por necesidades humanitarias.,6/1/2026 12:00:00 AM,11/30/2026 12:00:00 AM,6 Months,4000000,3738318,0,4/27/2026 3:12:26 PM,76590##99210##19788##28951,"4- Likely to contribute to gender equality, including across age groups",Implementation,17982,PRJ_IMPL_RPT,1054845095.6700,5/27/2026 8:49:02 PM
511,Lifesaving drougt response and refugee service stabilization in Kenya's ASAL and camps,CBPF-KEN-26-R-INGO-NSFT-39399,,,2026,1,Action Against Hunger,2,Samburu Emergency Nutrition and WASH Response - ACF,4/10/2026 12:00:00 AM,10/9/2026 12:00:00 AM,6 Months,596338,557325.3,0,3/23/2026 9:09:40 AM,4694##9569##24487##28172,"4- Likely to contribute to gender equality, including across age groups",Implementation,18361,PRJ_UND_FINAL_RPT,1051717620.9540,4/13/2026 8:56:32 PM
511,Lifesaving drougt response and refugee service stabilization in Kenya's ASAL and camps,CBPF-KEN-26-R-INGO-NSFT-39404,,,2026,1,"International Rescue Committee, Inc.",2,Emergency integrated nutrition and primary health care for vulnerable refugees in Kakuma (Turkana) and Dadaab (Garissa) Refugee Camps,4/10/2026 12:00:00 AM,10/9/2026 12:00:00 AM,6 Months,1580211,1476833,0,3/20/2026 6:01:22 PM,67793##77330##45801##47469,"4- Likely to contribute to gender equality, including across age groups",Implementation,18361,PRJ_UND_FINAL_RPT,1051894841.8860,4/17/2026 6:32:43 PM
511,Lifesaving drougt response and refugee service stabilization in Kenya's ASAL and camps,CBPF-KEN-26-R-INGO-NSFT-39425,,,2026,1,German Agro Action,2,"WASH Response for Drought-Affected Communities in Tana River County, Kenya",4/10/2026 12:00:00 AM,10/9/2026 12:00:00 AM,6 Months,894014.9,835528,0,3/23/2026 10:27:08 AM,25700##25700##27800##27800,"4- Likely to contribute to gender equality, including across age groups",Implementation,18361,PRJ_UND_FINAL_RPT,1053844272.1380,4/16/2026 12:43:02 PM
511,Lifesaving drougt response and refugee service stabilization in Kenya's ASAL and camps,CBPF-KEN-26-R-INGO-NSFT-39438,,,2026,1,Concern Worldwide,2,Lifesaving Nutrition and WASH response for drought affected populations in Marsabit County,4/10/2026 12:00:00 AM,10/9/2026 12:00:00 AM,6 Months,1065519,995812.2,0,3/20/2026 11:13:38 AM,53356##89836##40583##46456,"4- Likely to contribute to gender equality, including across age groups",Implementation,18361,PRJ_UND_FINAL_RPT,1053667051.2060,4/12/2026 1:23:18 PM
511,Lifesaving drougt response and refugee service stabilization in Kenya's ASAL and camps,CBPF-KEN-26-R-INGO-NSFT-39445,,,2026,1,ACTED - Kenya,2,Provision of food assistance to vulnerable households experiencing acute food insecurity in Samburu and Tana River Counties,4/10/2026 12:00:00 AM,10/9/2026 12:00:00 AM,6 Months,3045608,2846363,0,3/23/2026 9:03:45 AM,18068##18806##18805##19573,"4- Likely to contribute to gender equality, including across age groups",Implementation,18361,PRJ_UND_FINAL_RPT,1054021493.0700,4/15/2026 5:53:03 PM
511,Lifesaving drougt response and refugee service stabilization in Kenya's ASAL and camps,CBPF-KEN-26-R-INGO-NSFT-39446,,,2026,1,World Vision Kenya,2,"Integrated life-saving nutrition, WASH, and Cash assistance for the drought-affected population in Wajir and Turkana Counties",4/10/2026 12:00:00 AM,10/9/2026 12:00:00 AM,6 Months,3876426,3622828,0,3/23/2026 10:24:12 AM,26879##34583##64470##64150,"4- Likely to contribute to gender equality, including across age groups",Implementation,18361,PRJ_UND_FINAL_RPT,1052072062.8180,4/13/2026 8:57:21 PM
511,Lifesaving drougt response and refugee service stabilization in Kenya's ASAL and camps,CBPF-KEN-26-R-INGO-NSFT-39464,,,2026,1,"Save the Children Federation, Inc",2,Emergency integrated Nutrition and WASH response in Turkana County.,4/10/2026 12:00:00 AM,10/9/2026 12:00:00 AM,6 Months,847772.9,792311.1,0,3/23/2026 8:30:51 AM,16535##20748##40022##42840,"4- Likely to contribute to gender equality, including across age groups",Implementation,18361,PRJ_UND_FINAL_RPT,1053932882.6040,4/17/2026 6:30:02 PM
511,Lifesaving drougt response and refugee service stabilization in Kenya's ASAL and camps,CBPF-KEN-26-R-UN-NSFT-39400,,,2026,1,World Food Programme,3,Life‑Saving Food Assistance and Essential Nutrition Support for Drought‑Affected  People in Arid Counties and Vulnerable Refugee in the Camps,3/26/2026 12:00:00 AM,9/25/2026 12:00:00 AM,6 Months,1.5E+07,1.401869E+07,0,3/20/2026 7:53:51 AM,100223##154728##136895##183371,"4- Likely to contribute to gender equality, including across age groups",Implementation,18361,PRJ_UND_FINAL_RPT,1051806231.4200,4/17/2026 6:33:35 PM
511,Lifesaving drougt response and refugee service stabilization in Kenya's ASAL and camps,CBPF-KEN-26-R-UN-NSFT-39431,,,2026,1,UNICEF,3,"​Accelerating lifesaving Nutrition, WASH and Protection (Child Protection, survivors of violence and disability) services for communities affected by drought in priority Arid Counties &amp; refugee  camps",4/10/2026 12:00:00 AM,10/9/2026 12:00:00 AM,6 Months,8731405,8160192,0,3/23/2026 11:34:27 AM,107915##115160##115179##118184,"4- Likely to contribute to gender equality, including across age groups",Implementation,18361,PRJ_UND_FINAL_RPT,1052160673.2840,4/17/2026 6:29:09 PM
511,Lifesaving drougt response and refugee service stabilization in Kenya's ASAL and camps,CBPF-KEN-26-R-UN-NSFT-39433,,,2026,1,The UN Refguee Agency,3,"Emergency WASH, Nutrition, primary healthcare, and Protection of services to vulnerable refugees in Kakuma, Dadaab and Kalobeyei Settlements",4/10/2026 12:00:00 AM,10/9/2026 12:00:00 AM,6 Months,1.024095E+07,9615912,0,3/23/2026 9:45:43 AM,143400##157740##200760##215100,"4- Likely to contribute to gender equality, including across age groups",Implementation,18361,PRJ_UND_FINAL_RPT,1051983452.3520,4/16/2026 12:41:59 PM
511,Lifesaving drougt response and refugee service stabilization in Kenya's ASAL and camps,CBPF-KEN-26-R-UN-NSFT-39489,,,2026,1,International Organization for Migration,3,"Supporting Access to Shelter, Non-Food Items and Emergency WASH for Vulnerable Communities (SAFE HAVEN)",4/10/2026 12:00:00 AM,10/9/2026 12:00:00 AM,6 Months,2602905,2432622,0,3/23/2026 10:58:10 AM,45131##52979##43168##54941,"4- Likely to contribute to gender equality, including across age groups",Implementation,18361,PRJ_UND_FINAL_RPT,1054464545.4000,4/15/2026 5:52:04 PM
512,Urgent life-saving humanitarian assistance for the most hyper-prioritized needs in Uganda,CBPF-UGA-26-R-INGO-NSFT-39395,,,2026,1,Medical Teams International,2,Comprehensive Health and Nutrition Life Saving Project.,4/14/2026 12:00:00 AM,10/13/2026 12:00:00 AM,6 Months,4800000,4485982,0,3/27/2026 7:47:16 AM,133825##237683##34462##57911,"4- Likely to contribute to gender equality, including across age groups",Implementation,18674,PRJ_IMPL_RPT,1057887965.1840,4/17/2026 4:15:41 PM
512,Urgent life-saving humanitarian assistance for the most hyper-prioritized needs in Uganda,CBPF-UGA-26-R-INGO-NSFT-39401,,,2026,1,"International Rescue Committee, Inc.",2,"Emergency Lifesaving Integrated Protection Assistance for New Arrivals and Vulnerable Refugees in Adjumani, Palorinya, Palabek and Kiryandongo Refugee Settlements",4/6/2026 12:00:00 AM,10/5/2026 12:00:00 AM,6 Months,2321400,2169533,0,3/27/2026 7:43:17 AM,17848##40358##12151##12146,"4- Likely to contribute to gender equality, including across age groups",Implementation,18707,PRJ_UND_FINAL_RPT,1056375680.0000,4/20/2026 6:44:58 PM
512,Urgent life-saving humanitarian assistance for the most hyper-prioritized needs in Uganda,CBPF-UGA-26-R-INGO-NSFT-39423,,,2026,1,Lutheran World Federation,2,"Safe Access to Emergency Sanitation and Hygiene Services in refugee-receiving settlements in Southwest, Midwest, West Nile and Northern Regions of Uganda",4/14/2026 12:00:00 AM,10/13/2026 12:00:00 AM,6 Months,1861800,1740000,0,3/26/2026 8:39:43 PM,21250##26563##29750##28687,"4- Likely to contribute to gender equality, including across age groups",Implementation,18674,PRJ_IMPL_RPT,1055664016.3840,4/21/2026 9:37:39 PM
512,Urgent life-saving humanitarian assistance for the most hyper-prioritized needs in Uganda,CBPF-UGA-26-R-INGO-NSFT-39452,,,2026,1,Danish Refugee Council,2,"Addressing Critical Needs in West Nile region, Uganda.",4/14/2026 12:00:00 AM,10/13/2026 12:00:00 AM,6 Months,1649650,1541729,0,3/27/2026 7:43:16 AM,2187##2475##2510##2473,"4- Likely to contribute to gender equality, including across age groups",Implementation,18674,PRJ_IMPL_RPT,1059400250.3680,4/20/2026 6:41:05 PM
512,Urgent life-saving humanitarian assistance for the most hyper-prioritized needs in Uganda,CBPF-UGA-26-R-INGO-NSFT-39465,,,2026,1,War Child Netherlands,2,LIFESPAN –Life-Saving Protection Assistance for refugees Needs in Uganda,4/14/2026 12:00:00 AM,10/13/2026 12:00:00 AM,6 Months,535000,500000,0,3/27/2026 7:57:28 AM,0##0##4200##4200,"4- Likely to contribute to gender equality, including across age groups",Reporting,18707,PRJ_UND_FINAL_RPT,1057710049.2800,4/21/2026 9:36:39 PM
512,Urgent life-saving humanitarian assistance for the most hyper-prioritized needs in Uganda,CBPF-UGA-26-R-INGO-NSFT-39491,,,2026,1,Norwegian Refugee Council,2,"Provision of urgent life-saving humanitarian assistance for the most hyper-prioritized needs in Kampala Urban, Midwest and Southwestern Uganda",4/14/2026 12:00:00 AM,10/13/2026 12:00:00 AM,6 Months,2699980,2523346,0,3/27/2026 7:54:57 AM,6981##13002##6214##9603,"4- Likely to contribute to gender equality, including across age groups",Implementation,18674,PRJ_IMPL_RPT,1055752974.3360,4/20/2026 4:36:37 PM
512,[RA2-2026] Urgent life-saving humanitarian assistance for the most hyper-prioritized Ebola related needs in Uganda,CBPF-UGA-26-R-INGO-NSFT-40255,,,2026,1,Medical Teams International,2,Integrated Life-Saving Ebola Response (ILSER) Project.,8/24/2026 12:00:00 AM,2/23/2027 12:00:00 AM,6 Months,1671641,1562281,0,7/21/2026 11:20:10 AM,246026##283313##79527##83805,"4- Likely to contribute to gender equality, including across age groups",Implementation,18674,PRJ_IMPL_RPT,1057887965.1840,8/31/2026 1:17:07 PM
512,[RA2-2026] Urgent life-saving humanitarian assistance for the most hyper-prioritized Ebola related needs in Uganda,CBPF-UGA-26-R-INGO-NSFT-40899,,,2026,1,Action Against Hunger (ACF-USA),2,"Strengthening Ebola Preparedness and Response at Very High-Risk Border Points and Communities in Kikuube, Kasese, and Isingiro Districts, Uganda",8/24/2026 12:00:00 AM,2/23/2027 12:00:00 AM,6 Months,1000000,934579.4,0,8/17/2026 8:19:21 AM,675005##757821##81480##111154,"4- Likely to contribute to gender equality, including across age groups",Implementation,18674,PRJ_IMPL_RPT,1074967891.9680,8/27/2026 8:19:05 PM
512,[RA2-2026] Urgent life-saving humanitarian assistance for the most hyper-prioritized Ebola related needs in Uganda,CBPF-UGA-26-R-O-NSFT-40920,,,2026,1,Uganda Red Cross Society,4,Strengthening Bundibugyo Ebola Virus Disease (BVD) Outbreak Preparedness and Response through WASH and IPC in Western Uganda,8/24/2026 12:00:00 AM,2/23/2027 12:00:00 AM,6 Months,499469.2,466793.6,0,8/17/2026 2:14:31 AM,23700##26400##24900##25000,"4- Likely to contribute to gender equality, including across age groups",Implementation,18674,PRJ_IMPL_RPT,1074878934.0160,9/2/2026 8:40:03 PM
512,Urgent life-saving humanitarian assistance for the most hyper-prioritized needs in Uganda,CBPF-UGA-26-R-UN-NSFT-39388,,,2026,1,World Food Programme,3,Food security response for refugees and malnutrition treatment for vulnerable populations with acute malnutrition in Karamoja,4/14/2026 12:00:00 AM,10/13/2026 12:00:00 AM,6 Months,2.8569E+07,2.67E+07,0,3/27/2026 9:47:53 AM,159597##201039##194027##225027,2- Unlikely to contribute to gender equality (no gender equality measure but includes age consideration),Implementation,18674,PRJ_IMPL_RPT,1056464637.9520,4/20/2026 4:37:56 PM
512,Urgent life-saving humanitarian assistance for the most hyper-prioritized needs in Uganda,CBPF-UGA-26-R-UN-NSFT-39455,,,2026,1,The UN Refugee Agency,3,"Protection and multi-sector assistance for new refugee arrivals and vulnerable caseloads at settlements, in transit/reception centres and Kampala",4/14/2026 12:00:00 AM,10/13/2026 12:00:00 AM,6 Months,2.524816E+07,2.370719E+07,0,3/28/2026 5:31:10 PM,390000##375000##345000##390000,"4- Likely to contribute to gender equality, including across age groups",Implementation,18674,PRJ_IMPL_RPT,1055575058.4320,4/21/2026 9:35:41 PM
512,Urgent life-saving humanitarian assistance for the most hyper-prioritized needs in Uganda,CBPF-UGA-26-R-UN-NSFT-39490,,,2026,1,United Nations Children's Fund,3,Lifesaving nutrition response for the severe acute malnourished children in  Karamoja and refugee communities,4/14/2026 12:00:00 AM,10/13/2026 12:00:00 AM,6 Months,5215003,4873835,0,3/27/2026 8:29:14 AM,0##0##73647##76653,"4- Likely to contribute to gender equality, including across age groups",Implementation,18674,PRJ_IMPL_RPT,1055486100.4800,4/16/2026 1:37:06 PM
